0,0,0,0.24797,0.57949,0.62743,0.4572
-6.5022e-06,3.1927e-06,2.6232e-05,0.24806,0.57945,0.6275,0.45712
9.5992e-06,5.4414e-06,9.3402e-06,0.24801,0.57936,0.62757,0.45716
9.7464e-06,6.7533e-06,1.5222e-05,0.24788,0.57923,0.62769,0.45722
3.8708e-05,1.9168e-05,1.1051e-05,0.24776,0.57912,0.62774,0.45737
2.1252e-05,1.8912e-05,3.1764e-05,0.24766,0.57897,0.62784,0.45746
-3.0694e-06,2.3099e-05,9.1117e-05,0.24766,0.57886,0.62799,0.4574
-7.3557e-05,4.7514e-05,0.00017196,0.24781,0.57884,0.62808,0.45721
-0.00011631,8.9333e-05,0.00027103,0.24802,0.57884,0.6281,0.45707
-0.00020943,0.00013778,0.0003719,0.24823,0.57892,0.62812,0.45684
-0.00024468,0.00014409,0.00045494,0.24835,0.57893,0.62815,0.45672
-0.0002658,0.00010531,0.00049213,0.24839,0.57889,0.6282,0.45668
-0.00029651,0.00010021,0.0005042,0.24839,0.57889,0.6282,0.45668
-0.00034486,8.3995e-05,0.00052351,0.24839,0.57889,0.6282,0.45668
-0.00038925,5.7026e-05,0.00050511,0.2484,0.57894,0.62815,0.45667
-0.00047589,6.392e-05,0.00047633,0.2484,0.57894,0.62815,0.45667
-0.00050375,7.8934e-05,0.00048549,0.24835,0.57901,0.62814,0.45662
-0.00057949,0.00013899,0.00052459,0.24842,0.5791,0.62816,0.45645
-0.00064535,0.00019014,0.00058831,0.24855,0.57911,0.62819,0.45632
-0.00072538,0.00020901,0.00066021,0.24866,0.57909,0.62827,0.45618
-0.00078556,0.00018645,0.00066814,0.24879,0.57906,0.62834,0.45606
-0.00079485,0.00019667,0.00071979,0.24874,0.57897,0.62841,0.4561
-0.00080419,0.00022981,0.00076497,0.2487,0.57892,0.62844,0.45614
-0.00086189,0.00025732,0.00081455,0.24857,0.57888,0.62848,0.4562
-0.00094419,0.00029342,0.00085678,0.24852,0.57883,0.62851,0.45624
-0.0009404,0.00033576,0.00084023,0.2485,0.57877,0.62854,0.45631
-0.00099687,0.00040567,0.00087973,0.24857,0.57871,0.62857,0.4563
-0.00098698,0.00046725,0.00091515,0.24874,0.57875,0.62854,0.4562
-0.0010958,0.0005404,0.00099329,0.24891,0.57879,0.6285,0.4561
-0.0011309,0.00059662,0.001045,0.24904,0.5788,0.62853,0.45597
-0.0012129,0.00062538,0.0011077,0.24904,0.57873,0.62864,0.45591
-0.0012749,0.00068005,0.0011523,0.24903,0.57864,0.62873,0.45591
-0.0013608,0.00073272,0.0012357,0.24903,0.5786,0.62877,0.45592
-0.0013952,0.00079382,0.0013051,0.24905,0.57857,0.62883,0.45585
-0.0014509,0.00082658,0.0013719,0.24905,0.57857,0.62883,0.45585
-0.0014792,0.0009167,0.0014111,0.24909,0.57853,0.62888,0.45581
-0.0015373,0.00096364,0.0014505,0.24914,0.57851,0.62896,0.4557
-0.001592,0.0010315,0.0014771,0.24918,0.57851,0.62897,0.45566
-0.0016462,0.0010904,0.0015336,0.2493,0.57854,0.62901,0.45552
-0.0016689,0.0011356,0.0015587,0.24943,0.5786,0.62899,0.45539
-0.0017347,0.0012071,0.001632,0.24954,0.57867,0.62899,0.45524
-0.0017901,0.001277,0.0016645,0.24958,0.57863,0.62904,0.4552
-0.0018462,0.0013498,0.0016968,0.24958,0.57863,0.62904,0.4552
-0.0018681,0.0014312,0.0016878,0.24954,0.57867,0.62899,0.45524
-0.0019082,0.0014764,0.0016816,0.24951,0.57875,0.6289,0.45528
-0.0019911,0.0015162,0.0016962,0.24959,0.57883,0.62881,0.45526
-0.0020456,0.0015257,0.0017292,0.24971,0.57895,0.62876,0.45511
-0.0020681,0.0015526,0.0017254,0.24975,0.57899,0.62873,0.45507
-0.0020808,0.0016023,0.0017121,0.24975,0.57899,0.62873,0.45507
-0.0021678,0.0015748,0.0017456,0.24975,0.57899,0.62873,0.45507
-0.002211,0.0015993,0.0017617,0.24975,0.57899,0.62873,0.45507
-0.0022595,0.001603,0.0017638,0.24975,0.57899,0.62873,0.45507
-0.0023493,0.0016244,0.0018256,0.2498,0.57909,0.62866,0.45502
-0.002368,0.001583,0.0018477,0.24987,0.57918,0.62857,0.45498
-0.0023839,0.0015821,0.0018703,0.24992,0.57923,0.62854,0.45494
-0.0024534,0.0016214,0.0018945,0.24993,0.57929,0.62853,0.45487
-0.0024929,0.0016453,0.0019249,0.24988,0.57937,0.62852,0.45482
-0.0025181,0.0016906,0.0019208,0.24995,0.57948,0.62847,0.45471
-0.0025837,0.001716,0.0019802,0.25008,0.57953,0.62845,0.45458
-0.0026087,0.0017683,0.0020038,0.25015,0.57956,0.62848,0.45448
-0.0026119,0.0017691,0.0020141,0.25019,0.57956,0.62849,0.45443
-0.0026551,0.0018207,0.0020407,0.25019,0.57947,0.62857,0.45444
-0.0026676,0.0018504,0.0020446,0.25019,0.57947,0.62857,0.45444
-0.0026615,0.0018537,0.0020449,0.25021,0.57946,0.62856,0.45446
-0.0026531,0.0018587,0.0020469,0.25024,0.57944,0.62854,0.45449
-0.0026512,0.0019209,0.0020524,0.2503,0.57941,0.62851,0.45454
-0.0026512,0.0019209,0.0020524,0.2503,0.57941,0.62851,0.45454
-0.0026637,0.0019478,0.0020452,0.2503,0.5795,0.62843,0.45453
-0.0027087,0.0019602,0.0021124,0.25038,0.57968,0.62827,0.45449
-0.0026905,0.0020395,0.00216,0.25055,0.57986,0.62811,0.45438
-0.0026965,0.0021053,0.0022492,0.25069,0.5799,0.62799,0.45442
-0.0026594,0.0021879,0.0022664,0.25077,0.57985,0.62802,0.4544
-0.0026134,0.0022635,0.0023017,0.25082,0.57975,0.6281,0.45439
-0.00253,0.002363,0.0023106,0.25087,0.57958,0.6282,0.45444
-0.0024434,0.0023874,0.002341,0.25087,0.57941,0.62828,0.45454
-0.0023731,0.0024254,0.0024043,0.25096,0.5793,0.62835,0.45455
-0.0022819,0.0024739,0.0024497,0.25114,0.57926,0.62832,0.45454
-0.0022003,0.0025705,0.0025665,0.25144,0.5793,0.6282,0.45448
-0.0021899,0.002667,0.0026887,0.25169,0.57937,0.62812,0.45436
-0.0020354,0.0028198,0.0027749,0.252,0.57946,0.62796,0.45429
-0.001991,0.0029533,0.0028637,0.25214,0.57946,0.62788,0.45432
-0.001852,0.0030858,0.0028951,0.25219,0.57943,0.62786,0.45437
-0.0017444,0.0031623,0.0028747,0.25212,0.57936,0.62787,0.45448
-0.0016204,0.0032993,0.0029271,0.25212,0.57922,0.62788,0.45464
-0.0015119,0.0034188,0.0029181,0.25218,0.5792,0.62777,0.45478
-0.0013587,0.0035596,0.0029486,0.25232,0.57925,0.62765,0.45482
-0.0011792,0.0037821,0.0030083,0.2525,0.57937,0.62743,0.45487
-0.001006,0.0040051,0.0030604,0.25259,0.57956,0.62718,0.45491
-0.00082685,0.0042298,0.0031141,0.25266,0.57954,0.62707,0.45505
-0.00060676,0.004526,0.0031704,0.25266,0.57954,0.62707,0.45505
-0.00034099,0.0048483,0.0032692,0.25271,0.57954,0.62697,0.45517
-8.9519e-06,0.0052033,0.0033703,0.25305,0.57933,0.62686,0.4554
0.00036386,0.0055939,0.003542,0.25323,0.57902,0.62689,0.45565
0.00082126,0.0060921,0.0036303,0.25331,0.57863,0.62691,0.45607
0.00127,0.0065855,0.0037253,0.25331,0.57863,0.62691,0.45607
0.0018717,0.0071943,0.0038662,0.25356,0.57852,0.6267,0.45636
0.0025574,0.0078227,0.0039705,0.2538,0.57853,0.62645,0.45656
0.0033158,0.0085038,0.0040362,0.25393,0.57859,0.62616,0.45681
0.0041778,0.0093168,0.0041358,0.25383,0.57805,0.62627,0.4574
0.0049904,0.010129,0.0043281,0.25377,0.57747,0.62642,0.45796
0.0058469,0.010954,0.0044832,0.25387,0.57697,0.62641,0.45856
0.0068309,0.011857,0.0046466,0.25396,0.57661,0.62628,0.45914
0.0078037,0.012783,0.0048243,0.25418,0.57621,0.6261,0.45975
0.0089116,0.013851,0.0049201,0.25443,0.57567,0.62597,0.46047
0.010074,0.014906,0.0050691,0.2547,0.57498,0.62593,0.46123
0.011288,0.015929,0.0052436,0.25511,0.57418,0.62597,0.46196
0.012489,0.016916,0.0054378,0.25556,0.57359,0.62589,0.46255
0.013686,0.017906,0.0056688,0.25616,0.57318,0.62574,0.46292
0.014946,0.018934,0.00588,0.25681,0.57291,0.62548,0.46324
0.016233,0.019964,0.0060783,0.25747,0.57282,0.62506,0.46356
0.017557,0.021015,0.006182,0.25803,0.5727,0.62459,0.46403
0.018966,0.022029,0.0062538,0.25849,0.57239,0.62416,0.46474
0.020384,0.023081,0.0063475,0.25893,0.57195,0.62378,0.46554
0.021828,0.024066,0.0063895,0.25936,0.57135,0.6235,0.46641
0.023303,0.025097,0.006469,0.25991,0.57063,0.62325,0.46732
0.02481,0.026118,0.0065746,0.2606,0.56992,0.62296,0.46819
0.026303,0.027091,0.0067262,0.26146,0.56925,0.62263,0.46896
0.027753,0.027962,0.0068369,0.26237,0.56875,0.62222,0.4696
0.029251,0.028874,0.0069108,0.26335,0.56841,0.62172,0.47012
0.030743,0.02972,0.0069516,0.26429,0.56807,0.62121,0.47069
0.032228,0.030498,0.0069101,0.26502,0.56788,0.62049,0.47145
0.033726,0.031314,0.0067593,0.26558,0.5677,0.61976,0.47231
0.035215,0.032095,0.0065397,0.26592,0.5675,0.61899,0.47338
0.036726,0.032874,0.0062885,0.26616,0.56724,0.61824,0.47453
0.03825,0.033664,0.0059967,0.26632,0.56703,0.61743,0.47575
0.039813,0.03445,0.0056995,0.26652,0.56681,0.61662,0.47694
0.041366,0.035249,0.0054222,0.2667,0.56671,0.61586,0.47794
0.042869,0.035992,0.005179,0.26704,0.56666,0.61517,0.47869
0.044392,0.036734,0.004993,0.26759,0.5666,0.61458,0.47921
0.045859,0.03746,0.00483,0.26817,0.5665,0.61405,0.4797
0.047326,0.038203,0.0046529,0.26879,0.56636,0.61356,0.48014
0.048824,0.038885,0.0044497,0.26941,0.56626,0.61303,0.48058
0.050341,0.039598,0.0042222,0.26987,0.56612,0.61254,0.48112
0.051965,0.04034,0.0039655,0.26997,0.56592,0.61212,0.48183
0.053532,0.041126,0.0036573,0.2698,0.56558,0.6118,0.48273
0.055153,0.041962,0.0032753,0.26939,0.5653,0.61144,0.48374
0.056822,0.042867,0.002973,0.26887,0.56508,0.61103,0.4848
0.058424,0.043842,0.0027178,0.26855,0.56512,0.61049,0.48561
0.059981,0.044762,0.0025599,0.26835,0.56552,0.60981,0.48611
0.061491,0.045774,0.0024587,0.26834,0.56611,0.60908,0.48634
0.063018,0.046751,0.0024483,0.26841,0.5667,0.60845,0.48641
0.064592,0.047785,0.00246,0.26855,0.56701,0.60798,0.48656
0.066285,0.048877,0.0024751,0.26872,0.56705,0.60776,0.4867
0.06797,0.049997,0.0026141,0.26889,0.5669,0.6077,0.48685
0.069611,0.051064,0.0027789,0.26913,0.56681,0.6077,0.48682
0.071217,0.052183,0.0030751,0.26949,0.56691,0.60766,0.48656
0.072791,0.05338,0.0034574,0.26997,0.56713,0.6075,0.48623
0.074347,0.054566,0.0038872,0.2706,0.5675,0.60724,0.48578
0.076008,0.055805,0.0044104,0.27136,0.56778,0.60697,0.48536
0.077677,0.057095,0.0049535,0.27222,0.568,0.60664,0.48503
0.079347,0.058337,0.0055012,0.27318,0.56805,0.60642,0.48472
0.081152,0.059621,0.0060123,0.27413,0.56793,0.60627,0.4845
0.082936,0.060905,0.0065614,0.27509,0.56762,0.60628,0.48431
0.084727,0.062185,0.0071388,0.27614,0.56709,0.60643,0.48414
0.086532,0.063475,0.0077562,0.27726,0.56656,0.60657,0.48395
0.088283,0.064753,0.0083804,0.27842,0.56613,0.60665,0.48369
0.090078,0.066034,0.0090337,0.2796,0.56582,0.60659,0.48344
0.091954,0.067321,0.009674,0.28082,0.56563,0.60638,0.48322
0.093771,0.068617,0.010282,0.2821,0.56568,0.60591,0.48301
0.095588,0.069977,0.010913,0.28343,0.56598,0.60516,0.48281
0.097401,0.071275,0.011411,0.28476,0.56637,0.60433,0.48261
0.099316,0.072565,0.011859,0.28597,0.56667,0.60347,0.48262
0.1012,0.073877,0.012206,0.2869,0.56675,0.60272,0.48291
0.10306,0.075159,0.012549,0.2876,0.56671,0.60217,0.48323
0.10494,0.076449,0.012875,0.28822,0.56662,0.60166,0.4836
0.10686,0.077683,0.013183,0.28886,0.56649,0.60118,0.48397
0.1087,0.078903,0.013543,0.28961,0.56639,0.60067,0.48427
0.11063,0.080128,0.013899,0.29049,0.56641,0.60003,0.48451
0.11266,0.081283,0.014237,0.29145,0.56657,0.59937,0.48458
0.11458,0.082482,0.014587,0.29231,0.56694,0.59857,0.48461
0.11651,0.083647,0.014858,0.29309,0.56749,0.59759,0.48471
0.11837,0.084781,0.015181,0.29392,0.56813,0.59653,0.48477
0.12036,0.08593,0.0154,0.29466,0.56859,0.59553,0.485
0.12244,0.087038,0.0156,0.29529,0.56886,0.5947,0.48532
0.12443,0.08819,0.015825,0.29596,0.56888,0.59403,0.4857
0.12637,0.089311,0.016065,0.29655,0.56904,0.59334,0.486
0.12838,0.090362,0.016345,0.2972,0.56933,0.59252,0.48626
0.13045,0.091324,0.016575,0.29789,0.56992,0.59159,0.48629
0.13243,0.092351,0.016883,0.29866,0.57076,0.59047,0.48619
0.13426,0.093335,0.017134,0.29931,0.57177,0.58927,0.48606
0.13619,0.094299,0.017379,0.3,0.57293,0.58788,0.48595
0.13819,0.095229,0.01753,0.30057,0.57405,0.58642,0.48604
0.14031,0.096131,0.017597,0.30096,0.57498,0.58501,0.4864
0.14244,0.097094,0.017575,0.30104,0.57561,0.58378,0.48708
0.14458,0.097956,0.017525,0.30095,0.57608,0.58271,0.48787
0.14666,0.098816,0.01749,0.30095,0.57665,0.5816,0.48851
0.14867,0.099643,0.017484,0.30115,0.57728,0.58048,0.48897
0.15074,0.10042,0.017518,0.30152,0.57811,0.57924,0.48924
0.15277,0.10121,0.017569,0.30206,0.57892,0.57798,0.48943
0.15478,0.10198,0.017652,0.30258,0.57975,0.57674,0.4896
0.15684,0.10268,0.017639,0.30299,0.58079,0.57537,0.48972
0.15882,0.1034,0.017676,0.30349,0.58201,0.57385,0.48975
0.16082,0.10412,0.017656,0.30405,0.58319,0.57228,0.48982
0.16286,0.10483,0.017584,0.30446,0.58395,0.57096,0.49022
0.16488,0.10554,0.017522,0.3047,0.58411,0.57005,0.49093
0.16695,0.10622,0.017472,0.30505,0.58385,0.56941,0.49177
0.16902,0.10689,0.017499,0.30545,0.58358,0.56877,0.49257
0.17103,0.1076,0.017553,0.30602,0.58336,0.56801,0.49336
0.17314,0.10825,0.017683,0.30679,0.58328,0.56715,0.49397
0.17532,0.10888,0.017769,0.30765,0.58327,0.56629,0.49443
0.17731,0.10947,0.017893,0.30855,0.5836,0.56527,0.49465
0.1792,0.11005,0.017987,0.30945,0.58387,0.56446,0.4947
0.18114,0.11058,0.018067,0.31023,0.58409,0.56367,0.49484
0.18311,0.1111,0.018098,0.31084,0.58396,0.56303,0.49534
0.18506,0.11157,0.018057,0.31126,0.58355,0.5625,0.49617
0.18706,0.1121,0.018049,0.31157,0.58287,0.56213,0.49719
0.18905,0.11257,0.01807,0.31194,0.58218,0.56183,0.4981
0.19103,0.11303,0.018126,0.31248,0.58165,0.56146,0.49881
0.19293,0.11348,0.01822,0.31323,0.58134,0.56099,0.49922
0.19484,0.11394,0.018301,0.31407,0.5811,0.56043,0.4996
0.19676,0.1144,0.018367,0.31489,0.58088,0.5598,0.50004
0.19877,0.11483,0.018318,0.31556,0.58055,0.5592,0.50068
0.20071,0.11525,0.018286,0.31604,0.57997,0.55886,0.50144
0.2026,0.11565,0.018268,0.31647,0.57925,0.55864,0.50224
0.2045,0.11607,0.018185,0.31673,0.57837,0.55849,0.50324
0.20636,0.11643,0.018158,0.31693,0.57747,0.5584,0.50426
0.20825,0.11679,0.018151,0.31711,0.57664,0.55831,0.50519
0.20999,0.1171,0.018162,0.31743,0.57612,0.55811,0.50581
0.21173,0.1174,0.018175,0.31792,0.57579,0.55779,0.50622
0.21341,0.11766,0.018123,0.31845,0.57552,0.55735,0.50668
0.21512,0.1179,0.018044,0.31896,0.57513,0.55685,0.50735
0.21684,0.11815,0.01791,0.3192,0.5745,0.55644,0.50837
0.21855,0.11836,0.017769,0.31911,0.57376,0.55613,0.5096
0.22026,0.1186,0.017602,0.31884,0.57293,0.55591,0.51093
0.22187,0.11879,0.017432,0.31859,0.572,0.55584,0.51221
0.22341,0.11904,0.017313,0.31848,0.57125,0.55562,0.51335
0.22501,0.11924,0.0172,0.31834,0.5702,0.55571,0.51451
0.22648,0.1194,0.017088,0.31832,0.5693,0.55579,0.51543
0.22795,0.11958,0.01696,0.31829,0.56848,0.55587,0.51626
0.2294,0.11974,0.01681,0.31827,0.5677,0.55591,0.51709
0.23091,0.1199,0.016597,0.31811,0.56679,0.55588,0.51821
0.23249,0.12001,0.016276,0.31759,0.56577,0.55587,0.51967
0.23405,0.12015,0.015883,0.31682,0.56461,0.55587,0.5214
0.23561,0.12027,0.015399,0.31578,0.56342,0.55581,0.52337
0.23722,0.12039,0.014822,0.31449,0.56217,0.55583,0.52546
0.23824,0.12028,0.014307,0.31303,0.56083,0.55594,0.52765
0.23989,0.12038,0.013813,0.31157,0.55942,0.55615,0.52978
0.24146,0.12049,0.013427,0.31028,0.55817,0.55628,0.53172
0.24308,0.12062,0.013124,0.30936,0.557,0.55635,0.53341
0.24469,0.1207,0.012816,0.30872,0.55586,0.55638,0.53493
0.24638,0.12081,0.012452,0.30813,0.55455,0.5565,0.53651
0.24815,0.12083,0.011917,0.30722,0.55287,0.55684,0.5384
0.25012,0.12083,0.011074,0.30565,0.55074,0.55734,0.54096
0.25236,0.12077,0.0097966,0.30285,0.54794,0.55808,0.54461
0.25477,0.12061,0.0083511,0.29841,0.54433,0.55916,0.54954
0.25715,0.12044,0.0069434,0.29238,0.54016,0.56022,0.55578
0.25933,0.1203,0.0057107,0.28623,0.53657,0.56103,0.56161
0.26122,0.12018,0.0048291,0.2814,0.53418,0.56127,0.56607
0.26297,0.12015,0.0043574,0.27851,0.53279,0.56122,0.56886
0.26538,0.12009,0.0042087,0.27732,0.5318,0.56122,0.57036
0.26707,0.12014,0.004136,0.27695,0.53053,0.56161,0.57134
0.26886,0.1202,0.0038717,0.27635,0.52845,0.56274,0.57245
0.27103,0.12009,0.0030862,0.27441,0.52519,0.56455,0.57459
0.27345,0.11982,0.001723,0.27043,0.52055,0.56707,0.57821
0.27632,0.11934,-0.0002601,0.26375,0.51469,0.56988,0.58374
0.27946,0.11871,-0.0027236,0.25453,0.50793,0.57271,0.59095
0.28257,0.11808,-0.0050665,0.24332,0.50069,0.57526,0.59931
0.28553,0.11747,-0.0072218,0.23204,0.49387,0.57712,0.60761
0.28818,0.11697,-0.0089453,0.22295,0.48857,0.57819,0.61424
0.29041,0.11664,-0.010143,0.21668,0.48427,0.5792,0.61892
0.2926,0.11637,-0.010921,0.21207,0.48047,0.58132,0.62149
0.29508,0.11618,-0.011478,0.20944,0.47583,0.58358,0.62382
0.2977,0.11595,-0.011971,0.20697,0.47006,0.58692,0.62588
0.30064,0.11563,-0.012625,0.20329,0.46253,0.59111,0.62875
0.30393,0.11503,-0.013626,0.19752,0.45339,0.5958,0.6328
0.3077,0.11419,-0.01503,0.18948,0.44301,0.6006,0.63806
0.31213,0.11299,-0.016894,0.17937,0.43179,0.60506,0.64443
0.31725,0.1115,-0.019187,0.16731,0.41991,0.60909,0.65169
0.32308,0.10969,-0.021771,0.15338,0.40693,0.61311,0.65953
0.32943,0.10768,-0.024337,0.13798,0.39258,0.61739,0.66759
0.33627,0.10543,-0.026692,0.12121,0.37685,0.62203,0.67555
0.3436,0.10299,-0.028629,0.1035,0.3599,0.62689,0.68321
0.35135,0.10044,-0.029923,0.085012,0.34181,0.63153,0.69073
0.35946,0.097793,-0.030641,0.065951,0.32269,0.63563,0.69821
0.36785,0.095095,-0.03057,0.046493,0.30259,0.63899,0.70567
0.37632,0.092385,-0.029956,0.027124,0.28275,0.64133,0.71275
0.38456,0.089764,-0.028824,0.0077629,0.26262,0.64321,0.7192
0.39207,0.087293,-0.02754,-0.010898,0.24388,0.64466,0.72445
0.39843,0.085155,-0.026138,-0.028234,0.22726,0.64607,0.72811
0.40346,0.083514,-0.024777,-0.043648,0.21297,0.64756,0.73034
0.40738,0.082214,-0.023302,-0.05465,0.20238,0.64932,0.73105
0.41071,0.081244,-0.021758,-0.065651,0.19182,0.65093,0.73157
0.41351,0.080563,-0.020006,-0.073146,0.18331,0.65204,0.73204
0.41623,0.079917,-0.018157,-0.080232,0.17485,0.65293,0.73258
0.41885,0.079307,-0.016231,-0.087668,0.16572,0.65401,0.73289
0.42133,0.07869,-0.014228,-0.095347,0.15618,0.65545,0.73273
0.42347,0.078092,-0.012217,-0.10274,0.14685,0.65734,0.73197
0.42535,0.07764,-0.010196,-0.10966,0.13796,0.65929,0.73095
0.42694,0.077268,-0.008232,-0.11568,0.13012,0.66098,0.72993
0.42839,0.077075,-0.0063193,-0.12061,0.12345,0.66215,0.72923
0.42986,0.076897,-0.0044542,-0.12471,0.11764,0.66283,0.72888
0.4313,0.076813,-0.0025149,-0.12826,0.11206,0.6632,0.72881
0.43277,0.076718,-0.00046442,-0.13149,0.10624,0.66353,0.7288
0.43416,0.076637,0.0016971,-0.13472,0.099853,0.66407,0.72862
0.4351,0.076872,0.0040505,-0.138,0.093027,0.66484,0.72821
0.43624,0.076883,0.006399,-0.14098,0.086681,0.66575,0.72759
0.43716,0.076913,0.0086997,-0.14332,0.081522,0.66679,0.72678
0.43793,0.076975,0.010973,-0.14496,0.077385,0.66778,0.726
0.43875,0.077062,0.013233,-0.14617,0.073786,0.66857,0.7254
0.43948,0.077205,0.015495,-0.14697,0.070467,0.66921,0.72498
0.4403,0.077313,0.017746,-0.1475,0.067378,0.66962,0.72478
0.44108,0.077462,0.020061,-0.14794,0.064292,0.67005,0.72458
0.4418,0.077601,0.022365,-0.1484,0.061421,0.67043,0.72438
0.44236,0.077831,0.024722,-0.14869,0.058771,0.67094,0.72407
0.44288,0.077991,0.027069,-0.14875,0.056345,0.67159,0.72365
0.44327,0.078179,0.029403,-0.14861,0.054143,0.67235,0.72314
0.44361,0.078407,0.031808,-0.14826,0.05182,0.67314,0.72265
0.444,0.078689,0.034254,-0.14784,0.049418,0.67378,0.7223
0.44447,0.078981,0.036756,-0.14732,0.047194,0.67421,0.72216
0.44495,0.079353,0.039299,-0.14682,0.045188,0.67444,0.72217
0.44556,0.079651,0.041753,-0.14638,0.043481,0.67457,0.72224
0.44621,0.079979,0.044253,-0.14625,0.041981,0.6744,0.72252
0.44691,0.080299,0.046682,-0.14651,0.04072,0.67404,0.72287
0.44771,0.08064,0.049136,-0.14714,0.039446,0.67347,0.72334
0.44905,0.080577,0.051659,-0.14827,0.037975,0.67265,0.72396
0.44989,0.080929,0.054195,-0.14951,0.036329,0.67178,0.7246
0.45068,0.081261,0.056779,-0.15066,0.034512,0.67101,0.72516
0.45149,0.08169,0.059457,-0.15143,0.032537,0.67033,0.72572
0.4522,0.082171,0.062142,-0.15176,0.030499,0.66972,0.7263
0.45327,0.082422,0.06488,-0.15179,0.028303,0.66913,0.72693
0.45389,0.083052,0.067655,-0.15158,0.02603,0.66842,0.72771
0.45438,0.083732,0.070414,-0.15118,0.024243,0.66773,0.72849
0.45479,0.084421,0.073101,-0.1505,0.022987,0.66719,0.72916
0.45514,0.085107,0.075759,-0.14968,0.022212,0.66679,0.72972
0.4564,0.085031,0.078422,-0.14866,0.021576,0.6665,0.73021
0.45663,0.085705,0.081197,-0.14767,0.020547,0.66621,0.73071
0.45677,0.086345,0.084009,-0.14679,0.019212,0.66586,0.73124
0.45699,0.086909,0.08689,-0.14603,0.017611,0.66538,0.73187
0.45717,0.087467,0.089749,-0.14538,0.015962,0.66483,0.73254
0.45771,0.087758,0.092613,-0.14495,0.014303,0.66426,0.73317
0.45794,0.088315,0.095471,-0.1444,0.012868,0.66371,0.73381
0.45816,0.088874,0.098311,-0.1436,0.011788,0.66311,0.73453
0.45844,0.089498,0.10116,-0.14241,0.010988,0.6625,0.73532
0.45866,0.090157,0.10404,-0.14107,0.010327,0.66168,0.73632
0.45903,0.090792,0.10703,-0.13976,0.0094493,0.66081,0.73736
0.45953,0.091371,0.11004,-0.13883,0.0083001,0.65947,0.73876
0.4599,0.091985,0.11315,-0.13815,0.00674,0.65849,0.73977
0.46024,0.092561,0.11624,-0.1375,0.0050932,0.65757,0.74072
0.46052,0.093227,0.11937,-0.13657,0.0036322,0.65668,0.7417
0.46064,0.093958,0.12251,-0.13521,0.0023219,0.65591,0.74263
0.46126,0.094661,0.12561,-0.13333,0.0016184,0.65331,0.74525
0.46127,0.09551,0.12871,-0.13098,0.00073729,0.65285,0.74607
0.46126,0.096355,0.13183,-0.12837,-0.00012884,0.65238,0.74694
0.46128,0.097246,0.13496,-0.12582,-0.0010825,0.6518,0.74788
0.4613,0.098097,0.13806,-0.12337,-0.0019589,0.65124,0.74877
0.46137,0.098908,0.14113,-0.12109,-0.0028381,0.65022,0.75003
0.46138,0.099654,0.14424,-0.11908,-0.0040405,0.6497,0.7508
0.46139,0.10032,0.14741,-0.11773,-0.0056174,0.64913,0.75149
0.46151,0.10091,0.1505,-0.11689,-0.0074341,0.64841,0.75223
0.46171,0.10151,0.15362,-0.11633,-0.0092206,0.64746,0.75311
0.46161,0.10204,0.1563,-0.11633,-0.0092206,0.64746,0.75311
0.46203,0.10259,0.15932,-0.11583,-0.01061,0.64562,0.75475
0.46259,0.10314,0.1626,-0.11243,-0.011732,0.64321,0.7573
0.46252,0.10376,0.16514,-0.11243,-0.011732,0.64321,0.7573
0.46242,0.10452,0.168,-0.10956,-0.011463,0.64227,0.75852
0.46248,0.10513,0.17082,-0.10664,-0.011583,0.64156,0.75954
0.46248,0.10566,0.17375,-0.10401,-0.01228,0.64089,0.76046
0.46244,0.10625,0.17667,-0.10201,-0.013575,0.64047,0.76106
0.46236,0.10675,0.17963,-0.10038,-0.015233,0.64011,0.76155
0.46236,0.10724,0.18257,-0.099052,-0.017122,0.6397,0.76202
0.46235,0.10767,0.18551,-0.097789,-0.018924,0.63909,0.76265
0.46243,0.10809,0.1884,-0.096545,-0.020686,0.6382,0.76351
0.46253,0.10846,0.19121,-0.095352,-0.022361,0.63737,0.76431
0.4626,0.10882,0.19392,-0.094045,-0.023819,0.6366,0.76507
0.4626,0.10925,0.1965,-0.092522,-0.025,0.63579,0.76589
0.46252,0.11031,0.19747,-0.090969,-0.026013,0.63501,0.76669
0.46259,0.11062,0.20014,-0.089216,-0.026968,0.63399,0.7677
0.46282,0.11012,0.20445,-0.08726,-0.028226,0.63317,0.76856
0.46295,0.11028,0.20706,-0.085561,-0.029706,0.63244,0.7693
0.46315,0.11031,0.20965,-0.084176,-0.03138,0.63181,0.7699
0.46304,0.11118,0.21057,-0.083058,-0.033065,0.63125,0.77041
0.46347,0.11121,0.21303,-0.082225,-0.034754,0.62968,0.77171
0.46385,0.11048,0.21689,-0.081659,-0.036593,0.62904,0.7722
0.46413,0.1105,0.21924,-0.081196,-0.038265,0.62849,0.77262
0.46428,0.11059,0.22161,-0.081012,-0.040039,0.62768,0.77321
0.46443,0.11142,0.22238,-0.081548,-0.041963,0.62638,0.77411
0.46499,0.11115,0.2247,-0.082832,-0.0441,0.62473,0.77518
0.46606,0.10963,0.22869,-0.084713,-0.046387,0.62262,0.77654
0.46681,0.10913,0.231,-0.087078,-0.049003,0.62021,0.77805
0.46815,0.10811,0.23317,-0.089741,-0.051718,0.61776,0.77951
0.46868,0.10857,0.23365,-0.09246,-0.054433,0.61547,0.78082
0.46992,0.1078,0.23566,-0.095108,-0.056931,0.61192,0.78312
0.47104,0.10611,0.23917,-0.097735,-0.059784,0.60998,0.78409
0.47182,0.1055,0.24121,-0.10053,-0.062781,0.60802,0.78502
0.47276,0.10476,0.24325,-0.10353,-0.065911,0.60597,0.78596
0.47327,0.10526,0.24374,-0.1067,-0.06892,0.60386,0.7869
0.47382,0.10469,0.24564,-0.11008,-0.071991,0.60243,0.78726
0.47476,0.10302,0.2491,-0.11377,-0.075163,0.60028,0.78808
0.47571,0.1024,0.251,-0.11796,-0.07858,0.59789,0.78894
0.47664,0.10176,0.25289,-0.12245,-0.082008,0.59547,0.78975
0.47758,0.10211,0.25316,-0.12707,-0.085406,0.59309,0.79044
0.47859,0.1014,0.25509,-0.13184,-0.088986,0.59036,0.79132
0.47937,0.099682,0.25891,-0.13675,-0.092891,0.58788,0.79187
0.48017,0.09893,0.26101,-0.14192,-0.09698,0.58538,0.79233
0.48145,0.097518,0.26307,-0.14718,-0.10111,0.5829,0.79268
0.48231,0.097684,0.26331,-0.15214,-0.10511,0.58049,0.79299
0.48299,0.096922,0.26533,-0.15679,-0.10884,0.57776,0.79358
0.48319,0.095429,0.26908,-0.16086,-0.11271,0.57548,0.79388
0.48368,0.094773,0.27106,-0.1646,-0.11649,0.57334,0.79411
0.4844,0.093762,0.27303,-0.16832,-0.12009,0.57128,0.79428
0.48518,0.093889,0.27329,-0.172,-0.12356,0.56932,0.79437
0.48555,0.093211,0.27511,-0.17584,-0.12674,0.56706,0.79465
0.48543,0.091934,0.27835,-0.17971,-0.13013,0.56518,0.79457
0.48557,0.091429,0.2799,-0.18346,-0.13339,0.56336,0.79446
0.48549,0.090895,0.28124,-0.18669,-0.13624,0.56177,0.79436
0.48563,0.090824,0.28138,-0.18937,-0.13874,0.56042,0.79424
0.4853,0.090374,0.28252,-0.19144,-0.141,0.5594,0.79407
0.48464,0.08975,0.28424,-0.19321,-0.14298,0.55839,0.79399
0.48422,0.089537,0.28499,-0.19445,-0.14462,0.55768,0.79389
0.48439,0.088653,0.28572,-0.19524,-0.1458,0.55724,0.79379
0.48402,0.088665,0.2859,-0.1956,-0.14675,0.557,0.7937
0.48337,0.088545,0.28659,-0.19576,-0.14763,0.55674,0.79367
0.48259,0.088403,0.28751,-0.19612,-0.14848,0.55663,0.79351
0.48192,0.08846,0.28791,-0.19644,-0.14912,0.55648,0.79341
0.48141,0.08851,0.28808,-0.19655,-0.14952,0.55636,0.79339
0.48141,0.087785,0.28836,-0.19641,-0.14969,0.5563,0.79344
0.48073,0.087877,0.28851,-0.19611,-0.14941,0.55593,0.79382
0.4798,0.088032,0.28864,-0.19537,-0.14932,0.55637,0.79371
0.47886,0.088269,0.28865,-0.19422,-0.14895,0.55708,0.79357
0.47786,0.088392,0.28865,-0.19278,-0.14848,0.55789,0.79345
0.47686,0.088562,0.28848,-0.191,-0.14786,0.55869,0.79342
0.47584,0.088699,0.28827,-0.18867,-0.14656,0.55915,0.7939
0.47462,0.089088,0.28798,-0.18546,-0.14489,0.56031,0.79415
0.47328,0.089554,0.28756,-0.18136,-0.14262,0.56163,0.79457
0.47178,0.090224,0.28691,-0.17646,-0.1397,0.56342,0.79492
0.47017,0.091018,0.28597,-0.171,-0.13621,0.5657,0.7951
0.46864,0.091738,0.28483,-0.16532,-0.13198,0.56671,0.7963
0.46676,0.092748,0.28359,-0.1588,-0.12784,0.56985,0.79606
0.46483,0.09367,0.28228,-0.15249,-0.12367,0.57292,0.79575
0.46295,0.094434,0.28086,-0.14693,-0.11959,0.57557,0.79551
0.46144,0.094719,0.2794,-0.14217,-0.11552,0.5778,0.79535
0.45998,0.095281,0.27784,-0.13803,-0.11116,0.57927,0.79564
0.45843,0.095656,0.27618,-0.13422,-0.10668,0.58049,0.79601
0.45694,0.096034,0.27442,-0.13074,-0.10215,0.58128,0.79661
0.45552,0.096372,0.27263,-0.12749,-0.097461,0.58178,0.79736
0.45402,0.09669,0.27082,-0.12414,-0.092582,0.58224,0.79813
0.45254,0.096998,0.26898,-0.12061,-0.087316,0.58225,0.79926
0.45082,0.097266,0.26719,-0.11666,-0.082115,0.58307,0.7998
0.449,0.097498,0.26542,-0.11226,-0.076764,0.58402,0.80026
0.44715,0.0977,0.26368,-0.10765,-0.071274,0.58494,0.80074
0.446,0.097127,0.262,-0.10327,-0.066115,0.58569,0.80121
0.44492,0.097498,0.26033,-0.099139,-0.060918,0.58535,0.80239
0.44301,0.097699,0.25874,-0.094841,-0.055764,0.58598,0.80282
0.44103,0.098008,0.25717,-0.090035,-0.050459,0.58667,0.80322
0.43885,0.098444,0.25564,-0.084433,-0.044827,0.58748,0.80357
0.43656,0.098903,0.25423,-0.078116,-0.038949,0.58845,0.80381
0.43512,0.099665,0.2529,-0.071237,-0.032693,0.58715,0.80567
0.43231,0.10043,0.25163,-0.063781,-0.026609,0.58873,0.80537
0.42937,0.10137,0.25049,-0.056086,-0.02069,0.59057,0.80477
0.42625,0.10237,0.24934,-0.048246,-0.014907,0.59268,0.80385
0.42315,0.10328,0.24835,-0.04052,-0.0093933,0.59468,0.80289
0.42049,0.10438,0.24741,-0.03341,-0.0041293,0.59636,0.80201
0.41742,0.10518,0.2465,-0.026921,0.0009299,0.59775,0.80123
0.41445,0.10584,0.24565,-0.021259,0.0058257,0.59876,0.80062
0.41151,0.10642,0.24477,-0.016257,0.010559,0.59946,0.80017
0.40874,0.10678,0.24383,-0.01125,0.015466,0.60003,0.79975
0.4064,0.10788,0.2428,-0.0059756,0.020634,0.60039,0.79942
0.40328,0.10862,0.24166,-0.00048188,0.026024,0.60104,0.7988
0.39997,0.10945,0.24044,0.0056552,0.031864,0.60198,0.79786
0.39647,0.11032,0.23913,0.012486,0.038154,0.60312,0.79664
0.39298,0.11105,0.23785,0.019674,0.044751,0.6044,0.79518
0.38975,0.11222,0.23648,0.026976,0.051514,0.60574,0.79353
0.38596,0.11294,0.23514,0.03423,0.058227,0.60706,0.79178
0.38223,0.11355,0.2338,0.04132,0.064753,0.60831,0.78997
0.37828,0.11421,0.23243,0.048586,0.071578,0.60937,0.78816
0.37461,0.11459,0.23099,0.056494,0.079019,0.61017,0.7863
0.37127,0.11573,0.2295,0.064992,0.086904,0.60958,0.78526
0.3671,0.11659,0.22798,0.073491,0.094859,0.61015,0.78315
0.36298,0.11748,0.22647,0.081502,0.10266,0.61081,0.78085
0.35874,0.11826,0.22497,0.089119,0.11026,0.61156,0.77839
0.35723,0.11991,0.22229,0.096252,0.11789,0.61233,0.77581
0.35315,0.12047,0.22078,0.10286,0.12541,0.61272,0.77348
0.34981,0.1215,0.21922,0.10882,0.13268,0.61275,0.77142
0.34582,0.12181,0.21772,0.11438,0.13986,0.61249,0.76955
0.34175,0.12218,0.21618,0.12035,0.14743,0.61189,0.76771
0.33747,0.12268,0.21466,0.12744,0.15604,0.61101,0.76556
0.33294,0.12336,0.21309,0.13599,0.166,0.60981,0.76294
0.32813,0.12411,0.21156,0.14572,0.17709,0.6084,0.75977
0.32306,0.12487,0.20999,0.15596,0.18852,0.60703,0.75608
0.31787,0.12557,0.20846,0.16591,0.19974,0.6059,0.75197
0.3127,0.12618,0.20702,0.17512,0.21028,0.60517,0.74758
0.30776,0.12675,0.20576,0.1839,0.21995,0.60383,0.74377
0.3033,0.12845,0.20452,0.19202,0.22951,0.60354,0.73905
0.29794,0.12913,0.20347,0.20035,0.23913,0.60307,0.73415
0.29241,0.12991,0.20255,0.20937,0.2494,0.60217,0.72894
0.2868,0.13066,0.20171,0.21911,0.26063,0.6006,0.72343
0.28107,0.13137,0.20095,0.22916,0.27277,0.59833,0.71769
0.27546,0.13189,0.20019,0.23914,0.2855,0.59545,0.71186
0.26999,0.13228,0.19938,0.24833,0.29801,0.59224,0.70624
0.26483,0.1325,0.19863,0.25631,0.30951,0.58911,0.70104
0.25996,0.13254,0.19793,0.26305,0.31994,0.58628,0.69622
0.25531,0.13254,0.1973,0.26934,0.32936,0.58308,0.69209
0.25037,0.13241,0.19671,0.27509,0.33881,0.58064,0.68731
0.24541,0.13249,0.19636,0.28091,0.3482,0.57815,0.68234
0.24036,0.13258,0.19606,0.28711,0.35788,0.5756,0.67689
0.23574,0.1326,0.19563,0.29329,0.36775,0.57289,0.67123
0.23095,0.13277,0.19539,0.29933,0.37768,0.57007,0.66542
0.22622,0.13318,0.19534,0.30483,0.38748,0.5672,0.65971
0.22158,0.13311,0.19528,0.30933,0.39662,0.56438,0.65458
0.21693,0.13302,0.19527,0.31316,0.40483,0.56201,0.64976
0.21236,0.13286,0.19534,0.31656,0.41211,0.56034,0.64496
0.20768,0.13267,0.19565,0.31981,0.41858,0.55917,0.64019
0.20337,0.13365,0.19609,0.32323,0.42511,0.55837,0.63485
0.19832,0.13346,0.19674,0.32713,0.43193,0.55746,0.62901
0.19316,0.13328,0.19753,0.331,0.43897,0.55654,0.62291
0.18813,0.13294,0.19814,0.33478,0.44611,0.55575,0.61648
0.18311,0.13252,0.1988,0.33837,0.45302,0.55524,0.60991
0.17805,0.13198,0.19953,0.34165,0.45971,0.55485,0.6034
0.17291,0.13151,0.20047,0.34463,0.46603,0.55442,0.59721
0.16773,0.1311,0.20155,0.34743,0.472,0.55415,0.59112
0.16246,0.13057,0.20269,0.35019,0.47789,0.55409,0.58478
0.15708,0.12998,0.20391,0.35328,0.48401,0.55403,0.57791
0.15186,0.12975,0.20518,0.3566,0.49033,0.5538,0.57072
0.14655,0.12896,0.20641,0.35981,0.49662,0.55343,0.56358
0.14125,0.12807,0.20767,0.36274,0.50288,0.55302,0.55651
0.13583,0.12716,0.20883,0.36522,0.50913,0.55249,0.54969
0.13069,0.12619,0.20988,0.36725,0.51543,0.55181,0.54311
0.12577,0.12506,0.21065,0.36884,0.52146,0.55088,0.53719
0.12104,0.12403,0.21116,0.36982,0.52704,0.55005,0.53189
0.11645,0.12293,0.21158,0.37033,0.53206,0.54947,0.52711
0.11209,0.12175,0.2119,0.3706,0.53678,0.54927,0.52232
0.10752,0.12054,0.21227,0.37094,0.5412,0.5493,0.51747
0.10351,0.12091,0.21272,0.37141,0.54561,0.54937,0.5124
0.098991,0.11958,0.21328,0.37179,0.54985,0.5495,0.50743
0.094532,0.11827,0.21388,0.37221,0.55401,0.54973,0.50233
0.090243,0.11677,0.21467,0.3727,0.55796,0.55022,0.49702
0.08557,0.11526,0.21545,0.37276,0.56208,0.55131,0.49109
0.08153,0.11473,0.21617,0.37338,0.56544,0.55209,0.48586
0.077378,0.11306,0.21668,0.37364,0.56831,0.5531,0.48114
0.073418,0.11144,0.21694,0.37325,0.5707,0.55432,0.4772
0.068569,0.11008,0.21704,0.37215,0.57271,0.55569,0.47404
0.064809,0.10849,0.21701,0.37047,0.57471,0.55716,0.47119
0.061162,0.10719,0.21694,0.3688,0.57665,0.55847,0.46858
0.057557,0.10561,0.2169,0.36739,0.57872,0.5596,0.46578
0.05402,0.10407,0.21696,0.36641,0.58076,0.56074,0.46263
0.050647,0.10257,0.21721,0.36563,0.58273,0.56193,0.45932
0.04721,0.10108,0.21765,0.3651,0.58453,0.56323,0.45585
0.043762,0.099534,0.21841,0.36488,0.58636,0.56451,0.45208
0.040464,0.09804,0.21921,0.3643,0.58787,0.56603,0.44868
0.037265,0.096572,0.21991,0.36459,0.58971,0.56712,0.44462
0.034135,0.095073,0.22062,0.36474,0.59137,0.56825,0.44084
0.031137,0.093596,0.22125,0.36432,0.59272,0.56963,0.43757
0.02839,0.092779,0.22178,0.36376,0.59368,0.57108,0.43486
0.025662,0.091337,0.22216,0.36301,0.59452,0.57247,0.43248
0.02308,0.089937,0.2224,0.36205,0.59518,0.5739,0.43048
0.018583,0.088776,0.22253,0.36103,0.59579,0.57527,0.42867
0.016086,0.087415,0.22301,0.35986,0.59636,0.57667,0.42698
0.013643,0.086124,0.22332,0.35876,0.59704,0.57792,0.42525
0.011275,0.08491,0.22376,0.35792,0.59794,0.57899,0.42324
0.0089306,0.083761,0.22427,0.35748,0.59892,0.57994,0.42092
0.0074582,0.08262,0.22506,0.35733,0.59986,0.58086,0.41844
0.0053476,0.081608,0.22557,0.3572,0.60052,0.58193,0.4161
0.0032847,0.08068,0.22616,0.35708,0.60101,0.583,0.414
0.0013055,0.079618,0.22671,0.35681,0.60144,0.58406,0.41211
-0.00058378,0.078644,0.22719,0.35648,0.602,0.58489,0.41039
-0.0035025,0.077657,0.22783,0.35585,0.60257,0.5858,0.40881
-0.005436,0.076601,0.22853,0.35524,0.60333,0.58665,0.407
-0.0072757,0.075955,0.22906,0.35492,0.60414,0.58732,0.40509
-0.009156,0.075006,0.22958,0.35482,0.60521,0.58775,0.40294
-0.011021,0.074051,0.23006,0.35476,0.60623,0.58813,0.40091
-0.012555,0.073168,0.23049,0.35458,0.60717,0.5885,0.3991
-0.014352,0.072326,0.2308,0.35428,0.60787,0.58903,0.39753
-0.016187,0.071162,0.23113,0.35397,0.60848,0.58964,0.39596
-0.018032,0.070314,0.23152,0.35382,0.60915,0.59016,0.39429
-0.019868,0.069485,0.23201,0.35365,0.60984,0.59062,0.39267
-0.021328,0.068625,0.23249,0.35338,0.61068,0.59095,0.39111
-0.02315,0.067694,0.23288,0.35281,0.61153,0.59125,0.38985
-0.024948,0.066309,0.23326,0.35208,0.61237,0.59162,0.38862
-0.026717,0.065366,0.23348,0.35134,0.61322,0.592,0.38738
-0.028379,0.064431,0.23365,0.35091,0.61407,0.59232,0.38592
-0.03085,0.063488,0.23377,0.35053,0.6148,0.5927,0.38451
-0.03257,0.062522,0.23397,0.34986,0.61543,0.5934,0.38304
-0.03417,0.061806,0.23413,0.34947,0.61574,0.59393,0.38207
-0.035892,0.061004,0.23417,0.34919,0.61615,0.5945,0.38078
-0.037675,0.060123,0.23437,0.34898,0.61681,0.595,0.37913
-0.039745,0.059219,0.23466,0.34898,0.61791,0.59523,0.37697
-0.04179,0.058252,0.23496,0.348,0.61959,0.59595,0.37395
-0.043374,0.058943,0.23517,0.34774,0.62068,0.59612,0.37212
-0.045102,0.058055,0.23541,0.34716,0.62165,0.59648,0.37045
-0.046747,0.057248,0.23544,0.34647,0.62262,0.59683,0.36891
-0.048194,0.056462,0.23538,0.3457,0.62347,0.59722,0.36756
-0.049738,0.055632,0.23524,0.34482,0.62418,0.59772,0.36638
-0.051173,0.054567,0.23492,0.3438,0.62458,0.59837,0.36558
-0.052604,0.053801,0.2346,0.3426,0.62474,0.5992,0.36507
-0.054013,0.053106,0.23424,0.34131,0.62476,0.60023,0.36457
-0.055765,0.052366,0.23391,0.34007,0.62483,0.60123,0.36395
-0.05721,0.051704,0.23369,0.33893,0.62517,0.6021,0.36298
-0.058642,0.050883,0.2336,0.33803,0.62569,0.60274,0.36188
-0.060023,0.050236,0.23356,0.33738,0.62637,0.60323,0.36049
-0.06141,0.049544,0.2336,0.33694,0.62709,0.60369,0.35887
-0.062803,0.048797,0.23366,0.33653,0.62768,0.6042,0.35738
-0.06421,0.048029,0.23373,0.33596,0.62802,0.60496,0.35601
-0.065657,0.047192,0.23378,0.33517,0.6282,0.60597,0.35472
-0.067073,0.046439,0.23383,0.33435,0.62845,0.60698,0.35332
-0.068547,0.045662,0.23385,0.3336,0.62864,0.60801,0.35191
-0.069848,0.044942,0.2338,0.33294,0.62887,0.60901,0.3504
-0.071309,0.044231,0.23365,0.33202,0.62869,0.61043,0.34912
-0.072759,0.044034,0.23358,0.33091,0.62817,0.61218,0.34805
-0.074268,0.043352,0.23355,0.32977,0.62763,0.61402,0.34687
-0.075856,0.042638,0.23363,0.3288,0.62745,0.61564,0.34524
-0.076278,0.042106,0.23379,0.32788,0.6275,0.61707,0.34346
-0.077918,0.041463,0.23371,0.32694,0.62731,0.6186,0.34194
-0.079455,0.04092,0.2335,0.32572,0.62661,0.6205,0.34094
-0.080884,0.040304,0.23307,0.32402,0.62528,0.62302,0.34042
-0.082307,0.039641,0.23245,0.32194,0.62352,0.62593,0.34027
-0.083399,0.039059,0.23169,0.31962,0.62126,0.62915,0.34067
-0.084296,0.038653,0.23074,0.31962,0.62126,0.62915,0.34067
-0.085239,0.038891,0.22929,0.31717,0.61825,0.63269,0.34185
-0.086007,0.038538,0.22726,0.31096,0.60934,0.64174,0.34667
-0.086416,0.03844,0.22492,0.30676,0.60287,0.64748,0.35103
-0.086677,0.038458,0.22224,0.30162,0.5953,0.6539,0.35645
-0.086846,0.03846,0.21964,0.30162,0.5953,0.6539,0.35645
-0.086695,0.038611,0.21622,0.29544,0.5868,0.66095,0.36266
-0.086187,0.038888,0.21244,0.28874,0.57756,0.66826,0.36944
-0.085493,0.039211,0.20854,0.28141,0.56772,0.67578,0.37659
-0.085324,0.039442,0.20444,0.27344,0.55726,0.68353,0.38403
-0.084057,0.039988,0.20015,0.26506,0.5461,0.69143,0.39171
-0.082366,0.040376,0.19569,0.25626,0.53405,0.69958,0.39963
-0.080336,0.041105,0.19123,0.24735,0.52087,0.70799,0.40776
-0.07784,0.041867,0.18677,0.23834,0.50652,0.71651,0.41624
-0.074646,0.042806,0.18233,0.2293,0.49081,0.725,0.42533
-0.071084,0.043802,0.17805,0.21994,0.47431,0.73323,0.43477
-0.067468,0.044736,0.17394,0.20981,0.45825,0.74116,0.44347
-0.064036,0.045579,0.16986,0.19903,0.443,0.74885,0.45095
-0.060499,0.046466,0.16586,0.18799,0.42818,0.75607,0.4579
-0.056861,0.047357,0.16205,0.17692,0.41336,0.76278,0.46476
-0.053041,0.048317,0.15849,0.16622,0.39854,0.76887,0.47157
-0.049107,0.04855,0.1553,0.15606,0.38383,0.77434,0.47824
-0.044892,0.049585,0.15236,0.14622,0.36838,0.77934,0.48533
-0.040345,0.050698,0.1497,0.13638,0.35155,0.78392,0.49324
-0.035524,0.051825,0.14732,0.12638,0.33374,0.78797,0.50175
-0.030952,0.052851,0.14524,0.11585,0.31653,0.79149,0.50984
-0.026935,0.053392,0.1431,0.10507,0.3014,0.79495,0.51591
-0.023264,0.053937,0.14104,0.094423,0.28802,0.79856,0.52002
-0.019756,0.054432,0.13922,0.084265,0.27521,0.80192,0.52353
-0.016167,0.05495,0.13762,0.074681,0.2622,0.80477,0.52727
-0.012435,0.055497,0.13623,0.065814,0.24931,0.80712,0.5311
-0.0084088,0.055952,0.135,0.057139,0.23643,0.80923,0.53478
-0.0040223,0.056577,0.13382,0.048247,0.22268,0.81087,0.53905
0.00077047,0.057273,0.13279,0.038661,0.20746,0.81196,0.54424
0.0056666,0.057944,0.13198,0.028373,0.19094,0.81247,0.55011
0.010345,0.058579,0.13125,0.017548,0.17481,0.81236,0.55606
0.014781,0.059401,0.13028,0.0066647,0.16085,0.81196,0.56107
0.018939,0.059978,0.12913,-0.0037877,0.14892,0.8116,0.56491
0.023066,0.060531,0.12813,-0.013774,0.13783,0.81118,0.56816
0.027158,0.061095,0.12725,-0.02327,0.12665,0.81054,0.57135
0.031123,0.061641,0.12669,-0.032235,0.11509,0.80983,0.57436
0.034844,0.062667,0.12625,-0.040822,0.10303,0.80958,0.57645
0.038292,0.063086,0.12604,-0.048504,0.091003,0.80892,0.5788
0.04152,0.063437,0.12603,-0.055236,0.078907,0.80821,0.58097
0.043528,0.063808,0.12617,-0.060855,0.06749,0.8073,0.58311
0.046066,0.06417,0.12617,-0.065468,0.057909,0.80633,0.58498
0.047871,0.064082,0.12589,-0.068625,0.052232,0.80697,0.58427
0.049869,0.064337,0.12552,-0.071679,0.046635,0.80673,0.58469
0.051638,0.064489,0.12517,-0.074403,0.041639,0.80677,0.58468
0.053236,0.064618,0.12494,-0.076268,0.036677,0.80689,0.5846
0.054556,0.064593,0.12467,-0.078189,0.031793,0.80705,0.58441
0.055902,0.064519,0.12442,-0.079068,0.027434,0.80709,0.58447
0.057271,0.064462,0.12409,-0.079916,0.023115,0.80719,0.5844
0.058667,0.064385,0.12377,-0.080663,0.018846,0.80716,0.58449
0.06032,0.064294,0.12315,-0.081663,0.015646,0.80706,0.58459
0.061634,0.064112,0.12232,-0.082938,0.013468,0.80711,0.58439
0.062842,0.063852,0.1213,-0.084298,0.012044,0.80759,0.58356
0.064183,0.063539,0.12021,-0.085687,0.010943,0.8075,0.5835
0.065592,0.063161,0.1191,-0.087158,0.0097686,0.80709,0.58388
0.067291,0.062793,0.1179,-0.088845,0.0085562,0.80633,0.58469
0.068894,0.062358,0.11665,-0.090721,0.0072112,0.80537,0.58574
0.070402,0.061676,0.11528,-0.092672,0.0058066,0.80466,0.58643
0.071936,0.061243,0.11376,-0.094477,0.0048535,0.80371,0.58745
0.073356,0.060731,0.11214,-0.096064,0.0046412,0.80289,0.58832
0.074648,0.060184,0.11035,-0.097323,0.0053421,0.80228,0.58893
0.075849,0.059581,0.10852,-0.098309,0.0064421,0.80186,0.58934
0.076905,0.058847,0.10669,-0.099204,0.0075303,0.80169,0.58941
0.077993,0.058182,0.1049,-0.10019,0.0082757,0.80133,0.58971
0.079131,0.057582,0.10314,-0.10141,0.0084506,0.80093,0.59004
0.080192,0.056921,0.10136,-0.10289,0.0085298,0.8005,0.59038
0.081212,0.056242,0.099463,-0.10441,0.0087769,0.80007,0.59068
0.082213,0.055489,0.097547,-0.10578,0.0092024,0.79967,0.59098
0.083129,0.054748,0.095581,-0.1069,0.0098991,0.79933,0.59122
0.083969,0.05402,0.093571,-0.10765,0.011041,0.79909,0.59139
0.0857,0.053302,0.091575,-0.10797,0.012583,0.79909,0.59131
0.086411,0.052562,0.089605,-0.10809,0.014088,0.79922,0.59108
0.087199,0.051575,0.087674,-0.10844,0.015237,0.79921,0.59099
0.088022,0.05074,0.085767,-0.10921,0.01598,0.7992,0.59084
0.088991,0.049985,0.083774,-0.11051,0.0164,0.79899,0.59088
0.090207,0.049202,0.081721,-0.11208,0.016775,0.79851,0.59121
0.091279,0.048375,0.079649,-0.11363,0.017204,0.79787,0.59178
0.09234,0.047588,0.077536,-0.11504,0.017725,0.79711,0.5925
0.093328,0.04671,0.075449,-0.11608,0.018654,0.79643,0.59319
0.094152,0.045787,0.073342,-0.11681,0.020109,0.79594,0.59366
0.096068,0.044831,0.071185,-0.11737,0.021952,0.79562,0.59392
0.096704,0.043842,0.06904,-0.1178,0.02393,0.79537,0.59408
0.097324,0.042906,0.066937,-0.11824,0.025906,0.79509,0.59428
0.097947,0.04194,0.064855,-0.11872,0.027663,0.79485,0.59444
0.098647,0.041036,0.062799,-0.11921,0.028991,0.79457,0.59465
0.099273,0.040101,0.060864,-0.11982,0.029877,0.79425,0.59491
0.10005,0.0392,0.058979,-0.12062,0.030503,0.79383,0.59527
0.10005,0.039074,0.057438,-0.12158,0.030865,0.79333,0.59574
0.10085,0.038143,0.055569,-0.12269,0.031005,0.79278,0.59622
0.10247,0.036534,0.05338,-0.12371,0.031064,0.79218,0.59681
0.10241,0.036404,0.051875,-0.12452,0.031392,0.79158,0.59742
0.10289,0.035544,0.049966,-0.12493,0.032123,0.79112,0.5979
0.1033,0.034614,0.04811,-0.1248,0.033178,0.7908,0.59829
0.10366,0.033296,0.046328,-0.12435,0.03424,0.79075,0.5984
0.10407,0.032376,0.044621,-0.12395,0.035036,0.79076,0.59843
0.10557,0.031469,0.04295,-0.12406,0.035765,0.79075,0.59837
0.10617,0.030492,0.041215,-0.12485,0.036249,0.79059,0.59838
0.10731,0.029621,0.039434,-0.12593,0.036819,0.78894,0.6003
0.10824,0.027968,0.037679,-0.12727,0.037206,0.78837,0.60074
0.10907,0.027003,0.035856,-0.12861,0.037814,0.78767,0.60134
0.11088,0.026128,0.033991,-0.12978,0.038732,0.78692,0.60201
0.11165,0.02523,0.032131,-0.13084,0.039868,0.7863,0.60252
0.11232,0.0243,0.030237,-0.13166,0.041137,0.78584,0.60285
0.11294,0.023274,0.028239,-0.1325,0.042444,0.7855,0.60302
0.11345,0.022324,0.026312,-0.13336,0.04366,0.78531,0.60299
0.11422,0.021398,0.024443,-0.13439,0.04469,0.78518,0.60285
0.11476,0.020428,0.022529,-0.13549,0.045503,0.78499,0.6028
0.11511,0.019414,0.020654,-0.13677,0.046021,0.78553,0.60176
0.11576,0.018377,0.018696,-0.1382,0.046866,0.78519,0.60182
0.11638,0.017398,0.016743,-0.13986,0.047785,0.78483,0.60183
0.11697,0.016448,0.014757,-0.14169,0.048741,0.78446,0.60181
0.11752,0.015501,0.012799,-0.14357,0.049689,0.78414,0.6017
0.11804,0.014558,0.010865,-0.14538,0.050636,0.78397,0.60141
0.11855,0.013582,0.0090214,-0.14718,0.051403,0.78402,0.60084
0.11907,0.012573,0.0072244,-0.14905,0.05164,0.78425,0.60005
0.11991,0.011582,0.0054791,-0.15113,0.051393,0.78447,0.59927
0.12048,0.010559,0.0036704,-0.15329,0.050884,0.78468,0.59849
0.12136,0.0097002,0.0018771,-0.15533,0.050502,0.78392,0.59899
0.12193,0.0087365,8.3092e-05,-0.15731,0.0501,0.78379,0.59868
0.12258,0.0077466,-0.0017765,-0.1593,0.05013,0.7836,0.5984
0.12327,0.0067312,-0.003763,-0.16141,0.050628,0.78343,0.59801
0.12382,0.005641,-0.0058576,-0.1636,0.051586,0.78343,0.59734
0.12434,0.0045446,-0.0079413,-0.16561,0.052672,0.78371,0.59632
0.12487,0.003454,-0.010039,-0.16745,0.053767,0.78401,0.59531
0.12544,0.0023105,-0.012054,-0.1692,0.05456,0.78439,0.59424
0.1262,0.0012138,-0.014037,-0.17122,0.054871,0.78463,0.59332
0.12697,0.00016668,-0.016027,-0.1735,0.054917,0.78465,0.59263
0.12796,-0.00076863,-0.017982,-0.1759,0.054802,0.78417,0.59257
0.12891,-0.00178,-0.020049,-0.1784,0.054678,0.78378,0.59235
0.12981,-0.0027518,-0.022141,-0.18086,0.054856,0.78345,0.59202
0.13063,-0.0038295,-0.024222,-0.1831,0.055557,0.78319,0.59161
0.13137,-0.0049709,-0.026243,-0.18515,0.056566,0.78309,0.59101
0.13198,-0.0061381,-0.028215,-0.18715,0.05752,0.78328,0.59003
0.13279,-0.0073748,-0.030093,-0.1892,0.058224,0.78324,0.58936
0.13357,-0.008401,-0.031804,-0.1914,0.058443,0.78321,0.58868
0.13448,-0.0094369,-0.033537,-0.19373,0.058265,0.78323,0.5879
0.13527,-0.010438,-0.035274,-0.19599,0.057924,0.78314,0.58731
0.13599,-0.011417,-0.036982,-0.19811,0.05771,0.78324,0.58648
0.1369,-0.012663,-0.038677,-0.20012,0.057988,0.78305,0.58602
0.13771,-0.013695,-0.040363,-0.20215,0.058564,0.78287,0.5855
0.13858,-0.014697,-0.041959,-0.20417,0.0591,0.78267,0.58502
0.13943,-0.015697,-0.043447,-0.20627,0.059416,0.78244,0.58456
0.14031,-0.016628,-0.044887,-0.20825,0.059354,0.78211,0.5843
0.14114,-0.017572,-0.04632,-0.21007,0.059209,0.78196,0.58386
0.14188,-0.01844,-0.047733,-0.21169,0.059072,0.78191,0.58337
0.14152,-0.019271,-0.049067,-0.21308,0.058818,0.78186,0.58294
0.14213,-0.019991,-0.050311,-0.21465,0.058512,0.78177,0.58253
0.14277,-0.020668,-0.051507,-0.21626,0.058214,0.78143,0.58241
0.14328,-0.021566,-0.052767,-0.21801,0.058198,0.78134,0.58189
0.14359,-0.022338,-0.05405,-0.21966,0.058527,0.78135,0.58122
0.14376,-0.023084,-0.055349,-0.22102,0.059217,0.78142,0.58054
0.14402,-0.023902,-0.056826,-0.22223,0.06004,0.78157,0.57979
0.1443,-0.024706,-0.058253,-0.22364,0.060551,0.78172,0.57899
0.14458,-0.025535,-0.059671,-0.2252,0.060795,0.78182,0.57823
0.14486,-0.026328,-0.061005,-0.22688,0.061037,0.78179,0.57759
0.14512,-0.027103,-0.062336,-0.22852,0.061415,0.78166,0.57708
0.14542,-0.027842,-0.063637,-0.23006,0.061885,0.7815,0.57663
0.14562,-0.028624,-0.064977,-0.23146,0.062487,0.78149,0.57601
0.14579,-0.029377,-0.066296,-0.2328,0.063092,0.78148,0.57542
0.14593,-0.03013,-0.067506,-0.2341,0.063571,0.78144,0.57489
0.1464,-0.030775,-0.068641,-0.23529,0.063885,0.78139,0.57444
0.14664,-0.031378,-0.069723,-0.23665,0.063719,0.78128,0.57406
0.14715,-0.031908,-0.070743,-0.23829,0.063249,0.78079,0.5741
0.14748,-0.0325,-0.07178,-0.24022,0.062444,0.78064,0.57359
0.14774,-0.033143,-0.072888,-0.24219,0.061978,0.78057,0.57289
0.14785,-0.033804,-0.07404,-0.24375,0.062088,0.7807,0.57204
0.14782,-0.034399,-0.075159,-0.24483,0.062782,0.78097,0.57114
0.1473,-0.035095,-0.076237,-0.2455,0.063466,0.7821,0.56923
0.14693,-0.035638,-0.077194,-0.24586,0.064759,0.7825,0.56838
0.14651,-0.0362,-0.078191,-0.24593,0.066286,0.78288,0.56765
0.14591,-0.036794,-0.079293,-0.24564,0.068221,0.78333,0.56693
0.14548,-0.037358,-0.080374,-0.24509,0.070257,0.78379,0.56628
0.14505,-0.037819,-0.081408,-0.24473,0.071936,0.78423,0.5656
0.14485,-0.038224,-0.082364,-0.2449,0.072899,0.78457,0.56494
0.14483,-0.038676,-0.083257,-0.2458,0.073097,0.78462,0.56446
0.14528,-0.038986,-0.084169,-0.24728,0.072968,0.78442,0.5641
0.1453,-0.039406,-0.085257,-0.24873,0.073058,0.78412,0.56387
0.14526,-0.039815,-0.086337,-0.24971,0.073779,0.78387,0.56369
0.14501,-0.040277,-0.087503,-0.25013,0.075183,0.78356,0.56375
0.14452,-0.040751,-0.088756,-0.25001,0.077305,0.78333,0.56384
0.14383,-0.041317,-0.090119,-0.24929,0.080409,0.78312,0.56401
0.14286,-0.041933,-0.091555,-0.24781,0.084544,0.783,0.56422
0.14173,-0.042647,-0.093045,-0.24565,0.089558,0.78334,0.56393
0.1405,-0.043366,-0.094389,-0.24287,0.095424,0.78367,0.56371
0.13898,-0.044151,-0.095827,-0.23964,0.1016,0.78426,0.56319
0.13769,-0.044951,-0.097329,-0.23605,0.10788,0.78495,0.56258
0.136,-0.045781,-0.098829,-0.23202,0.11448,0.78558,0.56207
0.13433,-0.04655,-0.10029,-0.22772,0.12135,0.78602,0.56178
0.13262,-0.047368,-0.10171,-0.22307,0.12846,0.78633,0.56163
0.13078,-0.048246,-0.10314,-0.21821,0.13583,0.7866,0.56143
0.12877,-0.049087,-0.10452,-0.2129,0.1436,0.78689,0.56112
0.12656,-0.049925,-0.10584,-0.20692,0.15221,0.78715,0.56072
0.1243,-0.050796,-0.10712,-0.20038,0.16182,0.78735,0.56013
0.12196,-0.051631,-0.10832,-0.19377,0.17181,0.78744,0.55936
0.1194,-0.052565,-0.10946,-0.18747,0.18176,0.78749,0.55828
0.11689,-0.053447,-0.11057,-0.18119,0.1917,0.7876,0.55688
0.11384,-0.054446,-0.11161,-0.17464,0.20175,0.78784,0.55507
0.11057,-0.055394,-0.11257,-0.16708,0.21245,0.78775,0.55353
0.10643,-0.056529,-0.11344,-0.15855,0.22384,0.78818,0.55094
0.10153,-0.0577,-0.11405,-0.14868,0.23616,0.78853,0.54804
0.09997,-0.057709,-0.11359,-0.13708,0.25006,0.78864,0.54472
0.089357,-0.060345,-0.11453,-0.12393,0.26527,0.78839,0.54103
0.082679,-0.061611,-0.11418,-0.10931,0.2818,0.78771,0.53679
0.076094,-0.062891,-0.11349,-0.093844,0.29898,0.78662,0.53201
0.069843,-0.064048,-0.11247,-0.07852,0.31571,0.78513,0.527
0.068209,-0.064035,-0.11145,-0.064153,0.33095,0.78338,0.52218
0.062471,-0.064954,-0.11011,-0.051166,0.34423,0.78154,0.51776
0.05744,-0.065671,-0.1087,-0.039412,0.35585,0.77947,0.51404
0.052812,-0.066299,-0.10729,-0.028665,0.36664,0.77737,0.51034
0.048654,-0.066784,-0.10588,-0.018677,0.3771,0.77512,0.5066
0.044889,-0.067173,-0.10448,-0.0094891,0.38701,0.77282,0.50288
0.04172,-0.067279,-0.10302,-0.0010442,0.39608,0.77057,0.49934
0.038383,-0.067343,-0.10144,0.0074835,0.40465,0.76786,0.49659
0.035037,-0.067318,-0.099648,0.016177,0.41346,0.76528,0.49309
0.031741,-0.067298,-0.097712,0.025432,0.42296,0.76221,0.48938
0.028724,-0.067193,-0.095699,0.035004,0.43273,0.75873,0.48565
0.026101,-0.066892,-0.093521,0.044342,0.44195,0.75525,0.48199
0.023408,-0.06658,-0.091278,0.053614,0.45054,0.75153,0.47891
0.020916,-0.066291,-0.089,0.062306,0.45846,0.74824,0.47546
0.018584,-0.065915,-0.086719,0.070323,0.46571,0.7451,0.47223
0.016509,-0.065391,-0.084462,0.077985,0.4725,0.74192,0.46928
0.014906,-0.064572,-0.082033,0.085572,0.47923,0.73861,0.46633
0.013324,-0.063658,-0.079561,0.094152,0.48603,0.7342,0.4646
0.011427,-0.062898,-0.076924,0.1021,0.49351,0.73011,0.46147
0.0095888,-0.062043,-0.074135,0.11064,0.50183,0.72544,0.45789
0.0079146,-0.061195,-0.071352,0.11934,0.51069,0.72037,0.45389
0.0066134,-0.060231,-0.068686,0.12754,0.51896,0.71543,0.45007
0.005255,-0.059309,-0.066157,0.13501,0.5262,0.71078,0.44686
0.0039532,-0.05847,-0.063822,0.14177,0.53306,0.70645,0.44348
0.0027741,-0.057755,-0.061646,0.1481,0.53976,0.70221,0.44004
0.0015885,-0.057,-0.059448,0.15418,0.54633,0.69794,0.43662
0.0012873,-0.055945,-0.057297,0.16033,0.55324,0.69331,0.43306
0.00051632,-0.055018,-0.055193,0.16747,0.56012,0.6875,0.43078
-0.00053788,-0.054405,-0.053182,0.1735,0.56795,0.68201,0.42683
-0.0015746,-0.053797,-0.051229,0.17954,0.57623,0.67616,0.42253
-0.0025772,-0.05327,-0.049405,0.18513,0.58414,0.67051,0.41824
-0.0022709,-0.052228,-0.047697,0.18993,0.59088,0.66556,0.41451
-0.0030239,-0.051657,-0.04615,0.19457,0.59649,0.66096,0.41167
-0.0036753,-0.051214,-0.04494,0.19821,0.6011,0.65722,0.4092
-0.0041462,-0.050773,-0.043977,0.20124,0.60485,0.65393,0.40748
-0.0045958,-0.050437,-0.043135,0.20397,0.6083,0.65084,0.40593
-0.0047522,-0.050008,-0.042375,0.20666,0.61192,0.64768,0.40417
-0.0050908,-0.049737,-0.041788,0.20666,0.61192,0.64768,0.40417
-0.0056843,-0.049587,-0.040969,0.21156,0.62008,0.64111,0.39966
-0.0061979,-0.049414,-0.040341,0.21379,0.62454,0.63762,0.39709
-0.0066325,-0.04922,-0.039715,0.21601,0.62902,0.63397,0.39466
-0.0069278,-0.049007,-0.039242,0.21797,0.63282,0.63071,0.39272
-0.0070702,-0.048823,-0.038992,0.21797,0.63282,0.63071,0.39272
-0.0072607,-0.048738,-0.038876,0.21918,0.63526,0.62861,0.39148
-0.0072685,-0.048536,-0.038754,0.221,0.63688,0.62663,0.391
-0.0073216,-0.048385,-0.038602,0.22212,0.63736,0.62578,0.39093
-0.007395,-0.048299,-0.038436,0.22341,0.63808,0.62476,0.39066
-0.0074684,-0.048273,-0.038362,0.22341,0.63808,0.62476,0.39066
-0.0076337,-0.048324,-0.03818,0.22409,0.6392,0.62408,0.38952
-0.00764,-0.048155,-0.037788,0.2268,0.64078,0.62244,0.38798
-0.0076263,-0.048068,-0.037589,0.22794,0.64098,0.62221,0.38734
-0.0072797,-0.047915,-0.037487,0.22876,0.64038,0.62261,0.38723
-0.0071802,-0.047966,-0.037638,0.22876,0.64038,0.62261,0.38723
-0.0070091,-0.047995,-0.037654,0.22911,0.63925,0.62347,0.3875
-0.0068061,-0.047997,-0.037741,0.22913,0.63783,0.62451,0.38815
-0.0065525,-0.04803,-0.037853,0.22901,0.63648,0.62555,0.38876
-0.0066393,-0.048173,-0.037986,0.22874,0.63521,0.62664,0.38924
-0.0065441,-0.048172,-0.037994,0.22846,0.6342,0.6276,0.38951
-0.0065132,-0.048166,-0.037991,0.22835,0.63354,0.62831,0.3895
-0.0064661,-0.048154,-0.037969,0.22834,0.63325,0.62864,0.38945
-0.006411,-0.048027,-0.037913,0.22842,0.63321,0.6287,0.38937
-0.0059905,-0.047751,-0.037882,0.2285,0.6332,0.62869,0.38935
-0.0059181,-0.047602,-0.037902,0.22869,0.63312,0.6286,0.38952
-0.0058606,-0.04745,-0.037918,0.2287,0.6328,0.62879,0.38972
-0.0057625,-0.047294,-0.038003,0.22878,0.63221,0.62903,0.39025
-0.0057044,-0.047212,-0.038095,0.22875,0.6316,0.62943,0.39061
-0.0059866,-0.047215,-0.038093,0.22875,0.63108,0.62986,0.39075
-0.0060252,-0.04715,-0.037973,0.22899,0.63091,0.63016,0.39042
-0.0061807,-0.047161,-0.037799,0.22918,0.63108,0.6304,0.38962
-0.0062303,-0.047124,-0.037583,0.2298,0.63128,0.63031,0.38909
-0.0062954,-0.04707,-0.037431,0.23032,0.63137,0.63019,0.38881
-0.0062479,-0.047036,-0.037343,0.23053,0.63117,0.63035,0.38878
-0.0062245,-0.046984,-0.037275,0.23053,0.63063,0.63075,0.38899
-0.0061868,-0.046937,-0.037244,0.23059,0.62994,0.63115,0.38943
-0.0061854,-0.046885,-0.037189,0.23051,0.62933,0.63164,0.38967
-0.0061368,-0.046862,-0.037149,0.2305,0.62886,0.63203,0.38979
-0.0068233,-0.04709,-0.037099,0.23049,0.62833,0.63253,0.38985
-0.0067923,-0.047035,-0.037029,0.23044,0.62772,0.63314,0.38988
-0.0068953,-0.047074,-0.036939,0.22999,0.62729,0.63402,0.3894
-0.0068864,-0.047018,-0.036769,0.23023,0.62679,0.6345,0.38927
-0.0069335,-0.046955,-0.036537,0.23043,0.62634,0.63493,0.38918
-0.0069711,-0.04689,-0.036325,0.23059,0.62595,0.63524,0.3892
-0.0070373,-0.04685,-0.036127,0.23079,0.62573,0.63547,0.38907
-0.0070511,-0.046763,-0.035994,0.23094,0.62564,0.63547,0.38913
-0.0070774,-0.046666,-0.035883,0.23094,0.62543,0.6356,0.38923
-0.007136,-0.046647,-0.035865,0.23072,0.62522,0.6358,0.38939
-0.0070594,-0.046526,-0.035764,0.23071,0.62497,0.63608,0.38933
-0.0071065,-0.046461,-0.035661,0.23081,0.62466,0.63648,0.38913
-0.0072359,-0.046467,-0.035582,0.23045,0.62428,0.63733,0.38857
-0.0072746,-0.046427,-0.035462,0.23048,0.62349,0.63801,0.38868
-0.0072567,-0.04634,-0.035373,0.23038,0.6227,0.63867,0.38893
-0.0071356,-0.046255,-0.035325,0.23018,0.62193,0.63926,0.38932
-0.0071742,-0.046197,-0.035272,0.22993,0.62141,0.63965,0.38965
-0.0073129,-0.046264,-0.035267,0.22939,0.62122,0.64005,0.38961
-0.0073572,-0.046241,-0.035197,0.22926,0.62109,0.64015,0.38974
-0.0074005,-0.046199,-0.035207,0.22909,0.621,0.64023,0.38985
-0.0076378,-0.04626,-0.035194,0.22874,0.62084,0.64049,0.38989
-0.0076947,-0.046242,-0.03517,0.2285,0.62067,0.64084,0.38971
-0.0078345,-0.046279,-0.035148,0.22801,0.62044,0.64147,0.38934
-0.0078454,-0.046232,-0.035125,0.22761,0.61982,0.64213,0.38947
-0.0078906,-0.046159,-0.035073,0.22722,0.61904,0.64288,0.3897
-0.0081339,-0.046169,-0.034962,0.22694,0.61844,0.64347,0.38985
-0.0081428,-0.045996,-0.034789,0.2269,0.61793,0.6439,0.38996
-0.008387,-0.046086,-0.034658,0.22603,0.61788,0.64474,0.38916
-0.0084274,-0.046034,-0.034504,0.22603,0.61761,0.64489,0.38934
-0.0084015,-0.045986,-0.034426,0.2259,0.61737,0.64507,0.3895
-0.0084828,-0.045975,-0.034393,0.22578,0.61713,0.64524,0.38966
-0.0085241,-0.045941,-0.034324,0.2256,0.61684,0.64555,0.38971
-0.0085911,-0.045864,-0.034279,0.22528,0.61646,0.64602,0.38972
-0.00854,-0.045728,-0.034247,0.22502,0.61592,0.64649,0.38995
-0.008517,-0.045622,-0.034188,0.22472,0.6153,0.64696,0.39032
-0.0085765,-0.045507,-0.034115,0.22444,0.61467,0.64742,0.39072
-0.0086242,-0.045433,-0.03402,0.22423,0.61413,0.64779,0.39107
-0.0086709,-0.045361,-0.033908,0.22411,0.61372,0.64806,0.39133
-0.0087302,-0.045269,-0.033742,0.22416,0.61338,0.64822,0.39156
-0.0087479,-0.045192,-0.033631,0.22418,0.61308,0.64843,0.39169
-0.0089016,-0.045173,-0.033504,0.22413,0.61275,0.64871,0.39177
-0.0088984,-0.04509,-0.033427,0.22407,0.61236,0.6491,0.39176
-0.0088648,-0.044979,-0.03337,0.22413,0.61184,0.64942,0.39202
-0.0088046,-0.044899,-0.033382,0.22399,0.61133,0.64984,0.39219
-0.0087019,-0.044836,-0.033418,0.22357,0.61073,0.65033,0.39255
-0.0097547,-0.045303,-0.033484,0.22313,0.61013,0.6508,0.39295
-0.0096652,-0.045268,-0.033556,0.22252,0.60946,0.65129,0.39354
-0.0096356,-0.045265,-0.03359,0.22195,0.60891,0.65182,0.39383
-0.0096341,-0.045262,-0.033539,0.22169,0.60845,0.6522,0.39405
-0.0096787,-0.045234,-0.033419,0.22185,0.60824,0.65244,0.39389
-0.0097566,-0.045223,-0.033213,0.22222,0.60814,0.65254,0.39366
-0.00972,-0.045167,-0.033095,0.22259,0.60811,0.65264,0.39335
-0.0096524,-0.045112,-0.03302,0.22281,0.608,0.65273,0.39324
-0.0095857,-0.045092,-0.033028,0.22276,0.60784,0.65291,0.39322
-0.0095119,-0.045058,-0.033039,0.22258,0.60765,0.65304,0.39339
-0.0094295,-0.045052,-0.033145,0.22229,0.60741,0.65321,0.39365
-0.0093248,-0.045032,-0.033257,0.22197,0.60709,0.65337,0.39405
-0.009368,-0.045119,-0.033361,0.22106,0.60693,0.65396,0.39385
-0.0092968,-0.045104,-0.033429,0.22072,0.60655,0.65423,0.39416
-0.0092407,-0.045094,-0.033497,0.22042,0.60618,0.65452,0.39442
-0.009259,-0.045124,-0.033506,0.22029,0.60586,0.6548,0.39451
-0.0091573,-0.045073,-0.033512,0.2203,0.60571,0.65492,0.39454
-0.0092665,-0.045183,-0.033449,0.21998,0.60579,0.65527,0.39402
-0.0092262,-0.045145,-0.033418,0.22012,0.60572,0.65531,0.39399
-0.0092046,-0.045145,-0.033394,0.22008,0.6056,0.65535,0.39413
-0.0091965,-0.045119,-0.03337,0.21988,0.60544,0.65542,0.39437
-0.009153,-0.045098,-0.033391,0.21972,0.60537,0.65542,0.39456
-0.0092083,-0.045083,-0.03337,0.2195,0.6054,0.65543,0.39461
-0.0092365,-0.045092,-0.033364,0.21946,0.6054,0.65543,0.39465
-0.009245,-0.045095,-0.03335,0.21949,0.60527,0.65556,0.39461
-0.0094191,-0.045154,-0.033288,0.21948,0.60497,0.65587,0.39456
-0.0094537,-0.045144,-0.033183,0.21946,0.60464,0.65625,0.39443
-0.0094152,-0.045056,-0.033035,0.21979,0.60425,0.65637,0.39466
-0.0094866,-0.045039,-0.032873,0.2199,0.60405,0.65663,0.39447
-0.0095944,-0.045003,-0.03273,0.22001,0.60398,0.65674,0.39433
-0.0094966,-0.044865,-0.032641,0.21997,0.60393,0.65678,0.39437
-0.0095946,-0.044819,-0.032594,0.21985,0.60378,0.65687,0.39453
-0.0096646,-0.044776,-0.032545,0.21974,0.60357,0.6569,0.39485
-0.0097139,-0.044716,-0.032502,0.21953,0.60334,0.65708,0.39502
-0.0097935,-0.044659,-0.032457,0.21941,0.60314,0.65721,0.39517
-0.0098361,-0.044647,-0.032383,0.21936,0.60297,0.65739,0.39515
-0.0098769,-0.044605,-0.032325,0.2193,0.60275,0.65758,0.3952
-0.009985,-0.044549,-0.0322,0.21928,0.60257,0.65785,0.39505
-0.010095,-0.044509,-0.032057,0.21942,0.60238,0.65803,0.39495
-0.010227,-0.044462,-0.031856,0.21966,0.60227,0.65821,0.3947
-0.010936,-0.044697,-0.031649,0.22002,0.60223,0.65828,0.39444
-0.01107,-0.044664,-0.031474,0.22028,0.60221,0.6583,0.39428
-0.011232,-0.044653,-0.031309,0.22026,0.6022,0.65847,0.39403
-0.011342,-0.044604,-0.031213,0.22021,0.60211,0.65855,0.39407
-0.011426,-0.044562,-0.03117,0.22009,0.60195,0.65864,0.39423
-0.011479,-0.044488,-0.031151,0.21987,0.60177,0.65878,0.39438
-0.011479,-0.04445,-0.031115,0.21976,0.60159,0.65894,0.39446
-0.011477,-0.044414,-0.031026,0.21987,0.60147,0.65899,0.39448
-0.011509,-0.044396,-0.030906,0.21999,0.60136,0.65917,0.39429
-0.011598,-0.044411,-0.030792,0.22014,0.60118,0.65944,0.39403
-0.011837,-0.044452,-0.030652,0.22025,0.60089,0.65978,0.39385
-0.011897,-0.04446,-0.030601,0.22019,0.60059,0.66008,0.39383
-0.011906,-0.044421,-0.030505,0.22016,0.60027,0.66028,0.394
-0.011923,-0.04443,-0.030509,0.21999,0.6001,0.66043,0.3941
-0.011928,-0.044433,-0.030498,0.21982,0.59987,0.66062,0.39423
-0.011985,-0.044443,-0.030537,0.21965,0.59953,0.66086,0.39444
-0.01192,-0.044407,-0.030586,0.21926,0.59924,0.66115,0.39461
-0.011909,-0.044372,-0.030549,0.21904,0.59894,0.66145,0.39469
-0.011919,-0.044333,-0.030495,0.21895,0.59879,0.66164,0.39464
-0.01191,-0.04435,-0.030419,0.21902,0.59873,0.66178,0.39447
-0.011783,-0.044294,-0.030329,0.21922,0.59868,0.66183,0.39433
-0.011741,-0.044304,-0.030275,0.21948,0.59858,0.66193,0.39417
-0.011737,-0.044287,-0.030222,0.2196,0.59844,0.66205,0.39412
-0.011701,-0.044266,-0.030225,0.21956,0.59823,0.66217,0.39427
-0.011637,-0.044245,-0.030282,0.21932,0.598,0.66227,0.39457
-0.0114,-0.044163,-0.030378,0.21903,0.59774,0.66241,0.3949
-0.011312,-0.044155,-0.030495,0.21865,0.59741,0.66263,0.39524
-0.011393,-0.044235,-0.030551,0.21793,0.59728,0.6631,0.39505
-0.011354,-0.044217,-0.030567,0.21781,0.59712,0.66319,0.39521
-0.011382,-0.04421,-0.030514,0.21788,0.59718,0.66317,0.3951
-0.011257,-0.044134,-0.030353,0.21822,0.59726,0.66311,0.3949
-0.011287,-0.044089,-0.030203,0.21866,0.59737,0.66298,0.39471
-0.011223,-0.044022,-0.030041,0.21905,0.59728,0.66292,0.39473
-0.011257,-0.043995,-0.029934,0.21927,0.59716,0.66298,0.39469
-0.011208,-0.043915,-0.02981,0.21936,0.59688,0.66313,0.3948
-0.011221,-0.043818,-0.029748,0.21929,0.59661,0.66328,0.39501
-0.01127,-0.043815,-0.029717,0.21925,0.59635,0.66344,0.39515
-0.011261,-0.043719,-0.029667,0.21922,0.59615,0.66349,0.39539
-0.011336,-0.043626,-0.029586,0.21926,0.59607,0.66358,0.39535
-0.011409,-0.043587,-0.029468,0.21937,0.59609,0.66361,0.3952
-0.011887,-0.043663,-0.02934,0.21954,0.59614,0.6636,0.39503
-0.011943,-0.043576,-0.029245,0.21971,0.59611,0.66368,0.39486
-0.012029,-0.043499,-0.029099,0.21983,0.59598,0.66383,0.39474
-0.012055,-0.043422,-0.029014,0.21994,0.59584,0.66395,0.39469
-0.012149,-0.043328,-0.028882,0.21999,0.5956,0.66415,0.39467
-0.011899,-0.04315,-0.028799,0.22003,0.5954,0.66429,0.39473
-0.011917,-0.043069,-0.028727,0.21999,0.5952,0.66443,0.3948
-0.01196,-0.043034,-0.028653,0.21997,0.59509,0.66459,0.39471
-0.012028,-0.043003,-0.028597,0.21997,0.59497,0.66474,0.39465
-0.012064,-0.042982,-0.028572,0.22001,0.59493,0.66479,0.39461
-0.012125,-0.042905,-0.028549,0.22005,0.59493,0.66479,0.39456
-0.012149,-0.042819,-0.028522,0.22013,0.59492,0.66478,0.39455
-0.012162,-0.04275,-0.028477,0.22023,0.5949,0.66477,0.39456
-0.012189,-0.042706,-0.028403,0.22039,0.59485,0.66482,0.39446
-0.012228,-0.042649,-0.028344,0.22051,0.59477,0.66492,0.39434
-0.011667,-0.042395,-0.028296,0.22063,0.59471,0.66496,0.39429
-0.011689,-0.042452,-0.028257,0.22067,0.59458,0.66509,0.39425
-0.011686,-0.042441,-0.028253,0.22059,0.59444,0.66522,0.39429
-0.011695,-0.042446,-0.028273,0.2205,0.5943,0.66532,0.39438
-0.011675,-0.042439,-0.028284,0.22038,0.59416,0.66544,0.39446
-0.011786,-0.042441,-0.028272,0.22034,0.5941,0.66544,0.39458
-0.011795,-0.042384,-0.028277,0.22035,0.59413,0.6654,0.3946
-0.011706,-0.042249,-0.028222,0.22092,0.59398,0.66506,0.39508
-0.011751,-0.042184,-0.028147,0.22109,0.59406,0.66498,0.39498
-0.011775,-0.042162,-0.028073,0.22126,0.59415,0.66491,0.39487
-0.011824,-0.042187,-0.028011,0.22143,0.59419,0.66488,0.39477
-0.011859,-0.042192,-0.027983,0.22147,0.59414,0.66493,0.39473
-0.011895,-0.04221,-0.027915,0.22127,0.59403,0.66515,0.39465
-0.011899,-0.042222,-0.027947,0.22115,0.59384,0.6653,0.39473
-0.011877,-0.042212,-0.027956,0.22106,0.5937,0.66541,0.39482
-0.011546,-0.042076,-0.027981,0.22098,0.59359,0.66546,0.39493
-0.011545,-0.042068,-0.027961,0.22098,0.59355,0.66551,0.39494
-0.011578,-0.042076,-0.027948,0.22103,0.59364,0.66543,0.39489
-0.011599,-0.042083,-0.027945,0.22102,0.59379,0.66532,0.39486
-0.01159,-0.042064,-0.027907,0.22102,0.59383,0.66528,0.39486
-0.011613,-0.042077,-0.027917,0.22102,0.59383,0.66528,0.39486
-0.011602,-0.042058,-0.027885,0.22098,0.59383,0.66527,0.3949
-0.011601,-0.042067,-0.027918,0.22095,0.59377,0.66529,0.39497
-0.011605,-0.042071,-0.027925,0.2209,0.59363,0.66541,0.39502
-0.011586,-0.042099,-0.028032,0.22064,0.59347,0.66557,0.39513
-0.011603,-0.042124,-0.028087,0.22039,0.59335,0.66569,0.39525
-0.011583,-0.042193,-0.028202,0.22008,0.59325,0.66584,0.39531
-0.01159,-0.042206,-0.028289,0.22001,0.59317,0.66573,0.39566
-0.011582,-0.042232,-0.028383,0.21985,0.59318,0.66572,0.39576
-0.011604,-0.042245,-0.028401,0.21981,0.59322,0.66567,0.3958
-0.011873,-0.042359,-0.0284,0.21989,0.59326,0.66562,0.39578
-0.011852,-0.042338,-0.028377,0.22008,0.59336,0.66548,0.39577
-0.011886,-0.042329,-0.028326,0.2203,0.5934,0.66535,0.3958
-0.011876,-0.042307,-0.028299,0.2204,0.5933,0.66534,0.3959
-0.011804,-0.042313,-0.02832,0.22041,0.59316,0.66536,0.39607
-0.011591,-0.042232,-0.028376,0.22016,0.59301,0.66545,0.39628