0,0,0,0,0,0,1
-3.6704e-05,2.8365e-05,9.0585e-06,3.6757e-05,-0.0002533,1.2193e-05,1
-6.6435e-05,7.1138e-05,5.3354e-06,6.9453e-05,-0.00051906,3.6639e-05,1
-8.4549e-05,0.00010281,1.9557e-05,0.00022673,-0.00071175,6.5458e-05,1
-8.6077e-05,0.0001673,7.311e-05,0.00034726,-0.00065116,8.2085e-05,1
-7.9677e-05,0.00020562,0.00018526,0.00047202,-0.00049773,-2.0414e-06,1
-3.424e-05,0.00024077,0.00025287,0.00064109,-0.00039287,-6.5662e-05,1
7.9216e-05,0.00029538,0.00029892,0.00078631,-0.00042078,-0.00012941,1
0.00016934,0.00037363,0.00034848,0.00087159,-0.0006298,-0.00019746,1
0.00024309,0.00049971,0.00037434,0.00095707,-0.00075846,-0.00035401,1
0.00031715,0.00058579,0.00041815,0.0010261,-0.0007944,-0.00047853,1
0.00039686,0.00068934,0.00049511,0.0010993,-0.00083864,-0.00063915,1
0.00053131,0.00078478,0.00049168,0.0011489,-0.00093529,-0.00088841,1
0.00061202,0.00089886,0.00055556,0.0013146,-0.0010434,-0.0009964,1
0.00066798,0.0009855,0.0005903,0.0013756,-0.0010032,-0.0011611,1
0.0006925,0.0010672,0.0006888,0.0015312,-0.00075338,-0.00097132,1
0.00078161,0.001089,0.00072563,0.0015717,-0.00053184,-0.0011564,1
0.00085234,0.0011139,0.00074572,0.001604,-0.00031451,-0.0012931,1
0.00091399,0.0011168,0.00076085,0.0015083,-0.00038324,-0.0014786,1
0.00097084,0.0011685,0.00069122,0.0012757,-0.00041986,-0.0016486,1
0.0010108,0.0012025,0.00062699,0.0010747,-0.00058133,-0.0016253,1
0.0010643,0.0012227,0.00055254,0.000943,-0.0006984,-0.001815,1
0.0011603,0.0013066,0.00055376,0.00098014,-0.00079097,-0.0019798,1
0.0012332,0.0013282,0.00053792,0.00092799,-0.00058589,-0.002129,1
0.0012582,0.0013504,0.00058714,0.00099214,-0.00031195,-0.0022254,1
0.0013038,0.0013899,0.00066544,0.0011129,-0.00017099,-0.0022973,1
0.0013159,0.0014042,0.00067664,0.0012457,-0.00019483,-0.0022766,1
0.0013152,0.0014096,0.00064149,0.0013062,-0.00031535,-0.0022643,1
0.0013228,0.0014142,0.00062156,0.0013185,-0.00039978,-0.0022602,1
0.0013136,0.0013609,0.00057512,0.0013791,-0.00052029,-0.0022478,1
0.0013642,0.0013848,0.00053717,0.0012875,-0.00067766,-0.002381,1
0.0013732,0.0013777,0.00050241,0.0012554,-0.00081464,-0.0023328,1
0.0013229,0.0014026,0.00046383,0.0011954,-0.00099574,-0.0023371,1
0.0013375,0.0014019,0.00044683,0.001256,-0.0011162,-0.0023247,1
0.0013622,0.0014179,0.00043732,0.0012847,-0.0012934,-0.0023527,1
0.0013571,0.0014685,0.00046606,0.0013198,-0.0011041,-0.0021796,1
0.0013612,0.001472,0.0004734,0.0012552,-0.00089499,-0.0022443,1
0.0013256,0.0014704,0.0004961,0.0011102,-0.00078673,-0.002269,1
0.0013045,0.0014692,0.00049522,0.0010019,-0.00093174,-0.0022816,1
0.0013272,0.0014597,0.00041362,0.00088617,-0.0013022,-0.0023262,1
0.0013546,0.001443,0.00031859,0.00079817,-0.0017089,-0.0022299,1
0.0013984,0.0014521,0.00027337,0.00087924,-0.0020108,-0.0021973,1
0.0014006,0.0014602,0.00026793,0.0011446,-0.0021388,-0.0020674,0.99999
0.0014057,0.001502,0.00031108,0.001434,-0.0020538,-0.0020259,0.99999
0.0013818,0.0015234,0.00037883,0.0016586,-0.0018399,-0.0019606,1
0.0014509,0.001503,0.00040621,0.0017835,-0.0016061,-0.0021332,0.99999
0.0014679,0.0014759,0.00041819,0.001868,-0.0015938,-0.0021208,0.99999
0.0014857,0.0014463,0.00038569,0.001872,-0.0016825,-0.0020684,0.99999
0.0014869,0.0014441,0.00032834,0.0018118,-0.0019439,-0.0019841,0.99999
0.0015218,0.0014246,0.00020635,0.0017116,-0.0022662,-0.0018919,0.99999
0.0015439,0.0014077,0.00010649,0.0016597,-0.0026246,-0.0017915,0.99999
0.0014746,0.0013592,4.3764e-06,0.0016398,-0.002846,-0.0017392,0.99999
0.0014954,0.0013428,-4.6699e-05,0.001821,-0.0029059,-0.0017102,0.99999
0.0014428,0.001284,-5.9763e-05,0.0020257,-0.0029134,-0.0015926,0.99999
0.0014053,0.0012149,-3.4056e-05,0.0021824,-0.0028045,-0.0015719,0.99999
0.0014661,0.0011475,-6.276e-05,0.0021148,-0.0026476,-0.0018579,0.99999
0.0014376,0.0010932,-0.00018642,0.0019573,-0.0025353,-0.0017983,0.99999
0.0013565,0.0010614,-0.00028811,0.0016029,-0.0026731,-0.0016629,0.99999
0.0013571,0.0010258,-0.00049842,0.001201,-0.0029961,-0.0016162,0.99999
0.0013143,0.00098236,-0.00067087,0.00075877,-0.003359,-0.0015376,0.99999
0.0012266,0.0009068,-0.00076645,0.00050104,-0.003569,-0.0013857,0.99999
0.0011733,0.00084874,-0.00089203,0.00039593,-0.0035815,-0.0012653,0.99999
0.0010963,0.00076042,-0.00084659,0.000572,-0.0034117,-0.0011198,0.99999
0.00098297,0.00070947,-0.00078504,0.00092938,-0.0032217,-0.0010338,0.99999
0.00089135,0.00068702,-0.00065637,0.0013752,-0.003108,-0.000883,0.99999
0.00078425,0.00067818,-0.0005736,0.0017809,-0.002954,-0.00078877,0.99999
0.00070651,0.00068872,-0.0004505,0.0020096,-0.0028288,-0.00067109,0.99999
0.00065686,0.00070841,-0.00034338,0.0021176,-0.0027642,-0.00057003,0.99999
0.00061245,0.00074992,-0.00029599,0.0020691,-0.0028084,-0.00048977,0.99999
0.00057164,0.00082771,-0.00030835,0.001892,-0.0028372,-0.00046632,0.99999
0.00056746,0.00094954,-0.00027626,0.0017687,-0.0028697,-0.00079284,0.99999
0.0004962,0.0010038,-0.0001993,0.0017163,-0.0027449,-0.00085349,0.99999
0.00042467,0.001068,-9.7425e-05,0.0018567,-0.0024629,-0.00088915,0.99999
0.00038383,0.001123,3.4722e-05,0.0020693,-0.0020843,-0.00091646,1
0.00035533,0.0011884,0.00018571,0.0023867,-0.0017736,-0.00097557,1
0.00041662,0.0012821,0.00030903,0.0025849,-0.001584,-0.0013088,0.99999
0.00041402,0.0013507,0.00039383,0.0027179,-0.0015275,-0.0013766,0.99999
0.00042829,0.0014424,0.00040587,0.0027147,-0.0016601,-0.0015095,0.99999
0.00038901,0.0015342,0.00038755,0.0025786,-0.0019504,-0.00151,0.99999
0.00040139,0.0015351,0.00033351,0.0023301,-0.002297,-0.0015754,0.99999
0.00030801,0.0015377,0.00027907,0.0019751,-0.0026758,-0.0011744,0.99999
0.00027386,0.0015844,0.00024134,0.0017423,-0.002894,-0.0011914,0.99999
0.00021381,0.001615,0.00027126,0.0016334,-0.0027374,-0.001212,0.99999
0.00015671,0.0016433,0.00042635,0.0015639,-0.0022184,-0.0012486,1
6.2561e-05,0.0016742,0.00064316,0.0015987,-0.0014656,-0.0013251,1
4.6284e-05,0.0017165,0.00080328,0.0016582,-0.00080141,-0.0014819,1
1.5943e-05,0.0017108,0.00093682,0.0017378,-0.00047925,-0.0014414,1
9.2434e-06,0.0017139,0.00097353,0.0018106,-0.0006842,-0.001425,1
1.3138e-06,0.001641,0.0009236,0.0018111,-0.0011673,-0.0012639,1
-7.4567e-05,0.0016095,0.0008892,0.0017834,-0.0017749,-0.0010667,1
-0.00028019,0.0014801,0.00078735,0.0016885,-0.0022337,-0.00026615,1
-0.00038167,0.001445,0.00079787,0.0017447,-0.0025274,-6.4586e-05,1
-0.00043444,0.0013815,0.00080429,0.0018805,-0.002499,0.00017751,1
-0.00049407,0.0013788,0.00083694,0.0021409,-0.0023171,0.00033546,0.99999
-0.00055212,0.001359,0.00097022,0.0023698,-0.0021115,0.00036467,0.99999
-0.00057888,0.0013303,0.0010085,0.0024738,-0.0019582,0.00041331,0.99999
-0.00057918,0.0013333,0.0010755,0.0025583,-0.001946,0.00042575,0.99999
-0.00056931,0.0013218,0.0010691,0.0024863,-0.0019623,0.00032888,0.99999
-0.00063641,0.0012893,0.001064,0.0022452,-0.0020834,0.00029562,1
-0.00067724,0.0013481,0.0010578,0.0019199,-0.0021365,0.00016143,1
-0.00066904,0.0013679,0.00099731,0.0015986,-0.0022782,7.9651e-05,1
-0.00074157,0.0014542,0.0010595,0.0014135,-0.0021296,-1.6987e-06,1
-0.00089171,0.0015011,0.0012263,0.0014768,-0.0016344,-1.7646e-05,1
-0.00093584,0.0015888,0.0014693,0.0017453,-0.00098605,-9.3029e-05,1
-0.0010426,0.0016651,0.0017099,0.0020261,-0.00042206,-0.00016435,1
-0.001446,0.0015037,0.0018819,0.0021792,-0.00013958,0.0015185,1
-0.0014979,0.0015191,0.0019735,0.0021915,-0.00022401,0.0015225,1
-0.0015928,0.0015568,0.0020261,0.0021108,-0.00040525,0.001651,1
-0.0016715,0.0015823,0.0020921,0.0019623,-0.00069145,0.001735,1
-0.0017374,0.0016443,0.0021909,0.0018097,-0.00088902,0.0017666,1
-0.0018084,0.0017127,0.0023497,0.0018409,-0.00053077,0.0017989,1
-0.0018943,0.001766,0.0025492,0.001908,-0.00020455,0.0019239,1
-0.0019437,0.0018695,0.0027953,0.0020074,0.00033901,0.0019121,1
-0.0019563,0.0019652,0.0030785,0.0021758,0.00084657,0.0017758,1
-0.0019994,0.0020937,0.0033539,0.0022198,0.0012812,0.0016352,1
-0.001998,0.0021815,0.0035346,0.0020428,0.0014338,0.0015054,1
-0.002008,0.0023062,0.0037753,0.0018619,0.0015742,0.001388,1
-0.0019523,0.0024042,0.0039364,0.0016211,0.0015334,0.0012662,1
-0.0019522,0.0025217,0.0041693,0.0016261,0.0013039,0.0011497,1
-0.0019274,0.0026086,0.0044387,0.0019197,0.0014817,0.0010904,1
-0.0019396,0.0027711,0.0048351,0.0023582,0.0020138,0.00087094,0.99999
-0.001861,0.0029487,0.0052344,0.0028491,0.0026025,0.00055892,0.99999
-0.0018345,0.0031302,0.0056748,0.0032925,0.003006,0.00015818,0.99999
-0.0017245,0.0033455,0.0060007,0.0036112,0.0032561,-0.00015843,0.99999
-0.0016236,0.0035131,0.0062765,0.0037814,0.0032202,-0.00039105,0.99999
-0.0016095,0.0036756,0.0065383,0.003875,0.0030957,-0.00059593,0.99999
-0.0015858,0.0039013,0.0067944,0.0038927,0.0028622,-0.00079698,0.99999
-0.001555,0.0040962,0.0070323,0.003938,0.0027737,-0.0010101,0.99999
-0.0015361,0.0042528,0.0073217,0.0040794,0.0029149,-0.0012148,0.99999
-0.001607,0.0044033,0.007697,0.0044332,0.0033543,-0.0013582,0.99998
-0.0016547,0.0046616,0.0081054,0.0049765,0.0038183,-0.0016096,0.99998
-0.0017317,0.0048615,0.0085232,0.0054712,0.004238,-0.0017806,0.99997
-0.0017975,0.0050448,0.008886,0.0057405,0.0046651,-0.0019365,0.99997
-0.001849,0.0053154,0.0092515,0.0058532,0.0049833,-0.0021131,0.99997
-0.0019227,0.0055431,0.009503,0.0058052,0.0050999,-0.00221,0.99997
-0.0019989,0.0057881,0.0097997,0.0058741,0.0050638,-0.0023344,0.99997
-0.0020819,0.006028,0.010135,0.0058991,0.0050558,-0.0025033,0.99997
-0.0022282,0.0062388,0.010513,0.0059436,0.0051886,-0.002636,0.99997
-0.0023214,0.006485,0.010905,0.0059957,0.0056274,-0.002825,0.99996
-0.0024317,0.006711,0.011356,0.0062849,0.006276,-0.0030332,0.99996
-0.0025773,0.0069454,0.011912,0.0067027,0.0069891,-0.003273,0.99995
-0.0026102,0.0071982,0.012424,0.0071249,0.0076944,-0.003549,0.99994
-0.0026681,0.0074036,0.012905,0.0074913,0.0081299,-0.0037769,0.99993
-0.002676,0.00762,0.013343,0.0077735,0.0082511,-0.0040092,0.99993
-0.0026933,0.0078071,0.013718,0.0079397,0.0083037,-0.0042942,0.99992
-0.0027321,0.0080519,0.014069,0.008021,0.0082636,-0.0045031,0.99992
-0.0027412,0.0082852,0.014467,0.0080423,0.0084246,-0.004813,0.99992
-0.0027946,0.0085255,0.014861,0.0079859,0.0087181,-0.0050144,0.99992
-0.0028066,0.0088245,0.015296,0.0080137,0.009326,-0.0052117,0.99991
-0.002889,0.0091126,0.015783,0.0082226,0.0098738,-0.00538,0.9999
-0.0028904,0.0093829,0.016185,0.0084927,0.01008,-0.0056163,0.9999
-0.002879,0.0096943,0.016616,0.0089076,0.010177,-0.0058277,0.99989
-0.0029091,0.009947,0.017094,0.0091944,0.01029,-0.0060962,0.99989
-0.0030103,0.010099,0.017203,0.0094162,0.010532,-0.0063408,0.99988
-0.0030704,0.010316,0.01766,0.0096017,0.010725,-0.0065895,0.99987
-0.0031179,0.010546,0.018085,0.00976,0.010774,-0.0068264,0.99987
-0.0031473,0.010763,0.018555,0.0099813,0.010936,-0.0069823,0.99987
-0.003162,0.011032,0.018952,0.010292,0.011101,-0.0071622,0.99986
-0.0031599,0.011299,0.019395,0.010506,0.011339,-0.0073586,0.99985
-0.0031975,0.011604,0.019871,0.0108,0.011678,-0.0075949,0.99984
-0.0032235,0.011914,0.020383,0.011138,0.012069,-0.0078751,0.99983
-0.0032119,0.012221,0.020894,0.0115,0.012371,-0.0082356,0.99982
-0.0032575,0.012541,0.021424,0.01186,0.012662,-0.0085846,0.99981
-0.0033395,0.012845,0.021973,0.012223,0.012964,-0.0089451,0.9998
-0.0032988,0.013303,0.02286,0.012449,0.013199,-0.0092261,0.99979
-0.0034861,0.013436,0.023032,0.012666,0.013529,-0.0095228,0.99978
-0.0035351,0.013774,0.02354,0.012796,0.013835,-0.0098204,0.99977
-0.0036268,0.014068,0.024083,0.012893,0.014104,-0.010134,0.99977
-0.0037605,0.014393,0.024598,0.013066,0.014382,-0.010386,0.99976
-0.0037569,0.014868,0.025584,0.013377,0.01485,-0.010575,0.99974
-0.0040213,0.015017,0.02583,0.013774,0.015342,-0.010762,0.99973
-0.0041631,0.015359,0.026478,0.014346,0.01585,-0.010961,0.99971
-0.0043481,0.015678,0.027106,0.014857,0.016177,-0.011164,0.9997
-0.0045176,0.015998,0.027752,0.015332,0.016456,-0.011371,0.99968
-0.0046163,0.016406,0.028681,0.015332,0.016456,-0.011371,0.99968
-0.0048402,0.016591,0.028881,0.015735,0.016638,-0.011587,0.99967
-0.0050033,0.016945,0.029517,0.016045,0.016804,-0.011767,0.99966
-0.0051614,0.017316,0.03012,0.016163,0.017114,-0.01198,0.99965
-0.0053702,0.017648,0.030769,0.016239,0.017686,-0.012169,0.99964
-0.0055786,0.018001,0.03152,0.016511,0.018426,-0.012344,0.99962
-0.0057962,0.018359,0.032222,0.016836,0.019123,-0.012548,0.9996
-0.0060022,0.018748,0.03297,0.01719,0.019643,-0.01278,0.99958
-0.0061508,0.019109,0.033665,0.017625,0.020042,-0.013133,0.99956
-0.0063211,0.019498,0.0344,0.018016,0.020389,-0.013441,0.99954
-0.0064937,0.019865,0.03511,0.018407,0.020736,-0.013749,0.99952
-0.0066185,0.020239,0.035813,0.018782,0.021034,-0.014194,0.9995
-0.0066952,0.020646,0.036525,0.019149,0.021329,-0.014591,0.99948
-0.0068291,0.020997,0.037296,0.019553,0.021672,-0.014984,0.99946
-0.0069264,0.021413,0.038055,0.020041,0.022249,-0.015284,0.99943
-0.0070733,0.021807,0.038895,0.020651,0.022897,-0.015579,0.9994
-0.0071952,0.022204,0.039726,0.021408,0.023518,-0.015938,0.99937
-0.0072868,0.022593,0.040551,0.022173,0.024044,-0.016281,0.99933
-0.0074081,0.022991,0.041386,0.02291,0.024443,-0.016588,0.9993
-0.0075075,0.023369,0.042236,0.023584,0.024731,-0.016976,0.99927
-0.0075947,0.02381,0.043093,0.024176,0.025018,-0.017388,0.99924
-0.0076506,0.024229,0.043938,0.024817,0.025349,-0.01788,0.99921
-0.0077127,0.024685,0.044831,0.02545,0.025676,-0.018324,0.99918
-0.0077448,0.02512,0.045712,0.026122,0.026063,-0.018775,0.99914
-0.0077686,0.025604,0.046577,0.026869,0.026448,-0.019155,0.99911
-0.0077794,0.02612,0.047495,0.027642,0.026977,-0.019546,0.99906
-0.0077842,0.026617,0.04844,0.028435,0.027726,-0.019989,0.99901
-0.0078002,0.027123,0.04943,0.029131,0.028549,-0.020449,0.99896
-0.0074646,0.027838,0.050964,0.029797,0.029094,-0.02103,0.99891
-0.0077434,0.028062,0.051278,0.03037,0.02932,-0.021567,0.99888
-0.0073508,0.028784,0.0527,0.030787,0.029438,-0.022125,0.99885
-0.0076264,0.029014,0.052963,0.031119,0.029543,-0.022695,0.99882
-0.0075412,0.029516,0.053757,0.031361,0.029643,-0.02324,0.9988
-0.0071819,0.030258,0.055201,0.031681,0.029833,-0.023815,0.99877
-0.0074295,0.030522,0.055498,0.032226,0.030236,-0.024323,0.99873
-0.0073256,0.031039,0.056389,0.032927,0.030829,-0.0249,0.99867
-0.0072259,0.031535,0.057356,0.033842,0.031498,-0.025496,0.99861
-0.0071323,0.032008,0.058262,0.034761,0.03208,-0.026039,0.99854
-0.0066867,0.03274,0.05972,0.035527,0.032464,-0.026552,0.99849
-0.0069179,0.032997,0.060007,0.036101,0.032691,-0.027089,0.99845
-0.0067659,0.033475,0.060828,0.036488,0.032985,-0.027618,0.99841
-0.0066286,0.033904,0.061643,0.036808,0.033396,-0.028112,0.99837
-0.0065137,0.034335,0.062504,0.03729,0.033839,-0.028544,0.99832
-0.0059336,0.034975,0.063911,0.037779,0.034275,-0.029013,0.99828
-0.0057419,0.035386,0.064732,0.038419,0.034605,-0.029504,0.99823
-0.0055218,0.03581,0.065537,0.039041,0.034796,-0.030033,0.99818
-0.0057034,0.036034,0.065841,0.039861,0.035056,-0.030485,0.99812
-0.0054996,0.036418,0.066691,0.040724,0.035368,-0.030981,0.99806
-0.0052683,0.036888,0.067548,0.041557,0.035634,-0.031528,0.998
-0.0050267,0.037326,0.068362,0.042275,0.035752,-0.032039,0.99795
-0.0047557,0.037786,0.069157,0.04289,0.035717,-0.032601,0.99791
-0.0045742,0.038205,0.06997,0.043504,0.035823,-0.032993,0.99787
-0.0044242,0.038612,0.070843,0.044136,0.036069,-0.033348,0.99782
-0.0042552,0.039016,0.071694,0.044743,0.036626,-0.033542,0.99776
-0.0041369,0.039403,0.07264,0.045422,0.037501,-0.033649,0.9977
-0.0040528,0.03975,0.073631,0.04627,0.03832,-0.033641,0.99763
-0.0038859,0.0401,0.074558,0.047262,0.038808,-0.033688,0.99756
-0.0036656,0.04049,0.075448,0.048277,0.038895,-0.033797,0.9975
-0.0034178,0.040841,0.076303,0.049395,0.038691,-0.034016,0.99745
-0.0031218,0.041208,0.077168,0.050513,0.038477,-0.034226,0.99739
-0.002872,0.041542,0.07813,0.051849,0.038564,-0.034421,0.99732
-0.0026129,0.041908,0.079166,0.053475,0.038736,-0.034574,0.99722
-0.0023283,0.042248,0.080276,0.055245,0.03888,-0.034791,0.99711
-0.0020614,0.042629,0.081368,0.056973,0.038972,-0.034965,0.997
-0.0018223,0.042959,0.08249,0.058701,0.039064,-0.035139,0.99689
-0.0014965,0.043309,0.083605,0.060248,0.039217,-0.035343,0.99679
-0.0012381,0.043654,0.084689,0.061709,0.039276,-0.035469,0.99669
-0.00091038,0.043925,0.085736,0.06317,0.039114,-0.035675,0.9966
-0.00058183,0.044193,0.086755,0.064613,0.03873,-0.03583,0.99651
-0.00026133,0.044443,0.087759,0.06603,0.038213,-0.035984,0.99644
5.4787e-05,0.044666,0.088772,0.067556,0.037752,-0.036027,0.99635
0.00046244,0.04495,0.089876,0.069364,0.037471,-0.03609,0.99623
0.00081624,0.045248,0.091036,0.071326,0.03746,-0.036263,0.99609
0.001214,0.045547,0.092202,0.073318,0.037584,-0.036483,0.99593
0.0015897,0.045813,0.093432,0.075292,0.037568,-0.036741,0.99578
0.0019212,0.046073,0.094638,0.077086,0.037391,-0.037107,0.99563
0.0023602,0.04638,0.095783,0.07856,0.037083,-0.037567,0.99551
0.0027488,0.046664,0.09689,0.079775,0.036736,-0.038016,0.99541
0.0031335,0.046932,0.097947,0.080845,0.036416,-0.038403,0.99532
0.0034803,0.047253,0.09908,0.082035,0.036157,-0.038772,0.99522
0.0038072,0.047588,0.10023,0.083375,0.036014,-0.039083,0.9951
0.004155,0.047887,0.10147,0.085073,0.036131,-0.039386,0.99494
0.0044648,0.048208,0.10282,0.086967,0.036548,-0.039543,0.99475
0.0047928,0.048525,0.10426,0.088987,0.037251,-0.039649,0.99455
0.0050729,0.048861,0.1057,0.090817,0.037787,-0.039771,0.99436
0.0053694,0.049172,0.10711,0.092468,0.037861,-0.04004,0.99419
0.0057402,0.049552,0.10844,0.093823,0.037704,-0.040426,0.99405
0.0060489,0.049904,0.10983,0.094983,0.03748,-0.040935,0.99393
0.0063991,0.050268,0.11113,0.096196,0.037132,-0.041384,0.99381
0.0067023,0.050623,0.11249,0.097458,0.036969,-0.041745,0.99368
0.0069922,0.051024,0.11387,0.098875,0.037056,-0.041916,0.99353
0.0072335,0.051374,0.11539,0.10072,0.03751,-0.042079,0.99332
0.0074893,0.051721,0.11698,0.10301,0.038147,-0.042171,0.99305
0.0077684,0.052052,0.11867,0.10547,0.038896,-0.042289,0.99276
0.0081006,0.05237,0.12034,0.10779,0.039528,-0.042597,0.99247
0.0084536,0.052728,0.12198,0.10982,0.039853,-0.043026,0.99222
0.0088496,0.053063,0.12352,0.11157,0.039785,-0.043526,0.99201
0.0092432,0.053405,0.12505,0.11325,0.039622,-0.044081,0.9918
0.009636,0.05377,0.12661,0.11488,0.03958,-0.044649,0.99159
0.0099616,0.05411,0.12819,0.11667,0.040005,-0.045031,0.99134
0.010253,0.054438,0.12985,0.11882,0.040753,-0.045194,0.99105
0.010531,0.054671,0.13158,0.12148,0.041623,-0.045014,0.9907
0.010803,0.054913,0.13329,0.12439,0.042361,-0.044654,0.99032
0.011079,0.055116,0.13497,0.12742,0.042768,-0.044217,0.98994
0.011385,0.055323,0.13664,0.13041,0.042983,-0.043906,0.98955
0.01177,0.055543,0.13827,0.13318,0.043154,-0.043803,0.98918
0.012218,0.055709,0.13982,0.1357,0.043294,-0.04383,0.98883
0.012619,0.055867,0.14136,0.13792,0.043298,-0.043989,0.98852
0.013047,0.056043,0.14282,0.14002,0.043153,-0.044113,0.98822
0.013465,0.056237,0.1443,0.14212,0.043011,-0.044284,0.98792
0.013861,0.056433,0.14571,0.14414,0.042998,-0.044298,0.98763
0.014175,0.056624,0.14717,0.14665,0.043272,-0.044062,0.98726
0.014579,0.056731,0.14866,0.14949,0.043733,-0.043559,0.98683
0.014871,0.056818,0.1502,0.15256,0.044151,-0.042843,0.98638
0.015239,0.056877,0.15161,0.1558,0.044446,-0.042176,0.98589
0.015633,0.05694,0.153,0.15917,0.044489,-0.041606,0.98537
0.016024,0.056979,0.15438,0.16243,0.044323,-0.041259,0.98486
0.016374,0.05701,0.15573,0.16549,0.044096,-0.040997,0.98437
0.01678,0.057029,0.15704,0.16828,0.043997,-0.04082,0.98391
0.017069,0.057069,0.15834,0.17075,0.044078,-0.040708,0.98349
0.017456,0.057166,0.15951,0.17291,0.04439,-0.040572,0.9831
0.017815,0.057186,0.16063,0.17523,0.044861,-0.040147,0.98269
0.018053,0.057175,0.16175,0.17804,0.045313,-0.039416,0.98219
0.018039,0.056991,0.16304,0.18149,0.045639,-0.038529,0.98158
0.018304,0.05698,0.16416,0.18527,0.045638,-0.037783,0.9809
0.019003,0.057053,0.16495,0.18914,0.045506,-0.037193,0.98019
0.019397,0.056981,0.16598,0.19281,0.045384,-0.036722,0.9795
0.019756,0.056908,0.16702,0.19614,0.045528,-0.036367,0.97884
0.019632,0.056712,0.16832,0.19908,0.045665,-0.035987,0.97826
0.019918,0.056567,0.16931,0.20172,0.045725,-0.035612,0.97773
0.020578,0.056679,0.17,0.2041,0.045839,-0.035195,0.97724
0.020772,0.056649,0.17097,0.20649,0.046063,-0.034431,0.97676
0.02098,0.056598,0.1719,0.2092,0.046551,-0.033441,0.97619
0.020757,0.056318,0.17315,0.21233,0.047009,-0.032335,0.97553
0.020882,0.056309,0.17418,0.21577,0.047397,-0.03143,0.97479
0.021462,0.056438,0.17502,0.21943,0.048012,-0.030709,0.97396
0.021648,0.056323,0.17616,0.22301,0.048839,-0.030148,0.97312
0.02186,0.056264,0.17734,0.22634,0.049661,-0.029802,0.97233
0.022086,0.05614,0.17846,0.22933,0.050438,-0.029555,0.97159
0.022248,0.056057,0.17958,0.23203,0.051059,-0.029271,0.97093
0.022402,0.056002,0.18062,0.23447,0.051647,-0.028894,0.97032
0.022523,0.055987,0.18159,0.23667,0.052314,-0.028256,0.96977
0.022383,0.055736,0.18271,0.23888,0.052897,-0.027481,0.96922
0.02255,0.055732,0.18358,0.24101,0.053384,-0.026715,0.96868
0.022676,0.055757,0.18442,0.24324,0.053489,-0.026007,0.96814
0.022883,0.05579,0.18526,0.24582,0.053262,-0.025476,0.96752
0.023056,0.055805,0.18616,0.24861,0.053105,-0.025095,0.96682
0.023343,0.05583,0.18711,0.25124,0.052973,-0.025349,0.96614
0.023503,0.055841,0.18813,0.25342,0.053249,-0.02531,0.96556
0.023733,0.055851,0.18912,0.25519,0.053838,-0.025228,0.96506
0.023872,0.055831,0.19018,0.25669,0.054787,-0.025029,0.96462
0.024002,0.055828,0.19125,0.2581,0.055789,-0.024679,0.96419
0.024065,0.055785,0.19229,0.25952,0.056783,-0.024319,0.96376
0.02417,0.05576,0.19335,0.26107,0.057612,-0.024154,0.9633
0.02431,0.055784,0.19442,0.26272,0.058221,-0.024178,0.96281
0.024456,0.055795,0.19544,0.26438,0.058688,-0.024324,0.96232
0.024561,0.055782,0.19645,0.26601,0.059245,-0.024437,0.96184
0.024644,0.055767,0.19748,0.26784,0.059648,-0.024552,0.9613
0.024647,0.055666,0.19857,0.26989,0.060084,-0.02445,0.9607
0.024651,0.055578,0.19971,0.27201,0.060838,-0.024258,0.96006
0.024618,0.055473,0.20098,0.27396,0.062102,-0.023851,0.95944
0.024544,0.055314,0.20231,0.27611,0.063851,-0.023123,0.95873
0.024441,0.055157,0.20376,0.27873,0.065906,-0.022309,0.95784
0.02435,0.05491,0.20524,0.2818,0.067695,-0.021486,0.95684
0.02423,0.054676,0.20679,0.28551,0.068976,-0.020831,0.95566
0.024133,0.054357,0.20834,0.28974,0.069945,-0.02028,0.95433
0.024113,0.054003,0.21,0.29423,0.071074,-0.019774,0.95288
0.023995,0.053616,0.21173,0.29871,0.072588,-0.019233,0.95138
0.023902,0.053229,0.21345,0.30312,0.074447,-0.018539,0.94986
0.023805,0.052763,0.21521,0.30762,0.076449,-0.017652,0.94827
0.023684,0.052322,0.21697,0.31228,0.078077,-0.016763,0.94663
0.023577,0.05195,0.21864,0.3171,0.079277,-0.015866,0.94494
0.023465,0.051563,0.22032,0.32212,0.080398,-0.015144,0.94316
0.023389,0.051104,0.22198,0.32731,0.08153,-0.014337,0.94128
0.023347,0.050625,0.22367,0.3328,0.08281,-0.01365,0.93926
0.023291,0.050143,0.2254,0.33851,0.084059,-0.012953,0.93711
0.023205,0.049571,0.22709,0.34407,0.085335,-0.012373,0.93497
0.023357,0.049136,0.22875,0.34937,0.086225,-0.012704,0.93292
0.023321,0.048604,0.23027,0.35411,0.087464,-0.011968,0.93103
0.023273,0.048119,0.23169,0.35839,0.08839,-0.011306,0.92931
0.023311,0.04776,0.233,0.3624,0.088853,-0.010818,0.92771
0.023356,0.047446,0.23416,0.36623,0.088939,-0.010388,0.9262
0.023469,0.047238,0.23525,0.37001,0.088594,-0.010707,0.92473
0.023482,0.047015,0.23624,0.37378,0.088357,-0.01045,0.92324
0.02351,0.046722,0.23728,0.37772,0.088407,-0.010083,0.92163
0.023539,0.046443,0.23835,0.38185,0.088772,-0.0096392,0.9199
0.023543,0.046077,0.23943,0.38584,0.089385,-0.0091838,0.91818
0.023587,0.045739,0.24054,0.3896,0.090383,-0.0083434,0.9165
0.023677,0.045398,0.2416,0.39292,0.091238,-0.0078995,0.915
0.023777,0.045092,0.24257,0.39581,0.091972,-0.0074054,0.91369
0.023821,0.044801,0.24352,0.39851,0.092558,-0.0069004,0.91246
0.023921,0.044575,0.24439,0.40117,0.09293,-0.0063549,0.91125
0.023977,0.044316,0.24525,0.40395,0.092995,-0.0059459,0.91002
0.024045,0.044068,0.2461,0.407,0.092993,-0.0055194,0.90866
0.024141,0.043799,0.24693,0.41025,0.092775,-0.0053051,0.90722
0.02429,0.043517,0.24782,0.41347,0.092673,-0.0053204,0.90577
0.024434,0.043282,0.24874,0.41649,0.092809,-0.0055176,0.90437
0.024625,0.043021,0.24967,0.41927,0.093365,-0.0056034,0.90303
0.024827,0.042766,0.25062,0.4219,0.094037,-0.005678,0.90173
0.024967,0.042542,0.25159,0.42449,0.094801,-0.0055876,0.90044
0.025102,0.042303,0.25254,0.42716,0.095405,-0.0052957,0.89911
0.025156,0.042058,0.25346,0.42988,0.095801,-0.0048063,0.89777
0.025224,0.041777,0.25442,0.43276,0.096075,-0.0044126,0.89636
0.025308,0.041547,0.25535,0.43568,0.096255,-0.0041354,0.89493
0.025399,0.041335,0.25635,0.43862,0.096563,-0.0039907,0.89346
0.025508,0.041067,0.25742,0.44147,0.097167,-0.0037822,0.89199
0.025681,0.040796,0.25849,0.44435,0.097902,-0.0035253,0.89048
0.025841,0.040529,0.25956,0.44725,0.098408,-0.0035659,0.88897
0.025944,0.040156,0.26071,0.45033,0.099475,-0.0029657,0.8873
0.025996,0.039703,0.26194,0.45387,0.10067,-0.002222,0.88536
0.026018,0.039207,0.26321,0.45799,0.10163,-0.0015114,0.88313
0.026051,0.03873,0.26451,0.46237,0.10246,-0.0010891,0.88075
0.02617,0.03831,0.26577,0.4668,0.10311,-0.00091192,0.87833
0.026211,0.037855,0.26707,0.47118,0.10388,-0.00074707,0.8759
0.02628,0.0374,0.26831,0.47537,0.10464,-0.00048658,0.87354
0.026341,0.036972,0.26951,0.47939,0.10553,2.4476e-06,0.87123
0.026372,0.036478,0.27067,0.48352,0.10621,0.00070142,0.86886
0.026305,0.035982,0.27171,0.48787,0.1067,0.001635,0.86637
0.026223,0.035454,0.27277,0.49236,0.10684,0.0025735,0.86381
0.026171,0.034986,0.27373,0.49692,0.10676,0.0034078,0.8612
0.02608,0.034535,0.27465,0.50143,0.10644,0.0039319,0.85861
0.026071,0.034118,0.2756,0.50586,0.10623,0.004311,0.85604
0.026111,0.033672,0.27654,0.51022,0.10619,0.004621,0.85345
0.026169,0.033195,0.27748,0.51431,0.10639,0.0048694,0.85096
0.026233,0.032717,0.27845,0.51813,0.10674,0.0052291,0.8486
0.026342,0.032274,0.27936,0.52167,0.10708,0.0055268,0.84638
0.026467,0.031868,0.28022,0.52519,0.10719,0.0058283,0.84418
0.026528,0.031503,0.28097,0.52866,0.1073,0.0061661,0.842
0.026627,0.031171,0.28172,0.53213,0.1074,0.0064194,0.8398
0.026708,0.030847,0.28242,0.53549,0.10736,0.0065632,0.83767
0.026895,0.030585,0.28309,0.53865,0.10713,0.0064484,0.83567
0.027119,0.030337,0.28372,0.54161,0.107,0.0062843,0.83377
0.027406,0.03015,0.28431,0.54449,0.1064,0.0053672,0.83197
0.027626,0.029891,0.28487,0.54714,0.10636,0.0053903,0.83024
0.027931,0.029671,0.28539,0.54978,0.10618,0.0053774,0.82852
0.028128,0.029454,0.28594,0.55233,0.10599,0.0053881,0.82684
0.028308,0.029256,0.28651,0.55484,0.10589,0.0054306,0.82517
0.028468,0.029518,0.28675,0.55484,0.10589,0.0054306,0.82517
0.028689,0.029421,0.28723,0.55717,0.10527,0.0047397,0.82368
0.028965,0.028931,0.28797,0.56138,0.10509,0.004237,0.82085
0.029162,0.028799,0.28839,0.56333,0.10498,0.0038821,0.81953
0.029437,0.028714,0.28884,0.56516,0.10482,0.0034138,0.81828
0.029565,0.028906,0.28907,0.56516,0.10482,0.0034138,0.81828
0.029782,0.028805,0.28948,0.56706,0.1044,0.0027043,0.81703
0.030087,0.028362,0.29012,0.57053,0.10411,0.0018553,0.81465
0.030276,0.02821,0.29061,0.57194,0.10429,0.0016704,0.81364
0.030403,0.028022,0.29115,0.57339,0.10459,0.0014495,0.81258
0.030484,0.028129,0.29151,0.57339,0.10459,0.0014495,0.81258
0.03065,0.028006,0.29213,0.57479,0.10472,0.00095871,0.81157
0.03078,0.02788,0.29272,0.57609,0.10484,0.00066045,0.81064
0.030909,0.027796,0.29331,0.57721,0.10461,0.00024446,0.80986
0.030885,0.027758,0.29392,0.5782,0.10425,0.0001053,0.80921
0.030886,0.027698,0.29454,0.57916,0.10416,0.00017134,0.80853
0.030827,0.027606,0.29517,0.5802,0.10408,0.00047928,0.8078
0.030806,0.027486,0.29584,0.58144,0.10406,0.00065966,0.80691
0.030744,0.027301,0.29655,0.58286,0.10398,0.00080085,0.80589
0.030706,0.027059,0.29728,0.58449,0.10387,0.00081851,0.80472
0.030676,0.026815,0.29809,0.58635,0.10364,0.00089788,0.8034
0.030583,0.02652,0.29889,0.58837,0.10323,0.00067234,0.80198
0.03058,0.026203,0.29972,0.59036,0.10304,0.00061172,0.80053
0.03046,0.025867,0.30056,0.59233,0.10271,0.00050261,0.79912
0.03035,0.025523,0.30143,0.5943,0.10253,0.00052642,0.79768
0.030244,0.02514,0.30231,0.5963,0.10247,0.00073149,0.79619
0.030042,0.024789,0.30322,0.5984,0.10252,0.0010901,0.79461
0.029889,0.024425,0.30404,0.60054,0.10239,0.0014692,0.79301
0.029682,0.024097,0.30489,0.60273,0.10222,0.0019048,0.79137
0.029475,0.023756,0.30573,0.60484,0.10209,0.0023199,0.78977
0.029387,0.023475,0.30651,0.60691,0.10187,0.0026422,0.78821
0.02924,0.023193,0.30727,0.60893,0.10136,0.0025658,0.78671
0.029048,0.02293,0.30799,0.61088,0.10109,0.0027264,0.78524
0.0288,0.022577,0.30873,0.61289,0.10108,0.0031168,0.78367
0.028595,0.022239,0.30948,0.6149,0.1012,0.0035073,0.78208
0.028384,0.021876,0.31019,0.61681,0.1014,0.003869,0.78054
0.028253,0.021575,0.31089,0.6188,0.101,0.0034302,0.77902
0.028016,0.02119,0.31156,0.62053,0.10134,0.0041411,0.7776
0.027706,0.020771,0.31223,0.62225,0.10151,0.0049445,0.77619
0.027397,0.020417,0.31283,0.62387,0.10133,0.0056425,0.77491
0.027131,0.02004,0.31344,0.6255,0.101,0.0063045,0.77363
0.026797,0.019699,0.31401,0.62705,0.10065,0.0070342,0.77242
0.026483,0.019324,0.31461,0.62854,0.10036,0.0076148,0.77124
0.026184,0.018969,0.31523,0.62989,0.10025,0.0081983,0.77014
0.025935,0.018598,0.31583,0.6312,0.10044,0.0087618,0.76904
0.025699,0.018235,0.31649,0.6325,0.10079,0.009233,0.76792
0.025478,0.017919,0.31713,0.63387,0.10128,0.009716,0.76672
0.025246,0.017603,0.31773,0.63511,0.10181,0.010299,0.76561
0.024964,0.017338,0.31827,0.6363,0.10203,0.010746,0.76459
0.02478,0.017157,0.31878,0.63731,0.10202,0.011062,0.76374
0.024548,0.017001,0.31927,0.63828,0.10175,0.011329,0.76297
0.024334,0.016921,0.31972,0.63911,0.10156,0.011471,0.7623
0.024074,0.016805,0.32018,0.63984,0.10142,0.011761,0.76169
0.023895,0.016729,0.32066,0.64059,0.10144,0.012008,0.76106
0.023714,0.016664,0.32113,0.64133,0.10159,0.012157,0.76041
0.023593,0.016512,0.32163,0.64195,0.10201,0.012269,0.75983
0.02345,0.01638,0.32204,0.64266,0.10237,0.012451,0.75918
0.023304,0.016301,0.32242,0.64337,0.10265,0.012504,0.75854
0.023216,0.016233,0.32275,0.64418,0.1027,0.012501,0.75784
0.02306,0.016195,0.32299,0.64506,0.10238,0.01257,0.75714
0.022987,0.016197,0.32327,0.64589,0.10196,0.012632,0.75649
0.022885,0.016255,0.32348,0.64652,0.10151,0.012905,0.756
0.022865,0.016366,0.32374,0.64683,0.10134,0.012952,0.75576
0.022878,0.016459,0.32402,0.64715,0.10127,0.012994,0.7555
0.022899,0.016575,0.32428,0.64758,0.10119,0.012891,0.75514
0.022956,0.016647,0.32449,0.64826,0.10093,0.012642,0.7546
0.023108,0.0167,0.3247,0.64906,0.10058,0.012253,0.75396
0.023229,0.016789,0.32491,0.64984,0.10023,0.011767,0.75334
0.023339,0.016821,0.32512,0.65071,0.099962,0.01135,0.75263
0.023502,0.016912,0.32532,0.65131,0.099863,0.010899,0.75213
0.023675,0.016949,0.32551,0.65184,0.099811,0.01056,0.75168
0.023836,0.017057,0.32569,0.65237,0.099644,0.010354,0.75125
0.023958,0.017139,0.32583,0.6529,0.099343,0.010244,0.75083
0.024012,0.017249,0.32593,0.6535,0.098913,0.010111,0.75037
0.024073,0.017314,0.32603,0.65418,0.0984,0.0099583,0.74984
0.024206,0.017336,0.32613,0.65511,0.097841,0.0097428,0.74911
0.024286,0.01737,0.32624,0.65618,0.097286,0.0094796,0.74825
0.024368,0.017286,0.32643,0.65742,0.096903,0.009258,0.74721
0.024497,0.017196,0.32666,0.65879,0.096614,0.0090692,0.74604
0.024616,0.017082,0.32691,0.66013,0.096364,0.0088724,0.74489
0.024762,0.016959,0.3272,0.6615,0.096243,0.0087242,0.74369
0.024859,0.016857,0.3275,0.66283,0.095908,0.0084828,0.74256
0.025009,0.01681,0.32778,0.66408,0.095573,0.0083981,0.74148
0.025095,0.016768,0.32812,0.66533,0.095238,0.0083134,0.74041
0.025093,0.016759,0.32845,0.66643,0.095081,0.0083162,0.73943
0.025167,0.016782,0.32874,0.66742,0.095051,0.0084152,0.73855
0.025155,0.016764,0.32907,0.66829,0.095297,0.0088271,0.73772
0.025195,0.016835,0.32931,0.66904,0.095226,0.0090414,0.73704
0.025153,0.01694,0.32956,0.66964,0.095033,0.0093024,0.73652
0.025102,0.017062,0.32974,0.67011,0.094749,0.0096637,0.73612
0.025025,0.017176,0.32993,0.67048,0.09455,0.0099477,0.73581
0.024923,0.017325,0.33011,0.67094,0.094351,0.010305,0.73541
0.024857,0.0175,0.33026,0.67134,0.094109,0.010512,0.73507
0.024846,0.017622,0.33047,0.67187,0.093945,0.010621,0.73461
0.024788,0.017709,0.33064,0.67244,0.093872,0.010785,0.73409
0.0248,0.017771,0.33083,0.67296,0.093928,0.010974,0.73361
0.024838,0.01803,0.33099,0.67357,0.092972,0.009891,0.73319
0.024791,0.018111,0.33115,0.67398,0.093249,0.010086,0.73277
0.024725,0.018205,0.33125,0.6743,0.093481,0.010435,0.73244
0.024608,0.018338,0.33136,0.67452,0.093546,0.010802,0.73223
0.024461,0.018437,0.33144,0.6747,0.093348,0.01117,0.73208
0.024273,0.018605,0.33147,0.6748,0.093237,0.01169,0.73199
0.024114,0.018789,0.33144,0.67495,0.09291,0.01196,0.73189
0.023971,0.018943,0.3314,0.6753,0.092661,0.012156,0.7316
0.023755,0.019156,0.33129,0.67548,0.092413,0.012435,0.73146
0.023589,0.019409,0.33114,0.67555,0.092386,0.01272,0.73139
0.023352,0.019602,0.33106,0.67558,0.092623,0.013163,0.73133
0.023155,0.019791,0.33102,0.67549,0.092984,0.01357,0.73136
0.022935,0.019993,0.33095,0.67545,0.093266,0.013992,0.73135
0.02275,0.020208,0.3309,0.67541,0.093362,0.01429,0.73137
0.022604,0.020488,0.33079,0.67538,0.093288,0.014547,0.73141
0.022327,0.020781,0.33067,0.67531,0.093307,0.014969,0.73146
0.022065,0.021147,0.33056,0.67521,0.093363,0.01525,0.73153
0.021833,0.02153,0.33041,0.67518,0.093456,0.015415,0.73155
0.021557,0.021929,0.33024,0.67508,0.093814,0.015688,0.73158
0.021267,0.022357,0.33007,0.67495,0.0943,0.016034,0.73164
0.021033,0.022718,0.32994,0.6751,0.094797,0.016417,0.73142
0.020713,0.023121,0.32973,0.6752,0.095036,0.016835,0.73129
0.020393,0.023568,0.32948,0.67523,0.095055,0.017331,0.73125
0.020052,0.024159,0.32919,0.67502,0.094764,0.017725,0.73147
0.019714,0.024749,0.32891,0.67472,0.094388,0.018048,0.73179
0.019381,0.025317,0.32866,0.67447,0.094358,0.018466,0.73201
0.019143,0.025858,0.32839,0.67442,0.094317,0.018497,0.73206
0.018941,0.025864,0.32816,0.67447,0.094491,0.018417,0.732
0.018808,0.026878,0.32799,0.6746,0.094921,0.018398,0.73182
0.01861,0.027335,0.32782,0.67465,0.09545,0.018482,0.73171
0.018491,0.027994,0.32762,0.67472,0.094885,0.017456,0.73174
0.01836,0.02811,0.32736,0.67445,0.09497,0.017511,0.73198
0.018196,0.028857,0.32706,0.67407,0.094927,0.017626,0.73233
0.01798,0.030201,0.32688,0.6737,0.094629,0.017752,0.73271
0.017826,0.03099,0.32659,0.67343,0.094329,0.017952,0.73299
0.017627,0.031828,0.32635,0.67306,0.09403,0.018078,0.73336
0.017488,0.031977,0.32608,0.67278,0.093764,0.018052,0.73365
0.017394,0.032755,0.3259,0.67262,0.093761,0.018051,0.7338
0.01733,0.034181,0.32587,0.67266,0.093806,0.018104,0.73376
0.017238,0.034912,0.32584,0.67284,0.093855,0.018109,0.73359
0.017105,0.035681,0.32581,0.67306,0.093845,0.017905,0.73339
0.016976,0.036522,0.32586,0.67316,0.093842,0.017846,0.7333
0.016814,0.037387,0.32595,0.6731,0.093802,0.017828,0.73336
0.016715,0.038273,0.32604,0.673,0.093837,0.017712,0.73345
0.016679,0.039161,0.32618,0.67295,0.093824,0.017433,0.7335
0.016703,0.040089,0.32633,0.6731,0.093857,0.017076,0.73337
0.016829,0.040101,0.32632,0.6733,0.094017,0.016682,0.73318
0.016917,0.041043,0.32645,0.67352,0.094171,0.016253,0.73297
0.016996,0.042014,0.32657,0.67378,0.094199,0.015885,0.73273
0.017046,0.043068,0.32666,0.67399,0.094055,0.015548,0.73257
0.017066,0.044199,0.32665,0.67397,0.093786,0.015331,0.73262
0.017045,0.045282,0.3267,0.67408,0.093477,0.015195,0.73256
0.017003,0.046466,0.32665,0.67392,0.092951,0.015121,0.73278
0.016934,0.047641,0.32653,0.67359,0.092257,0.015091,0.73317
0.016915,0.048859,0.32635,0.67314,0.091518,0.015164,0.73368
0.016912,0.050045,0.32611,0.67287,0.090693,0.015158,0.73402
0.017043,0.051132,0.32577,0.67272,0.090084,0.015222,0.73424
0.017122,0.052213,0.32541,0.6726,0.089568,0.015294,0.73441
0.017302,0.053319,0.32498,0.67237,0.088955,0.015248,0.73469
0.017455,0.05443,0.32449,0.67208,0.088081,0.015105,0.73506
0.01752,0.055522,0.32406,0.67161,0.086988,0.014916,0.73563
0.0176,0.056595,0.32361,0.67113,0.086067,0.014902,0.73617
0.017598,0.057571,0.32328,0.67066,0.085469,0.015095,0.73667
0.017684,0.058427,0.32293,0.67029,0.08512,0.015315,0.73704
0.017805,0.059225,0.32267,0.67012,0.084869,0.015495,0.73722
0.01798,0.060071,0.32237,0.67005,0.084699,0.01566,0.7373
0.018098,0.060854,0.32211,0.67016,0.084443,0.015696,0.73723
0.018275,0.061657,0.32184,0.67018,0.084269,0.01562,0.73723
0.018422,0.06248,0.32159,0.6702,0.084044,0.015455,0.73725
0.018563,0.063379,0.32132,0.67022,0.083819,0.01529,0.73726
0.018632,0.064312,0.32104,0.67011,0.083687,0.015265,0.73737
0.018641,0.065283,0.32074,0.66991,0.083557,0.0153,0.73757
0.018657,0.066177,0.32044,0.66955,0.083509,0.015379,0.7379
0.018626,0.067053,0.32015,0.66912,0.083389,0.015617,0.73829
0.018654,0.067868,0.31988,0.6687,0.083218,0.015816,0.73869
0.018688,0.068635,0.31962,0.66842,0.083058,0.016184,0.73895
0.018733,0.069339,0.31937,0.66828,0.082716,0.016332,0.73912
0.018781,0.069946,0.31917,0.66832,0.082457,0.016441,0.73911
0.018841,0.070482,0.31908,0.66843,0.082419,0.016474,0.73901
0.018923,0.070931,0.31906,0.66862,0.082635,0.016387,0.73881
0.019002,0.07141,0.31907,0.66885,0.08284,0.016046,0.73859
0.019103,0.071901,0.31911,0.66899,0.083129,0.015677,0.73844
0.019171,0.072433,0.31914,0.66894,0.083504,0.015387,0.73845
0.01923,0.073098,0.31916,0.66877,0.083836,0.015153,0.73857
0.019213,0.073826,0.31917,0.66853,0.084047,0.01499,0.73876
0.01916,0.074508,0.31915,0.6682,0.084588,0.01541,0.73899
0.019089,0.075219,0.3191,0.66799,0.084631,0.01557,0.73918
0.018992,0.075954,0.31905,0.66781,0.084411,0.015573,0.73936
0.018941,0.076669,0.31892,0.66774,0.084019,0.015475,0.73948
0.01886,0.077222,0.31884,0.66783,0.083713,0.015424,0.73943
0.018873,0.077744,0.31878,0.66802,0.083711,0.015389,0.73926
0.018769,0.078187,0.31875,0.66819,0.083745,0.015213,0.73911
0.01871,0.078644,0.31875,0.6683,0.083957,0.015017,0.73898
0.018594,0.079099,0.31875,0.66837,0.084265,0.015069,0.73889
0.01853,0.079671,0.31872,0.66821,0.084533,0.015237,0.739
0.018357,0.080264,0.31871,0.66795,0.084671,0.015513,0.73922
0.018203,0.080899,0.3187,0.66767,0.084592,0.015793,0.73947
0.017965,0.081425,0.31872,0.66743,0.084389,0.016085,0.7397
0.017789,0.081949,0.31875,0.66735,0.084222,0.016335,0.73979
0.017589,0.08225,0.31881,0.66752,0.084143,0.016473,0.73964
0.01738,0.082513,0.3189,0.66774,0.08429,0.016751,0.73942
0.017257,0.082706,0.319,0.668,0.084646,0.016858,0.73914
0.017089,0.082932,0.31916,0.66832,0.084959,0.016936,0.73881
0.016927,0.083182,0.31934,0.6687,0.08509,0.016951,0.73845
0.016724,0.083492,0.31948,0.66906,0.085007,0.017054,0.73814
0.016521,0.083912,0.31957,0.66934,0.084616,0.016923,0.73793
0.016361,0.084413,0.31964,0.66948,0.084456,0.0171,0.73781
0.016127,0.084954,0.31967,0.66943,0.08425,0.017358,0.73788
0.015883,0.085536,0.3197,0.66925,0.084087,0.017667,0.73805
0.015699,0.086108,0.31968,0.66903,0.084014,0.018007,0.73825
0.015566,0.086661,0.31965,0.66889,0.083893,0.018236,0.73839
0.01537,0.08709,0.31967,0.66896,0.083764,0.018394,0.73834
0.015216,0.087517,0.3197,0.66917,0.083777,0.018539,0.73814
0.015071,0.087909,0.31979,0.66945,0.083911,0.018614,0.73787
0.014897,0.088266,0.31995,0.66978,0.084219,0.018608,0.73754
0.014774,0.08862,0.32007,0.67006,0.084651,0.018408,0.73723
0.01467,0.089041,0.32024,0.67025,0.085034,0.018228,0.73702
0.014581,0.089504,0.32032,0.67038,0.08533,0.018077,0.73688
0.014444,0.090091,0.32035,0.67037,0.085548,0.018024,0.73686
0.014312,0.090791,0.32035,0.67023,0.085677,0.018023,0.73697
0.014091,0.091465,0.32029,0.67008,0.085449,0.017857,0.73714
0.013883,0.092145,0.3202,0.66993,0.085411,0.017948,0.73727
0.013619,0.092763,0.32013,0.66985,0.08533,0.018194,0.73736
0.0134,0.093322,0.32006,0.66985,0.085213,0.018374,0.73736
0.01317,0.093921,0.31998,0.66991,0.085086,0.018484,0.73732
0.013021,0.094458,0.31991,0.66997,0.085095,0.018677,0.73726
0.012827,0.095037,0.31987,0.66988,0.085232,0.01887,0.73732
0.01262,0.095648,0.3198,0.66969,0.085372,0.019122,0.73747
0.012386,0.096359,0.31967,0.66932,0.085378,0.019374,0.7378
0.012082,0.097132,0.31944,0.66884,0.085254,0.019685,0.73824
0.011744,0.097946,0.31912,0.66823,0.084698,0.01993,0.73885
0.011415,0.098796,0.31866,0.66758,0.083965,0.020304,0.73951
0.0111,0.099457,0.31877,0.66679,0.083109,0.020774,0.74031
0.010765,0.10023,0.31828,0.66586,0.08238,0.021292,0.74121
0.010496,0.10092,0.31774,0.665,0.081652,0.021785,0.74205
0.010313,0.10154,0.31722,0.6643,0.08074,0.021974,0.74277
0.010048,0.10194,0.31682,0.66382,0.080006,0.022265,0.74326
0.0099022,0.10225,0.31646,0.66354,0.079488,0.022469,0.74357
0.0097653,0.1024,0.31627,0.66343,0.079325,0.02262,0.74368
0.009677,0.10258,0.31622,0.66335,0.079541,0.022591,0.74372
0.0096367,0.10266,0.31621,0.66336,0.080093,0.022354,0.74366
0.0096217,0.10278,0.31624,0.66333,0.080601,0.022065,0.74364
0.0096535,0.10295,0.31629,0.6633,0.081024,0.02173,0.74364
0.0097999,0.10322,0.31633,0.66313,0.081221,0.021411,0.74378
0.0099211,0.10355,0.31634,0.66287,0.081247,0.021027,0.74402
0.0099956,0.10381,0.31634,0.66251,0.081859,0.021396,0.74426
0.01014,0.10418,0.31636,0.66229,0.081981,0.021152,0.74445
0.010208,0.10444,0.31641,0.66217,0.0821,0.020849,0.74455
0.010281,0.10466,0.31648,0.66218,0.082346,0.020535,0.74452
0.010388,0.10497,0.31655,0.66219,0.082677,0.020218,0.74448
0.010428,0.10518,0.31668,0.6623,0.083331,0.020182,0.74432
0.010482,0.10542,0.31682,0.6625,0.083796,0.019914,0.74409
0.01049,0.10576,0.31692,0.66239,0.084052,0.019829,0.74417
0.010439,0.10616,0.31702,0.66224,0.084179,0.019694,0.74429
0.010412,0.10661,0.31708,0.66203,0.08408,0.019553,0.74449
0.010365,0.10704,0.3171,0.66203,0.08408,0.019553,0.74449
0.010251,0.10753,0.31711,0.66169,0.084163,0.019631,0.74478
0.010125,0.10815,0.31701,0.66092,0.084236,0.01955,0.74546
0.0099829,0.10868,0.31686,0.66047,0.084402,0.019418,0.74584
0.0098544,0.10926,0.31667,0.6599,0.084776,0.019294,0.74631
0.0097111,0.10979,0.31645,0.6599,0.084776,0.019294,0.74631
0.0096675,0.11047,0.31621,0.6593,0.085102,0.018984,0.74681
0.009708,0.11133,0.31591,0.6579,0.085486,0.018364,0.74801
0.0096861,0.11187,0.31565,0.6579,0.085486,0.018364,0.74801
0.0097169,0.11249,0.31529,0.65731,0.08559,0.018022,0.74853
0.0096675,0.113,0.31495,0.65675,0.085739,0.017685,0.74901
0.0095664,0.11348,0.31458,0.65617,0.085755,0.017214,0.74953
0.0095098,0.11385,0.31424,0.65564,0.085947,0.016796,0.74998
0.0094325,0.11423,0.31398,0.6552,0.08636,0.016532,0.75032
0.0094484,0.11456,0.31381,0.65485,0.08669,0.016248,0.75059
0.0094384,0.11491,0.31363,0.65454,0.086979,0.016021,0.75083
0.0094288,0.11527,0.31356,0.65427,0.086957,0.015681,0.75108
0.0093751,0.11562,0.31348,0.65399,0.086989,0.015514,0.75133
0.0093692,0.11595,0.31347,0.65376,0.087144,0.015227,0.75151
0.0093663,0.11628,0.3135,0.65357,0.087395,0.015033,0.75165
0.009359,0.11656,0.31361,0.65358,0.087862,0.014799,0.7516
0.0094015,0.11682,0.31366,0.65364,0.088287,0.014671,0.7515
0.0093898,0.1171,0.31372,0.65369,0.088547,0.014587,0.75143
0.009375,0.11739,0.31375,0.65367,0.088717,0.014579,0.75142
0.0092933,0.11775,0.31379,0.65361,0.08868,0.014695,0.75147
0.0092168,0.11808,0.31379,0.65354,0.088423,0.014682,0.75157
0.0091083,0.11845,0.31378,0.65343,0.088157,0.014706,0.75169
0.0089846,0.11874,0.31381,0.65331,0.088114,0.014762,0.7518
0.0089193,0.119,0.3138,0.65327,0.088204,0.014793,0.75182
0.0088205,0.11922,0.31384,0.65325,0.088293,0.014874,0.75183
0.0087486,0.11942,0.31379,0.65331,0.088249,0.014846,0.75179
0.0086405,0.11963,0.31376,0.65336,0.088259,0.014991,0.75174
0.0085415,0.1198,0.31369,0.65332,0.088352,0.015156,0.75175
0.0084693,0.12004,0.31362,0.65323,0.088354,0.015264,0.75183
0.0084482,0.12021,0.31358,0.65309,0.088399,0.0154,0.75195
0.0084045,0.12031,0.31359,0.65305,0.088492,0.015565,0.75196
0.0083081,0.12047,0.31363,0.65297,0.088679,0.015846,0.75201
0.0082697,0.12058,0.31366,0.65299,0.088728,0.015983,0.75198
0.0082544,0.12068,0.31367,0.65306,0.088818,0.016088,0.75191
0.0081909,0.1208,0.31369,0.65315,0.088788,0.01629,0.75183
0.00819,0.121,0.31365,0.65315,0.088705,0.016427,0.75183
0.0081284,0.12118,0.31362,0.65315,0.0884,0.016302,0.75187
0.008061,0.12132,0.31362,0.6532,0.088359,0.016407,0.75183
0.008006,0.12145,0.31365,0.65326,0.08845,0.016464,0.75177
0.0079311,0.12157,0.31359,0.65331,0.088627,0.016516,0.7517
0.0078641,0.12175,0.31361,0.65325,0.088756,0.01654,0.75174
0.0077607,0.12191,0.31351,0.65314,0.088709,0.016511,0.75184
0.0076375,0.12202,0.3134,0.65303,0.088662,0.016483,0.75195
0.0075522,0.12208,0.3133,0.65297,0.088706,0.01651,0.75199
0.0074101,0.12214,0.31321,0.65291,0.088835,0.016534,0.75202
0.0072956,0.12226,0.31315,0.65284,0.08888,0.016513,0.75208
0.0071733,0.12237,0.31302,0.65272,0.088837,0.016569,0.75219
0.0070989,0.12255,0.31294,0.65261,0.088789,0.01654,0.75229
0.0069679,0.12267,0.31284,0.65248,0.088831,0.016592,0.7524
0.0068361,0.1228,0.31273,0.65225,0.088957,0.016615,0.75258
0.0067607,0.123,0.31263,0.65195,0.089214,0.016613,0.75281
0.0066395,0.12314,0.31243,0.65166,0.089385,0.016615,0.75305
0.0065441,0.1233,0.31218,0.65142,0.089429,0.016726,0.75324
0.0064495,0.12355,0.31184,0.6511,0.089254,0.016865,0.75354
0.0064042,0.12386,0.31142,0.65066,0.088998,0.017019,0.75394
0.0063852,0.12413,0.31102,0.65019,0.088651,0.017298,0.75439
0.0063587,0.12437,0.31067,0.64982,0.088352,0.017606,0.75473
0.0063741,0.1246,0.31042,0.64948,0.088147,0.017872,0.75504
0.0064259,0.12477,0.31018,0.64928,0.087882,0.018005,0.75524
0.0064724,0.125,0.31001,0.6491,0.087662,0.018008,0.75542
0.0065558,0.1252,0.30993,0.649,0.087444,0.017987,0.75553
0.0066565,0.12538,0.30983,0.64898,0.087366,0.01816,0.75556
0.0068125,0.12554,0.30972,0.64893,0.087239,0.018195,0.75561
0.0069323,0.12577,0.30956,0.64887,0.087069,0.01836,0.75568
0.0070533,0.12595,0.30943,0.64871,0.086897,0.0185,0.75583
0.0071318,0.12613,0.30937,0.64854,0.086729,0.018725,0.75599
0.007165,0.12625,0.30932,0.64846,0.086474,0.018845,0.75608
0.0071488,0.12628,0.30927,0.64842,0.086348,0.01888,0.75613
0.0071406,0.12635,0.30936,0.64845,0.086343,0.018845,0.75611
0.0070959,0.12635,0.3095,0.64856,0.086473,0.018736,0.75601
0.00706,0.12638,0.30965,0.64868,0.086602,0.018677,0.75589
0.0070373,0.12639,0.30984,0.64882,0.086692,0.018625,0.75575
0.0070404,0.12637,0.30998,0.649,0.086777,0.018538,0.7556
0.0070281,0.12632,0.31007,0.64916,0.086731,0.01845,0.75547
0.0070229,0.1263,0.3101,0.64921,0.086772,0.018419,0.75542
0.0069542,0.12624,0.31012,0.6492,0.086857,0.018415,0.75542
0.0069335,0.12622,0.31012,0.64906,0.0869,0.018418,0.75553
0.0068553,0.12623,0.31016,0.64895,0.086934,0.018301,0.75562
0.0067689,0.12621,0.31011,0.6488,0.086927,0.018215,0.75576
0.0066597,0.12624,0.31009,0.64867,0.086966,0.018134,0.75587
0.0065224,0.12619,0.31005,0.64867,0.086966,0.018134,0.75587
0.0063784,0.12609,0.30999,0.64874,0.086972,0.018194,0.75581
0.0063097,0.12601,0.30992,0.64877,0.087017,0.018247,0.75577
0.0062254,0.12594,0.30985,0.6487,0.087065,0.018359,0.75582
0.0060822,0.12582,0.30986,0.64872,0.08725,0.01858,0.75578
0.0059272,0.12572,0.30979,0.64878,0.087344,0.01877,0.75572
0.0057657,0.12562,0.30975,0.64875,0.087487,0.019023,0.75572
0.0055655,0.12557,0.30961,0.64867,0.087455,0.019357,0.75578
0.00538,0.12554,0.30941,0.64851,0.087338,0.01967,0.75593
0.0051833,0.12554,0.30914,0.64834,0.086951,0.019947,0.75611
0.0049958,0.12548,0.30887,0.64819,0.086492,0.020275,0.75627
0.0048036,0.1254,0.30859,0.64809,0.086112,0.020613,0.7564
0.0046901,0.12525,0.30831,0.648,0.085778,0.020954,0.7565
0.0046212,0.12507,0.30805,0.64802,0.085577,0.021321,0.7565
0.0045131,0.12483,0.30785,0.64808,0.085419,0.021607,0.75646
0.0044876,0.12462,0.30762,0.64816,0.085255,0.021857,0.7564
0.0044009,0.12438,0.30744,0.64826,0.08514,0.022062,0.75633
0.0043746,0.12426,0.30725,0.64814,0.085095,0.022167,0.75643
0.0043834,0.12422,0.30706,0.64792,0.085135,0.022194,0.75661
0.0043773,0.12426,0.30694,0.64765,0.085217,0.022115,0.75684
0.0043513,0.12437,0.30682,0.64733,0.08529,0.022074,0.7571
0.004344,0.12446,0.30671,0.64709,0.085418,0.022048,0.75729
0.0044035,0.12458,0.30657,0.64677,0.085492,0.021958,0.75756
0.0044369,0.12465,0.30639,0.6464,0.085437,0.021769,0.75789
0.0044707,0.12474,0.30622,0.64602,0.08542,0.021623,0.75822
0.004451,0.12475,0.3061,0.64575,0.085417,0.021548,0.75845
0.0044307,0.12473,0.30602,0.64552,0.085574,0.021394,0.75863
0.0044279,0.12465,0.30597,0.64537,0.085785,0.021256,0.75874
0.004441,0.12458,0.30597,0.64532,0.085994,0.021058,0.75877
0.0044834,0.12455,0.30599,0.64528,0.086201,0.02091,0.75878
0.0045592,0.12453,0.306,0.64522,0.086277,0.020712,0.75883
0.0046283,0.12456,0.30604,0.64515,0.086354,0.020514,0.75888
0.004702,0.12456,0.30607,0.64508,0.086433,0.02045,0.75894
0.0047157,0.12456,0.30616,0.64511,0.086394,0.020458,0.75892