0,0,0,2.7756e-17,0,-5.5511e-17,1
4.0142e-05,1.9339e-05,4.9813e-05,2.7756e-17,0,-5.5511e-17,1
2.6579e-05,3.509e-05,0.00010365,3.7466e-05,4.7863e-05,-5.2006e-06,1
-1.2613e-05,6.8578e-05,0.00010435,3.4198e-05,0.00013646,7.6856e-05,1
-4.0237e-05,0.00013869,0.00011824,7.3595e-05,0.00018953,0.00011952,1
-5.4959e-05,0.00023162,0.00015772,0.00015566,0.00028852,0.00019445,1
-1.8335e-05,0.00028732,0.00019113,0.00014526,0.00037385,0.00019118,1
1.2382e-05,0.00029469,0.00020857,0.00014526,0.00037385,0.00019118,1
5.8865e-05,0.00031081,0.00027507,0.00016606,0.0002032,0.00019772,1
0.00015914,0.00030824,0.00035727,0.00024318,-9.5458e-05,0.00015774,1
0.00021458,0.00033382,0.00040192,0.00035064,-0.00034952,2.7228e-05,1
0.00026214,0.00034023,0.00038194,0.00040696,-0.0004775,-1.9293e-05,1
0.00038141,0.00034821,0.00039328,0.00033639,-0.00035607,-0.00014343,1
0.00048787,0.00035512,0.00035453,0.00026059,-0.00015121,-0.00023337,1
0.00059197,0.00032733,0.0003366,0.00023267,1.6179e-05,-0.00032524,1
0.00070321,0.00033509,0.00029621,0.00017767,5.0375e-05,-0.00040864,1
0.00080722,0.00033877,0.00029998,0.00017574,4.5172e-05,-0.00045649,1
0.00090501,0.00034645,0.00030694,0.000234,-7.762e-05,-0.00045516,1
0.00098708,0.0002753,0.00022932,0.0002652,-0.00033361,-0.00044535,1
0.0010358,0.00027539,0.0001177,0.00021625,-0.00060191,-0.00039093,1
0.0010937,0.00022712,3.909e-06,9.6731e-05,-0.00074878,-0.00046066,1
0.0010922,0.00015482,-0.00011576,-5.1203e-05,-0.00093507,-0.00039202,1
0.0010951,0.00010715,-0.00023653,-0.00030198,-0.00096814,-0.00033314,1
0.0010935,8.7287e-05,-0.0003115,-0.00043517,-0.00094106,-0.00032408,1
0.0011316,6.2279e-05,-0.00037107,-0.00063183,-0.00078929,-0.00035383,1
0.001108,7.1614e-05,-0.00041164,-0.00076827,-0.00067361,-0.00026271,1
0.0011467,6.642e-05,-0.00039736,-0.00086209,-0.00059349,-0.00021099,1
0.0011655,8.8056e-05,-0.00034844,-0.00076637,-0.00066843,-0.00021485,1
0.0011686,8.7342e-05,-0.00035085,-0.00074035,-0.00084099,-0.00017084,1
0.001174,9.3155e-05,-0.0003305,-0.00059677,-0.0009534,-0.00017663,1
0.0011432,0.00010215,-0.00032625,-0.00055605,-0.00099416,-0.00026389,1
0.0012253,0.0001601,-0.00029695,-0.00052763,-0.00095474,-0.00040228,1
0.0012468,0.00017095,-0.000269,-0.00047022,-0.00077695,-0.00050127,1
0.0013201,0.00019593,-0.00022114,-0.00049815,-0.00060957,-0.00059314,1
0.0013227,0.00021625,-0.00022209,-0.00056163,-0.00048487,-0.00063197,1
0.0013276,0.00023759,-0.00021561,-0.00056163,-0.00048487,-0.00063197,1
0.0013632,0.00022517,-0.00020347,-0.00055123,-0.0005702,-0.0006287,1
0.0013681,0.00027753,-0.00013273,-0.00049624,-0.00060439,-0.0005453,1
0.0013511,0.00026944,-0.00015287,-0.00048388,-0.00060302,-0.00042248,1
0.0013096,0.00032407,-0.00010148,-0.00042697,-0.00063203,-0.00029123,1
0.0013036,0.00039898,-7.4956e-05,-0.00037198,-0.00066622,-0.00020783,1
0.0012768,0.00042087,-6.2389e-05,-0.00037198,-0.00066622,-0.00020783,1
0.0012539,0.00043842,-7.1241e-05,-0.00037198,-0.00066622,-0.00020783,1
0.0012562,0.00045432,-2.7632e-05,-0.00036158,-0.00075155,-0.00020456,1
0.0012569,0.00044619,6.4484e-06,-0.00026586,-0.00082649,-0.00020842,1
0.0012736,0.00045536,3.1982e-05,-0.00013459,-0.00085874,-0.00026534,1
0.0012514,0.00045617,4.0403e-05,-5.9663e-05,-0.00076301,-0.00027574,1
0.0012353,0.00049626,3.8737e-05,-7.5263e-05,-0.00067578,-0.00031649,1
0.0011738,0.00050199,1.1867e-05,-8.566e-05,-0.00059045,-0.00031976,1
0.0011757,0.00049373,-2.6897e-05,-9.6057e-05,-0.00050511,-0.00032303,1
0.0011166,0.00053867,-2.8302e-05,-0.00015432,-0.00038232,-0.00032436,1
0.0010401,0.00054265,-6.7079e-05,-0.00013572,-0.0001586,-0.00028825,1
0.00095881,0.00058531,-0.00010304,-0.00019398,-3.5808e-05,-0.00028959,1
0.00093337,0.00063147,-0.00010809,-0.00019398,-3.5808e-05,-0.00028959,1
0.0009181,0.00066197,-9.0911e-05,-0.00018358,-0.00012114,-0.00028632,1
0.00085928,0.00065422,-9.4837e-05,-0.00013572,-0.0001586,-0.00028825,1
0.00080115,0.0006385,-7.1358e-05,-0.00018492,-2.7337e-05,-0.0001564,1
0.00073916,0.00066179,-0.00010414,-0.00019858,0.00014659,-7.7609e-05,1
0.00068017,0.00065871,-4.7721e-05,-0.00012499,0.00033612,4.191e-05,1
0.00063959,0.0006504,-8.5264e-06,-8.0392e-05,0.00038725,0.00012204,1
0.00059748,0.00068451,-1.8801e-05,-3.253e-05,0.00034979,0.00012011,1
0.00061608,0.0007007,3.6667e-06,-5.9599e-05,0.0002166,0.00012858,1
0.0005828,0.00071655,-1.5725e-05,4.4596e-05,5.1133e-05,8.0127e-05,1
0.00053059,0.00070063,-3.3204e-05,5.4993e-05,-3.4195e-05,8.3399e-05,1
0.00052449,0.00069012,-7.5636e-05,6.2123e-05,-3.0924e-05,0.00016873,1
0.00043611,0.00068229,-0.0001005,-2.4543e-05,5.2479e-05,0.00030578,1
0.00038271,0.00063804,-0.00019162,-0.00020886,0.00020561,0.00039882,1
0.00032469,0.00065885,-0.00021995,-0.00031114,0.00037628,0.00049516,1
0.00028165,0.00062786,-0.00023422,-0.0003144,0.00046488,0.00057721,1
0.00023742,0.00063633,-0.00018079,-0.00036552,0.00059093,0.00066118,1
0.00016861,0.00063322,-0.00014387,-0.00027114,0.00060982,0.00078726,1
9.269e-05,0.00064096,-9.4004e-05,-0.00011002,0.00041537,0.00087009,1
-7.2047e-06,0.00066274,-7.0773e-05,-3.096e-05,0.00020336,0.00094956,1
-9.833e-05,0.0006608,-6.0647e-05,6.6695e-05,0.00013364,0.00099361,1
-0.00021494,0.00066638,-4.4587e-05,7.3824e-05,0.00013691,0.0010789,1
-0.0002857,0.00069267,-7.3756e-05,6.3427e-05,0.00022224,0.0010756,1
-0.00028176,0.00069828,-2.8111e-05,1.5564e-05,0.0002597,0.0010776,1
-0.00028792,0.00074809,6.7723e-06,4.7831e-05,0.00030951,0.001035,1
-0.00026059,0.0007655,5.378e-05,9.5696e-05,0.00027204,0.001033,1
-0.00024583,0.00077758,0.00010269,0.00022696,0.00023976,0.00097608,1
-0.00019089,0.00080076,0.00021155,0.00040802,0.00017523,0.0009651,1
-0.00017228,0.00082943,0.0002926,0.00062655,0.00015856,0.00094892,1
-0.00015071,0.00084778,0.00038029,0.00079526,0.00017415,0.00088677,1
-0.00010519,0.00086436,0.00045345,0.00092846,0.00014708,0.00087772,1
-8.9073e-05,0.00088195,0.00055819,0.0010617,0.00012002,0.00086866,1
-7.5947e-05,0.00089048,0.00061028,0.0010721,3.4687e-05,0.00087194,1
-5.3306e-05,0.00091598,0.00063676,0.0010617,0.00012002,0.00086866,1
-1.4862e-05,0.00093332,0.00067987,0.0010138,0.00015748,0.00087059,1
-2.4703e-05,0.00095773,0.00072179,0.0010138,0.00015748,0.00087059,1
1.3645e-05,0.00095094,0.00075725,0.0011574,4.5085e-05,0.00086481,1
7.2458e-05,0.00098777,0.00084492,0.0013844,-6.2117e-05,0.00080401,1
0.00015486,0.00098234,0.00088025,0.0014852,-0.00013897,0.00083759,1
0.00018851,0.00098668,0.00091961,0.0016184,-0.00016604,0.00082854,1
0.00022115,0.00097509,0.00093419,0.0016029,-7.8788e-05,0.00078783,1
0.00025237,0.00096366,0.00096699,0.0016029,-7.8788e-05,0.00078783,1
0.00030685,0.00098483,0.00099538,0.0016288,-0.00025137,0.00083181,1
0.00039015,0.00096777,0.001056,0.0017279,-0.00041491,0.00074592,1
0.00042076,0.00097282,0.0011006,0.0017467,-0.00059076,0.00070458,1
0.000539,0.00096387,0.001065,0.0016647,-0.00068976,0.00062966,1
0.00060512,0.00095229,0.001065,0.0016272,-0.00073763,0.00063486,1
0.00069355,0.00095058,0.0010556,0.0016002,-0.00087083,0.00064334,1
0.0007597,0.00093222,0.0010754,0.0016959,-0.00094577,0.00063949,1
0.00081261,0.0009662,0.001163,0.0017916,-0.0010207,0.00063563,1
0.00085747,0.00096598,0.0012069,0.0018821,-0.0010122,0.00066594,1
0.00097598,0.00097981,0.0012545,0.00193,-0.0010497,0.00066401,1
0.00101,0.000998,0.0012702,0.0018821,-0.0010122,0.00066594,1
0.0010159,0.0009819,0.0012744,0.0018892,-0.0010089,0.00075126,1
0.0010593,0.0010327,0.0013044,0.0019921,-0.0010806,0.00083273,1
0.0010981,0.0010221,0.0013085,0.0020129,-0.0012512,0.00083928,1
0.001194,0.0010775,0.0012893,0.0020337,-0.0014219,0.00084583,1
0.0012387,0.0010327,0.0012682,0.002145,-0.0015841,0.00088268,1
0.0013784,0.001019,0.0012522,0.0022032,-0.0017069,0.00088404,1
0.0014327,0.0010196,0.0012112,0.0022137,-0.0017922,0.00088731,1
0.0015175,0.001053,0.0012261,0.0022615,-0.0018297,0.00088539,1
0.0016124,0.0010416,0.0012242,0.0022719,-0.001915,0.00088867,1
0.0016966,0.0010512,0.0012347,0.0023198,-0.0019525,0.00088674,1
0.0017356,0.0011221,0.0012919,0.0024136,-0.0020326,0.00083499,0.99999
0.0018461,0.0011332,0.0013166,0.0023878,-0.0022596,0.00071354,0.99999
0.0019675,0.0011821,0.0013656,0.0023536,-0.0023961,0.0006367,0.99999
0.0021482,0.0011964,0.0013547,0.0023091,-0.0024472,0.00055657,0.99999
0.002286,0.0012893,0.0014026,0.0023549,-0.0024898,0.00050677,0.99999
0.0023905,0.0013194,0.0014298,0.0023478,-0.0024931,0.00042144,0.99999
0.0025927,0.0013542,0.001464,0.0023511,-0.0025817,0.00033939,0.99999
0.0027784,0.0014109,0.0015323,0.0023804,-0.0028429,0.00030134,0.99999
0.0029251,0.0014314,0.0015832,0.0025053,-0.003179,0.00025943,0.99999
0.0030449,0.0014638,0.0016835,0.0025366,-0.003435,0.00026924,0.99999
0.0031308,0.0014712,0.0017077,0.0025949,-0.0035579,0.00027059,0.99999
0.0032206,0.0015045,0.0017811,0.0026053,-0.0036432,0.00027386,0.99999
0.0033306,0.0015507,0.0018248,0.0026511,-0.0036858,0.00022406,0.99999
0.0035265,0.0016146,0.0018798,0.0026066,-0.0037369,0.00014393,0.99999
0.0037167,0.001671,0.0020052,0.0027431,-0.0038527,5.2819e-05,0.99999
0.0039081,0.0017365,0.0020519,0.0029035,-0.004146,-4.2155e-05,0.99999
0.0041751,0.0018345,0.0021563,0.0031391,-0.0044254,-0.0002192,0.99999
0.0043785,0.001914,0.0022242,0.0032341,-0.0045991,-0.00040083,0.99998
0.0046051,0.0019655,0.0022903,0.003351,-0.0046379,-0.0006284,0.99998
0.0048682,0.0020949,0.0023493,0.0034701,-0.0046716,-0.00080813,0.99998
0.0051559,0.0021771,0.0024098,0.0035121,-0.0048061,-0.0010253,0.99998
0.0054598,0.0022841,0.0024728,0.0035471,-0.004944,-0.0013278,0.99998
0.0057473,0.002405,0.0024837,0.0035517,-0.0051263,-0.0015398,0.99998
0.0060552,0.0024466,0.0024669,0.0035563,-0.0053087,-0.0017518,0.99998
0.0064047,0.0025469,0.0024536,0.0035538,-0.0054944,-0.0020491,0.99998
0.0067457,0.0025995,0.0024451,0.0036062,-0.0057143,-0.002263,0.99997
0.0070054,0.002704,0.0024856,0.0036412,-0.0058521,-0.0025655,0.99997
0.0073854,0.0027655,0.0024985,0.0036761,-0.00599,-0.002868,0.99997
0.0077163,0.0028622,0.0025983,0.0037556,-0.0060766,-0.0030904,0.99997
0.0080797,0.0029366,0.0026205,0.0038759,-0.006204,-0.0034,0.99997
0.0084739,0.0030547,0.0027229,0.0039005,-0.0062565,-0.0037058,0.99997
0.0088495,0.0031677,0.0028296,0.0039217,-0.0062203,-0.0039295,0.99997
0.0091427,0.0032805,0.0029307,0.0040282,-0.0061736,-0.0041602,0.99996
0.0095156,0.0033661,0.002994,0.0041297,-0.0061254,-0.0044287,0.99996
0.0098935,0.0035034,0.0031175,0.0042467,-0.0061641,-0.0046562,0.99996
0.010263,0.0035801,0.0031894,0.0044032,-0.00615,-0.0048413,0.99996
0.010635,0.0036831,0.0032696,0.0046334,-0.0063458,-0.0049841,0.99996
0.011048,0.003785,0.0034113,0.0048741,-0.006627,-0.0051237,0.99995
0.011457,0.0038551,0.0033917,0.0050448,-0.0070055,-0.0052152,0.99995
0.011893,0.0040144,0.0034141,0.0052023,-0.007292,-0.0052999,0.99995
0.012309,0.0041181,0.0034171,0.0052618,-0.0075086,-0.0054284,0.99994
0.012864,0.0042332,0.0033853,0.0052735,-0.0076876,-0.005555,0.99994
0.013409,0.0043444,0.0034111,0.0053527,-0.0079812,-0.0055473,0.99994
0.013981,0.0044675,0.0034074,0.0056504,-0.0086908,-0.0056329,0.99993
0.014658,0.0045824,0.0034113,0.0057188,-0.0094791,-0.0059553,0.99992
0.015377,0.0046694,0.0033172,0.005549,-0.010173,-0.0063976,0.99991
0.016151,0.0047814,0.0032543,0.0052805,-0.010786,-0.0068262,0.9999
0.016908,0.0048915,0.0032544,0.0050337,-0.011182,-0.0072286,0.9999
0.017674,0.0050396,0.0033095,0.0050378,-0.011545,-0.0076903,0.99989
0.018559,0.0051999,0.0034303,0.0052834,-0.011802,-0.0082718,0.99988
0.019362,0.0053709,0.0036445,0.0056164,-0.012043,-0.0088129,0.99987
0.020207,0.0055185,0.003795,0.0058944,-0.01225,-0.0094374,0.99986
0.021026,0.0056948,0.0039479,0.0059738,-0.01231,-0.010139,0.99985
0.021831,0.0058112,0.0040347,0.0060395,-0.012196,-0.010763,0.99985
0.022653,0.0059463,0.0041161,0.0060148,-0.012092,-0.011416,0.99984
0.023422,0.0060383,0.0041977,0.0060006,-0.012072,-0.012067,0.99984
0.024248,0.0061892,0.0043014,0.0060321,-0.012095,-0.012767,0.99983
0.025118,0.0063329,0.0044053,0.006102,-0.012371,-0.013372,0.99982
0.025977,0.0065292,0.0045096,0.0062759,-0.012811,-0.014025,0.9998
0.026818,0.0067028,0.0045378,0.0063937,-0.013124,-0.014632,0.99979
0.027608,0.0069015,0.0045881,0.0064227,-0.013359,-0.01515,0.99978
0.028474,0.0070341,0.0046435,0.0063886,-0.01347,-0.015707,0.99977
0.029242,0.0071648,0.0047049,0.0063114,-0.013544,-0.016223,0.99976
0.030011,0.0072822,0.0047352,0.0062843,-0.013651,-0.016695,0.99975
0.030848,0.0073829,0.0048501,0.0063308,-0.013968,-0.017124,0.99974
0.031624,0.0074929,0.0049849,0.0065254,-0.014387,-0.017464,0.99972
0.032411,0.0075945,0.0051431,0.0067976,-0.014718,-0.017824,0.99971
0.033022,0.0076454,0.0051277,0.0069869,-0.014846,-0.018359,0.9997
0.033778,0.0077072,0.0052381,0.0070722,-0.014809,-0.018846,0.99969
0.034886,0.0078558,0.0054424,0.0071504,-0.014776,-0.019418,0.99968
0.035731,0.007975,0.0055365,0.0073467,-0.014901,-0.019868,0.99966
0.03662,0.0081465,0.005691,0.0075662,-0.015193,-0.020264,0.99965
0.037144,0.0081771,0.0056101,0.0077716,-0.015708,-0.020657,0.99963
0.038079,0.0083275,0.0057409,0.0077746,-0.016377,-0.021066,0.99961
0.039314,0.0086476,0.0060395,0.0076124,-0.017151,-0.021496,0.99959
0.040181,0.0088132,0.0060757,0.0074072,-0.017888,-0.021885,0.99957
0.041025,0.0089954,0.0061163,0.0072431,-0.018485,-0.022112,0.99956
0.041614,0.0090103,0.0059762,0.0073197,-0.018964,-0.022401,0.99954
0.042495,0.0091529,0.006075,0.0075742,-0.01942,-0.02262,0.99953
0.043411,0.0092664,0.0061587,0.0077984,-0.019712,-0.022978,0.99951
0.044363,0.0093487,0.0062917,0.0080728,-0.020038,-0.02329,0.9995
0.045348,0.0094658,0.0064352,0.0082922,-0.020329,-0.023686,0.99948
0.046316,0.0095813,0.0065999,0.008444,-0.020505,-0.024216,0.99946
0.04733,0.009762,0.0067317,0.0085138,-0.02078,-0.024821,0.99944
0.048343,0.009895,0.0067986,0.0082948,-0.020919,-0.025534,0.99942
0.049233,0.010005,0.0069542,0.0082948,-0.020919,-0.025534,0.99942
0.05033,0.010107,0.0070319,0.007959,-0.021209,-0.026326,0.9994
0.05141,0.010186,0.0071131,0.0078225,-0.02173,-0.027115,0.99937
0.052566,0.010211,0.0072305,0.0078523,-0.022239,-0.028012,0.99933
0.053693,0.010252,0.0073494,0.0080319,-0.022556,-0.028929,0.99929
0.054805,0.010287,0.0075376,0.008401,-0.022629,-0.029825,0.99926
0.055828,0.010369,0.0077581,0.008852,-0.022604,-0.030646,0.99924
0.056808,0.010451,0.0080274,0.0094144,-0.022341,-0.031354,0.99921
0.057768,0.010492,0.0082795,0.0098786,-0.022007,-0.032104,0.99919
0.05883,0.010575,0.0085373,0.010175,-0.021783,-0.032922,0.99917
0.059872,0.010608,0.0087139,0.01028,-0.021798,-0.033753,0.99914
0.060948,0.010671,0.0088869,0.010286,-0.022047,-0.034573,0.99911
0.061939,0.01071,0.0089809,0.010259,-0.022428,-0.035424,0.99907
0.063013,0.010753,0.009137,0.010281,-0.022847,-0.036277,0.99903
0.063421,0.01079,0.0092835,0.010347,-0.023215,-0.03705,0.99899
0.064434,0.01087,0.0094289,0.010488,-0.023486,-0.037832,0.99895
0.065972,0.010892,0.0095102,0.010691,-0.023789,-0.038446,0.99892
0.066922,0.010945,0.0096232,0.010927,-0.024042,-0.039104,0.99889
0.067861,0.010984,0.0097504,0.011119,-0.024259,-0.039721,0.99885
0.068219,0.011005,0.0098772,0.011192,-0.024623,-0.040407,0.99882
0.069774,0.011032,0.0098244,0.011009,-0.025018,-0.041072,0.99878
0.070751,0.01106,0.0097742,0.010661,-0.025519,-0.041759,0.99874
0.071804,0.011082,0.0097375,0.010396,-0.026013,-0.0425,0.9987
0.07284,0.011117,0.0096707,0.010176,-0.026456,-0.043159,0.99867
0.073209,0.011149,0.0097792,0.010052,-0.026669,-0.043877,0.99863
0.074254,0.011182,0.0098157,0.010197,-0.026848,-0.044491,0.9986
0.076033,0.011148,0.0098045,0.010515,-0.027002,-0.045074,0.99856
0.07707,0.011185,0.0099305,0.010867,-0.027113,-0.045708,0.99853
0.078044,0.011187,0.0099928,0.011045,-0.027244,-0.046367,0.99849
0.078459,0.011203,0.010145,0.01111,-0.027611,-0.047139,0.99844
0.079517,0.011148,0.010175,0.011066,-0.028118,-0.04785,0.9984
0.081138,0.011048,0.010081,0.010812,-0.028697,-0.048586,0.99835
0.082167,0.010974,0.010051,0.01052,-0.029325,-0.049318,0.9983
0.083138,0.01094,0.010031,0.010176,-0.029825,-0.049965,0.99825
0.083598,0.010921,0.010173,0.0099862,-0.030432,-0.050487,0.99821
0.084468,0.010844,0.010201,0.0099841,-0.031099,-0.050935,0.99817
0.085762,0.010756,0.010074,0.009973,-0.031593,-0.051263,0.99814
0.086579,0.010691,0.01017,0.010053,-0.031979,-0.051384,0.99812
0.087301,0.010624,0.010243,0.010173,-0.032314,-0.051465,0.9981
0.087643,0.010582,0.010443,0.010328,-0.032605,-0.051597,0.99808
0.088397,0.010498,0.010494,0.010349,-0.032958,-0.051841,0.99806
0.089659,0.010361,0.010488,0.010253,-0.033461,-0.052162,0.99803
0.090534,0.010245,0.010464,0.010034,-0.034108,-0.052547,0.99799
0.091387,0.0102,0.010429,0.0099445,-0.03479,-0.053033,0.99794
0.091739,0.010229,0.010562,0.009932,-0.035372,-0.053484,0.99789
0.092601,0.01023,0.010504,0.0098318,-0.035967,-0.053973,0.99785
0.093982,0.010152,0.010202,0.0097305,-0.036471,-0.054333,0.99781
0.094772,0.01014,0.010075,0.0096316,-0.03697,-0.054648,0.99777
0.095543,0.010115,0.0099719,0.009665,-0.037412,-0.054895,0.99774
0.095814,0.010124,0.010075,0.009641,-0.037816,-0.055221,0.99771
0.096626,0.010083,0.0099745,0.0093785,-0.038124,-0.055663,0.99768
0.098076,0.0099169,0.0096357,0.0089535,-0.038542,-0.056134,0.99764
0.098972,0.0098368,0.0094393,0.0086801,-0.039155,-0.056603,0.99759
0.099921,0.0097744,0.009285,0.0085997,-0.039829,-0.056957,0.99754
0.10015,0.0098467,0.0093898,0.0085899,-0.040018,-0.057339,0.99752
0.10108,0.0098336,0.0092329,0.0085931,-0.04008,-0.057901,0.99748
0.10287,0.009725,0.0088004,0.0085308,-0.040022,-0.058549,0.99745
0.10394,0.0097035,0.0086076,0.0084955,-0.039831,-0.059205,0.99741
0.10496,0.0096815,0.0084482,0.0086039,-0.039753,-0.059868,0.99738
0.10517,0.0097689,0.0084992,0.0084762,-0.039576,-0.060602,0.99734
0.10622,0.009717,0.0082648,0.0080605,-0.039563,-0.061347,0.9973
0.10808,0.00953,0.0077655,0.0075374,-0.039694,-0.062036,0.99726
0.10908,0.0094413,0.0074889,0.0069182,-0.039958,-0.062492,0.99722
0.10922,0.0094517,0.0074023,0.0061592,-0.040016,-0.062774,0.99721
0.11008,0.0093782,0.0071122,0.0054309,-0.039849,-0.062896,0.99721
0.11098,0.0092748,0.0068594,0.0048211,-0.039442,-0.06282,0.99723
0.11256,0.0091301,0.0065214,0.004513,-0.039045,-0.062813,0.99725
0.11339,0.009117,0.0064928,0.004425,-0.038844,-0.063029,0.99725
0.11355,0.0092359,0.0066175,0.0047088,-0.038953,-0.063438,0.99721
0.1145,0.0092403,0.0067153,0.0049243,-0.039337,-0.064001,0.99716
0.11537,0.009232,0.0067575,0.0050181,-0.039871,-0.064681,0.9971
0.11624,0.0092731,0.0068551,0.0050183,-0.040326,-0.06531,0.99704
0.11704,0.0092716,0.0069039,0.0050268,-0.04087,-0.065982,0.99697
0.11789,0.0093142,0.0069847,0.0049928,-0.041462,-0.066689,0.9969
0.11869,0.009364,0.0071226,0.0050959,-0.041989,-0.067237,0.99684
0.11949,0.0093774,0.0072165,0.0051281,-0.042311,-0.067834,0.99679
0.12025,0.0094054,0.0073681,0.0052291,-0.042444,-0.068354,0.99674
0.12094,0.0094018,0.0075343,0.0054683,-0.042605,-0.068843,0.9967
0.12163,0.0094483,0.0078375,0.0059706,-0.042732,-0.069269,0.99666
0.12227,0.0094863,0.0081405,0.006607,-0.043187,-0.069604,0.99662
0.12282,0.0095706,0.008391,0.007136,-0.043785,-0.069883,0.99657
0.12341,0.0096505,0.0086704,0.0074519,-0.044452,-0.070182,0.99652
0.12398,0.0096898,0.0088899,0.0075013,-0.045064,-0.070463,0.99647
0.12453,0.0096966,0.0091013,0.0075778,-0.045543,-0.070752,0.99642
0.12504,0.0097115,0.0092799,0.0075949,-0.045806,-0.070914,0.9964
0.12556,0.0097659,0.0095406,0.0077243,-0.045926,-0.071092,0.99638
0.12604,0.0098538,0.0098695,0.0081322,-0.046096,-0.071162,0.99637
0.1265,0.0098961,0.010177,0.0088544,-0.046359,-0.071253,0.99634
0.12689,0.0099827,0.010508,0.009504,-0.046715,-0.071289,0.99632
0.12729,0.010031,0.010785,0.0099574,-0.046926,-0.071406,0.99629
0.12771,0.010105,0.011007,0.010227,-0.04707,-0.071508,0.99628
0.12808,0.010143,0.01123,0.010364,-0.047186,-0.0716,0.99626
0.12848,0.010181,0.011395,0.01036,-0.047279,-0.071768,0.99625
0.12888,0.01022,0.011566,0.010319,-0.047419,-0.071931,0.99623
0.12928,0.01025,0.011747,0.010213,-0.04774,-0.072081,0.9962
0.12968,0.010279,0.011918,0.010297,-0.048034,-0.072033,0.99619
0.13004,0.010287,0.012012,0.010291,-0.048339,-0.072019,0.99618
0.1304,0.010302,0.012163,0.0105,-0.048571,-0.071939,0.99617
0.13074,0.010326,0.01236,0.010864,-0.048612,-0.071838,0.99617
0.13109,0.010368,0.01258,0.011325,-0.048724,-0.071697,0.99617
0.13147,0.01046,0.0127,0.011329,-0.048813,-0.07178,0.99616
0.13189,0.010492,0.012719,0.010926,-0.048916,-0.072047,0.99614
0.13232,0.010555,0.012721,0.010364,-0.04921,-0.072376,0.99611
0.1328,0.010556,0.012761,0.0099032,-0.04958,-0.072667,0.99607
0.13326,0.010556,0.012845,0.0096244,-0.049925,-0.072847,0.99605
0.13371,0.010541,0.013034,0.0096756,-0.050052,-0.072932,0.99603
0.13409,0.010525,0.013251,0.010031,-0.050004,-0.07279,0.99604
0.13446,0.010532,0.013518,0.01053,-0.049586,-0.072503,0.99608
0.13473,0.010575,0.013799,0.010962,-0.048957,-0.072176,0.99613
0.13505,0.010612,0.014002,0.011149,-0.048235,-0.072051,0.99617
0.13537,0.010658,0.014205,0.011138,-0.047849,-0.072154,0.99618
0.13577,0.010691,0.014389,0.011113,-0.047771,-0.072328,0.99617
0.13616,0.010747,0.014578,0.011067,-0.047911,-0.072532,0.99615
0.13654,0.010809,0.014778,0.010958,-0.047935,-0.072826,0.99613
0.13685,0.010843,0.014878,0.01079,-0.047925,-0.073245,0.9961
0.13722,0.010884,0.015023,0.010638,-0.047997,-0.073575,0.99608
0.13753,0.01094,0.015136,0.010598,-0.04823,-0.073866,0.99604
0.13778,0.010996,0.015258,0.010661,-0.048534,-0.074075,0.99601
0.13798,0.01101,0.015316,0.010712,-0.04866,-0.074159,0.996
0.13822,0.01104,0.015398,0.010687,-0.048582,-0.074334,0.99599
0.13836,0.011098,0.015464,0.01055,-0.048346,-0.074592,0.99599
0.13848,0.011109,0.015483,0.010326,-0.04812,-0.074844,0.99598
0.13854,0.011176,0.015492,0.010172,-0.048103,-0.075091,0.99596
0.13861,0.011248,0.015557,0.010028,-0.048172,-0.075336,0.99594
0.13865,0.011269,0.015538,0.009748,-0.048216,-0.075615,0.99592
0.13867,0.011275,0.015556,0.0095631,-0.048244,-0.075772,0.99591
0.13871,0.011312,0.015606,0.0095011,-0.048213,-0.075941,0.9959
0.13871,0.011316,0.015686,0.0096272,-0.048244,-0.076036,0.99589
0.13865,0.011383,0.015677,0.009825,-0.04809,-0.076059,0.99589
0.13863,0.011394,0.01568,0.0099094,-0.047779,-0.076166,0.9959
0.13861,0.011379,0.01566,0.0099564,-0.047516,-0.076268,0.9959
0.13857,0.011341,0.015547,0.0097985,-0.04741,-0.076433,0.9959
0.13861,0.011329,0.015464,0.0095937,-0.047567,-0.076496,0.99589
0.1385,0.011297,0.015303,0.0093514,-0.047772,-0.076553,0.99588
0.13841,0.011299,0.015108,0.0090716,-0.048026,-0.076606,0.99586
0.13836,0.011236,0.014931,0.008744,-0.048241,-0.076656,0.99585
0.13828,0.011264,0.014647,0.0084632,-0.048402,-0.076581,0.99585
0.13818,0.011251,0.014389,0.0081592,-0.048395,-0.076557,0.99586
0.13807,0.011254,0.014079,0.0078041,-0.048262,-0.076448,0.99587
0.13799,0.011248,0.01383,0.0075964,-0.048149,-0.076178,0.9959
0.13787,0.011255,0.013636,0.0074796,-0.048112,-0.075952,0.99592
0.1378,0.011263,0.01355,0.0074701,-0.048327,-0.075855,0.99592
0.1378,0.011253,0.013457,0.0073834,-0.048641,-0.075793,0.99591
0.13772,0.011262,0.013451,0.007271,-0.048785,-0.075777,0.9959
0.13765,0.011241,0.013424,0.0071857,-0.048795,-0.07577,0.9959
0.13754,0.011236,0.013418,0.0072127,-0.048662,-0.075778,0.99591
0.13745,0.01126,0.013436,0.0072515,-0.04831,-0.075838,0.99592
0.13738,0.011327,0.013543,0.0074729,-0.047934,-0.075787,0.99594
0.1373,0.011349,0.013617,0.0077153,-0.047729,-0.075729,0.99596
0.13725,0.011419,0.013769,0.0079647,-0.04752,-0.075586,0.99597
0.13718,0.011487,0.013839,0.008105,-0.047544,-0.07551,0.99598
0.13705,0.01155,0.013866,0.0081225,-0.047626,-0.075421,0.99598
0.13694,0.011623,0.013901,0.0081505,-0.047793,-0.07533,0.99598
0.13682,0.011731,0.013904,0.0080931,-0.047971,-0.075231,0.99598
0.13671,0.011833,0.013969,0.0080627,-0.048015,-0.07514,0.99598
0.13655,0.011919,0.01401,0.0080394,-0.048056,-0.074963,0.996
0.13643,0.012039,0.014086,0.008139,-0.048039,-0.0748,0.99601
0.13634,0.012125,0.014214,0.0082782,-0.047971,-0.074596,0.99602
0.13624,0.012154,0.014332,0.0083674,-0.047868,-0.074435,0.99604
0.13615,0.012239,0.01441,0.0085523,-0.047841,-0.074278,0.99605
0.13603,0.012326,0.014494,0.0086926,-0.047865,-0.074202,0.99606
0.13588,0.012381,0.014611,0.0088296,-0.0478,-0.074044,0.99607
0.13572,0.012425,0.014671,0.0089116,-0.0477,-0.073968,0.99608
0.13562,0.01248,0.014806,0.009024,-0.047557,-0.073984,0.99608
0.13544,0.012571,0.01492,0.0091643,-0.047581,-0.073908,0.99609
0.13533,0.012643,0.015065,0.0092872,-0.047522,-0.07392,0.99609
0.13517,0.0127,0.015168,0.00941,-0.047464,-0.073933,0.99609
0.13499,0.012792,0.015255,0.0094745,-0.047283,-0.073946,0.9961
0.13477,0.012902,0.015337,0.0095342,-0.047102,-0.074,0.9961
0.13456,0.012965,0.015496,0.0097334,-0.046859,-0.0739,0.99612
0.13427,0.013084,0.015587,0.010004,-0.046821,-0.07375,0.99613
0.13401,0.013182,0.015717,0.010221,-0.046746,-0.07364,0.99614
0.13367,0.013307,0.015815,0.010345,-0.046599,-0.073529,0.99615
0.13334,0.013417,0.015902,0.010344,-0.046506,-0.073401,0.99616
0.13305,0.013513,0.015939,0.010344,-0.046506,-0.073401,0.99616
0.13275,0.013662,0.016022,0.010356,-0.046684,-0.073526,0.99615
0.13245,0.013764,0.016092,0.010363,-0.046862,-0.073691,0.99613
0.13216,0.013855,0.01616,0.010366,-0.046951,-0.073773,0.99612
0.13183,0.013981,0.016266,0.010531,-0.046845,-0.07375,0.99612
0.13147,0.01404,0.016348,0.010783,-0.046633,-0.073562,0.99614
0.13109,0.014095,0.016481,0.011109,-0.046325,-0.073384,0.99617
0.1307,0.014159,0.0166,0.011396,-0.046068,-0.073246,0.99618
0.13036,0.014254,0.016692,0.011526,-0.046007,-0.073173,0.99619
0.12997,0.014345,0.016728,0.01165,-0.046249,-0.073086,0.99618
0.1296,0.014454,0.016792,0.011734,-0.046543,-0.073038,0.99617
0.12925,0.014564,0.016809,0.011843,-0.046793,-0.073122,0.99615
0.12886,0.014646,0.016819,0.011854,-0.046878,-0.073119,0.99615
0.12853,0.014659,0.016742,0.01185,-0.046789,-0.073036,0.99616
0.12812,0.014678,0.016709,0.011821,-0.04653,-0.073,0.99618
0.12775,0.014677,0.01665,0.011838,-0.046311,-0.073012,0.99618
0.12729,0.014722,0.016627,0.01195,-0.046167,-0.073027,0.99619
0.12687,0.014719,0.016616,0.012073,-0.046109,-0.073039,0.99619
0.12642,0.014731,0.016569,0.012078,-0.046109,-0.072999,0.99619
0.12592,0.014725,0.016542,0.011979,-0.045945,-0.072912,0.99621
0.12539,0.014771,0.016519,0.011872,-0.045692,-0.072783,0.99623
0.12481,0.014812,0.016492,0.011761,-0.04535,-0.072572,0.99626
0.12426,0.014886,0.016474,0.011761,-0.045168,-0.072321,0.99629
0.12368,0.015017,0.016523,0.011887,-0.044926,-0.072038,0.99632
0.12302,0.01513,0.016511,0.012014,-0.044594,-0.071631,0.99636
0.12234,0.015242,0.016512,0.012128,-0.044173,-0.071223,0.99641
0.12155,0.015331,0.016453,0.012101,-0.043643,-0.070813,0.99646
0.12083,0.015374,0.016409,0.012039,-0.043157,-0.070353,0.99652
0.12006,0.01547,0.016384,0.011987,-0.042757,-0.06989,0.99657
0.11928,0.015525,0.016396,0.012038,-0.042428,-0.069345,0.99662
0.11846,0.015566,0.016381,0.012034,-0.042066,-0.068884,0.99666
0.11758,0.015655,0.016378,0.011996,-0.041658,-0.06825,0.99673
0.11668,0.015719,0.016394,0.012102,-0.041364,-0.067621,0.99678
0.11575,0.015785,0.016464,0.012163,-0.041028,-0.066946,0.99684
0.11483,0.015886,0.01655,0.012284,-0.040819,-0.066274,0.99689
0.11383,0.015985,0.016606,0.012445,-0.040559,-0.065562,0.99695
0.11289,0.016114,0.016736,0.012609,-0.040388,-0.064933,0.99699
0.11188,0.016249,0.016771,0.012681,-0.04023,-0.064382,0.99703
0.11087,0.016382,0.016779,0.012763,-0.040158,-0.063828,0.99707
0.10992,0.016491,0.016832,0.012845,-0.040085,-0.063274,0.99711
0.109,0.016553,0.016855,0.012946,-0.040187,-0.06276,0.99714
0.10805,0.016601,0.016892,0.013029,-0.040208,-0.062334,0.99716
0.10709,0.016664,0.016915,0.013059,-0.040098,-0.061818,0.9972
0.10616,0.016761,0.017002,0.013265,-0.039878,-0.061153,0.99724
0.10513,0.016858,0.017096,0.013552,-0.039556,-0.060408,0.9973
0.10415,0.016904,0.017155,0.013774,-0.039025,-0.059627,0.99736
0.10312,0.016945,0.017123,0.013813,-0.038518,-0.058957,0.99742
0.10211,0.017014,0.017104,0.013742,-0.038159,-0.058276,0.99748
0.10112,0.017063,0.017088,0.013766,-0.038172,-0.057495,0.99752
0.10027,0.01711,0.017204,0.013931,-0.038208,-0.056637,0.99757
0.09925,0.017162,0.017167,0.014046,-0.038122,-0.0557,0.99762
0.098013,0.01722,0.017018,0.014123,-0.037775,-0.054807,0.99768
0.096903,0.017269,0.016957,0.014096,-0.037272,-0.053918,0.99775
0.095814,0.017328,0.016864,0.013989,-0.036864,-0.053059,0.99781
0.094972,0.017355,0.016922,0.014062,-0.036825,-0.052157,0.99786
0.093874,0.017351,0.016871,0.014145,-0.036872,-0.051252,0.9979
0.092977,0.017407,0.016817,0.014145,-0.036872,-0.051252,0.9979
0.091861,0.017403,0.016717,0.014087,-0.036802,-0.050294,0.99796
0.090438,0.017319,0.016626,0.013919,-0.036143,-0.048266,0.99808
0.089249,0.017292,0.016541,0.013891,-0.035847,-0.047149,0.99815
0.088065,0.017231,0.016522,0.014008,-0.035664,-0.046038,0.9982
0.087155,0.017261,0.016509,0.014008,-0.035664,-0.046038,0.9982
0.085995,0.017278,0.016536,0.014152,-0.035649,-0.044834,0.99826
0.084623,0.017259,0.016612,0.014526,-0.035607,-0.042435,0.99836
0.083447,0.017281,0.016632,0.014635,-0.035335,-0.041281,0.99842
0.082288,0.017302,0.0167,0.014728,-0.034985,-0.040222,0.99847
0.081325,0.017347,0.016675,0.014728,-0.034985,-0.040222,0.99847
0.0802,0.017355,0.016679,0.014689,-0.034692,-0.039229,0.99852
0.079017,0.017354,0.016711,0.014675,-0.03457,-0.03819,0.99856
0.077847,0.01735,0.016712,0.014542,-0.034596,-0.037222,0.9986
0.076685,0.017321,0.016688,0.014345,-0.034803,-0.03624,0.99863
0.075516,0.01728,0.016724,0.014277,-0.034948,-0.035185,0.99867
0.074293,0.017234,0.016753,0.014292,-0.034994,-0.034055,0.9987
0.07309,0.017182,0.016833,0.014445,-0.034971,-0.032719,0.99875
0.071905,0.017163,0.016958,0.014801,-0.034793,-0.031367,0.99879
0.070746,0.017207,0.017097,0.015201,-0.034653,-0.030056,0.99883
0.069615,0.017263,0.017288,0.015565,-0.03435,-0.028922,0.99887
0.068472,0.017311,0.01735,0.015708,-0.034033,-0.027818,0.99891
0.067373,0.017331,0.017421,0.015706,-0.033692,-0.02683,0.99895
0.066331,0.017293,0.017453,0.015675,-0.033488,-0.02588,0.99898
0.065333,0.017271,0.017515,0.015576,-0.033558,-0.025084,0.999
0.064334,0.017257,0.017546,0.015557,-0.034014,-0.024411,0.999
0.063399,0.017226,0.017526,0.015405,-0.034444,-0.023727,0.99901
0.062453,0.017193,0.017463,0.015299,-0.034517,-0.023017,0.99902
0.061495,0.017176,0.017463,0.015376,-0.034262,-0.022251,0.99905
0.060577,0.01707,0.017448,0.015488,-0.03387,-0.021407,0.99908
0.059627,0.017018,0.017387,0.015558,-0.033437,-0.020476,0.99911
0.058755,0.016983,0.017413,0.015691,-0.033216,-0.019626,0.99913
0.057856,0.016946,0.017406,0.015827,-0.033084,-0.018858,0.99915
0.056936,0.016892,0.017377,0.015984,-0.033123,-0.018083,0.99916
0.056125,0.016833,0.017386,0.016093,-0.033124,-0.017307,0.99917
0.055224,0.016789,0.017334,0.01612,-0.033224,-0.016606,0.99918
0.054405,0.016726,0.017295,0.016096,-0.033291,-0.01595,0.99919
0.053535,0.016727,0.01726,0.016161,-0.033344,-0.015254,0.9992
0.052722,0.016672,0.017146,0.016129,-0.033321,-0.014554,0.99921
0.051841,0.016628,0.017089,0.016092,-0.033214,-0.013819,0.99922
0.050955,0.016527,0.016956,0.015967,-0.033112,-0.013068,0.99924
0.050067,0.016439,0.016864,0.015855,-0.0331,-0.012322,0.99925
0.049169,0.016342,0.016778,0.015788,-0.033121,-0.01157,0.99926
0.04824,0.016273,0.016741,0.015837,-0.033304,-0.010742,0.99926
0.047323,0.016188,0.016701,0.016001,-0.033339,-0.009882,0.99927
0.046425,0.016126,0.01667,0.016132,-0.033206,-0.0091519,0.99928
0.045513,0.016069,0.016597,0.016159,-0.032917,-0.0084308,0.99929
0.044626,0.015979,0.01651,0.01624,-0.032751,-0.0077463,0.9993
0.043785,0.01586,0.016366,0.016239,-0.032684,-0.0071367,0.99931
0.042871,0.015803,0.016264,0.016229,-0.032624,-0.0066602,0.99931
0.042001,0.015758,0.01612,0.016081,-0.03263,-0.0063421,0.99932
0.041138,0.015695,0.016003,0.015934,-0.032636,-0.0060241,0.99932
0.040264,0.015648,0.015941,0.015927,-0.032666,-0.0056297,0.99932
0.039372,0.015611,0.015885,0.015956,-0.032554,-0.0051107,0.99933
0.038433,0.015604,0.01593,0.016024,-0.032306,-0.0044771,0.99934
0.03747,0.015631,0.015929,0.016144,-0.031787,-0.0038503,0.99936
0.036508,0.015677,0.01599,0.016391,-0.03121,-0.0031983,0.99937
0.035557,0.015761,0.016109,0.016813,-0.030702,-0.0026426,0.99938
0.034648,0.015818,0.016165,0.017207,-0.030327,-0.0020785,0.99939
0.033773,0.01589,0.016245,0.017496,-0.029884,-0.0016436,0.9994
0.032874,0.015973,0.016301,0.017599,-0.029376,-0.0012353,0.99941
0.031982,0.016065,0.016254,0.017573,-0.02893,-0.00089992,0.99943
0.031078,0.016135,0.016199,0.017384,-0.028594,-0.00059488,0.99944
0.03021,0.016225,0.016168,0.017396,-0.0284,-0.00016439,0.99945
0.029334,0.01631,0.016132,0.017364,-0.02817,0.00030551,0.99945
0.028416,0.016339,0.016124,0.017332,-0.027846,0.00090532,0.99946
0.027395,0.016468,0.016101,0.017329,-0.027385,0.0015446,0.99947
0.02638,0.016569,0.016102,0.017464,-0.026952,0.0022121,0.99948
0.025378,0.016708,0.016162,0.017598,-0.026518,0.0028797,0.99949
0.024368,0.016826,0.016185,0.017709,-0.026214,0.0036037,0.99949
0.023332,0.016985,0.016252,0.017789,-0.026048,0.0042883,0.99949
0.022377,0.017148,0.016349,0.017928,-0.026004,0.0049742,0.99949
0.021362,0.017339,0.016417,0.018143,-0.025958,0.0055196,0.99948
0.02034,0.017503,0.016464,0.018351,-0.025915,0.0059798,0.99948
0.019371,0.017692,0.016542,0.018586,-0.025827,0.0063123,0.99947
0.018443,0.01782,0.016643,0.018899,-0.025644,0.0066715,0.99947
0.01745,0.017921,0.016711,0.019211,-0.025161,0.0069304,0.99947
0.016427,0.018036,0.016738,0.019327,-0.024433,0.0072899,0.99949
0.015453,0.018112,0.016831,0.019444,-0.02371,0.0076383,0.9995
0.014493,0.018198,0.016911,0.019585,-0.023154,0.0080415,0.99951
0.013543,0.018255,0.017027,0.019839,-0.022755,0.0085295,0.99951
0.012518,0.018344,0.017198,0.020073,-0.022486,0.0091111,0.9995
0.01145,0.018375,0.017315,0.020224,-0.022222,0.0097482,0.9995
0.010277,0.018429,0.017396,0.020151,-0.021951,0.010305,0.9995
0.0091408,0.018515,0.017456,0.019971,-0.021607,0.010743,0.99951
0.0079804,0.018527,0.017498,0.019665,-0.021232,0.011276,0.99952
0.0067605,0.01851,0.017552,0.019646,-0.02099,0.011927,0.99952
0.0054231,0.018418,0.017628,0.019736,-0.020815,0.012745,0.99951
0.0039761,0.0183,0.017651,0.019929,-0.020712,0.013644,0.99949
0.0026093,0.018164,0.017777,0.020177,-0.020736,0.014496,0.99948
0.0011687,0.018015,0.017976,0.020504,-0.020753,0.015257,0.99946
-0.00023119,0.01787,0.018279,0.020957,-0.020708,0.016053,0.99944
-0.0017119,0.017742,0.018541,0.021529,-0.020515,0.016918,0.99941
-0.0032242,0.017562,0.018758,0.021868,-0.020132,0.017879,0.9994
-0.0047355,0.017381,0.018998,0.022065,-0.019631,0.018893,0.99939
-0.0062702,0.017198,0.019145,0.02211,-0.019025,0.019779,0.99938
-0.0077258,0.017055,0.019431,0.022276,-0.018449,0.020534,0.99937
-0.0091281,0.01685,0.019683,0.022543,-0.01795,0.021323,0.99936
-0.010505,0.016669,0.02,0.022972,-0.017738,0.022063,0.99934
-0.011805,0.016535,0.020346,0.02353,-0.017552,0.022759,0.99931
-0.013079,0.016433,0.020716,0.023898,-0.017004,0.02328,0.9993
-0.014262,0.016287,0.021073,0.024387,-0.016403,0.023739,0.99929
-0.015466,0.016187,0.021355,0.024808,-0.015894,0.024294,0.99927
-0.016657,0.016047,0.021596,0.025126,-0.015314,0.024768,0.99926
-0.017896,0.015904,0.021789,0.025438,-0.015037,0.025257,0.99924
-0.019045,0.01573,0.021945,0.025788,-0.014713,0.025741,0.99923
-0.020256,0.015552,0.022057,0.025826,-0.014292,0.026294,0.99922
-0.021465,0.015343,0.022153,0.025815,-0.013834,0.026848,0.99921
-0.022611,0.015159,0.022284,0.025802,-0.01338,0.027354,0.9992
-0.02372,0.014965,0.022452,0.025831,-0.012967,0.027772,0.9992
-0.024738,0.014779,0.022625,0.025955,-0.012629,0.028187,0.99919
-0.025822,0.01462,0.022786,0.02628,-0.012434,0.028729,0.99916
-0.026826,0.014434,0.023002,0.026764,-0.01235,0.029422,0.99913
-0.027946,0.014276,0.023149,0.027197,-0.011828,0.030159,0.99911
-0.029044,0.014087,0.023248,0.027385,-0.011215,0.030691,0.99909
-0.030071,0.013954,0.023304,0.027374,-0.01055,0.031014,0.99909
-0.031086,0.013767,0.023229,0.027146,-0.010048,0.031106,0.9991
-0.032033,0.013579,0.023199,0.026875,-0.0096047,0.031104,0.99911
-0.033028,0.013384,0.023038,0.026624,-0.0093318,0.03111,0.99912
-0.033957,0.013243,0.023008,0.026473,-0.009129,0.031161,0.99912
-0.034895,0.013084,0.023036,0.026532,-0.0087655,0.031359,0.99912
-0.035815,0.012904,0.023081,0.026857,-0.0082688,0.0318,0.9991
-0.036788,0.012707,0.023187,0.027307,-0.0076217,0.032395,0.99907
-0.037765,0.012666,0.023331,0.027764,-0.0069713,0.033074,0.99904
-0.038831,0.012593,0.023389,0.028064,-0.0065157,0.03369,0.99902
-0.039953,0.012465,0.023352,0.028082,-0.0062246,0.034337,0.999
-0.041109,0.012276,0.023209,0.027776,-0.0061507,0.034969,0.99898
-0.042284,0.012,0.022986,0.027333,-0.006048,0.035574,0.99897
-0.043434,0.01173,0.02283,0.027086,-0.006097,0.036208,0.99896
-0.044584,0.011403,0.022644,0.026955,-0.006091,0.036745,0.99894
-0.04566,0.011078,0.02247,0.026836,-0.0058648,0.037233,0.99893
-0.046767,0.010763,0.022356,0.026795,-0.0054508,0.037878,0.99891
-0.047869,0.01045,0.022191,0.026724,-0.0050813,0.038612,0.99888
-0.049043,0.01017,0.022121,0.026915,-0.0046773,0.03941,0.99885
-0.050156,0.0098782,0.022045,0.027147,-0.0043141,0.040121,0.99882
-0.051317,0.0095978,0.022013,0.027169,-0.0037122,0.040765,0.99879
-0.052446,0.009327,0.021911,0.027067,-0.0031804,0.041358,0.99877
-0.05348,0.0090615,0.021827,0.026865,-0.0026588,0.041802,0.99876
-0.054469,0.0087897,0.021711,0.026493,-0.0022586,0.042116,0.99876
-0.055476,0.0085207,0.021563,0.026016,-0.001785,0.042314,0.99876
-0.056368,0.0082526,0.021443,0.025756,-0.0012342,0.042626,0.99876
-0.057315,0.0080055,0.021347,0.025708,-0.00061668,0.042954,0.99875
-0.058244,0.0077644,0.021308,0.025857,0.00015482,0.043259,0.99873
-0.05918,0.0075435,0.021306,0.026075,0.0010187,0.043469,0.99871
-0.060084,0.0073461,0.021346,0.026384,0.0018097,0.043639,0.9987
-0.061,0.0071221,0.021347,0.026585,0.0024552,0.043861,0.99868
-0.06196,0.0068843,0.021352,0.026684,0.0029656,0.044233,0.99866
-0.062912,0.0066607,0.0214,0.026637,0.0032825,0.044662,0.99864
-0.063782,0.0064731,0.021455,0.026478,0.0034558,0.045107,0.99863
-0.064609,0.0063109,0.021589,0.026336,0.0035471,0.045639,0.9986
-0.065467,0.0061657,0.021625,0.026232,0.0036862,0.046167,0.99858
-0.066247,0.0060174,0.0217,0.02626,0.0038921,0.046816,0.99855
-0.067197,0.0058989,0.021705,0.026448,0.0042041,0.047448,0.99851
-0.068114,0.0057449,0.021719,0.026666,0.0045607,0.047989,0.99848
-0.069099,0.0055824,0.021726,0.026797,0.0049016,0.048488,0.99845
-0.070033,0.0053984,0.021675,0.02689,0.0051083,0.048876,0.99843
-0.071034,0.0051969,0.021656,0.026813,0.0052866,0.049264,0.99841
-0.072055,0.0049418,0.02162,0.026657,0.0053715,0.049628,0.9984
-0.073179,0.004665,0.021519,0.026413,0.0055344,0.050079,0.99838
-0.074353,0.004284,0.021415,0.026167,0.0059978,0.05043,0.99837
-0.075495,0.0039171,0.021317,0.02597,0.0068236,0.050858,0.99834
-0.076672,0.0034909,0.021287,0.026008,0.0078512,0.051258,0.99832
-0.077834,0.0030753,0.021341,0.026152,0.0088047,0.051773,0.99828
-0.078933,0.0026477,0.021401,0.026437,0.0096483,0.052249,0.99824
-0.080109,0.0021989,0.021482,0.02678,0.010369,0.052727,0.9982
-0.081356,0.0017681,0.021494,0.027035,0.010868,0.053393,0.99815
-0.08265,0.0013105,0.021457,0.027136,0.011263,0.054162,0.9981
-0.083902,0.00084187,0.021365,0.026975,0.01171,0.054983,0.99805
-0.085193,0.0003981,0.021236,0.026668,0.012277,0.055824,0.99801
-0.086371,-7.0663e-05,0.021059,0.026342,0.012921,0.056527,0.99797
-0.087424,-0.00052607,0.020898,0.025986,0.01374,0.057153,0.99793
-0.088388,-0.00096242,0.020765,0.025629,0.014546,0.057714,0.9979
-0.089294,-0.00138,0.02067,0.025557,0.014829,0.058331,0.99786
-0.090143,-0.00176,0.020523,0.025632,0.014998,0.058978,0.99782
-0.0909,-0.0020732,0.020441,0.02583,0.014618,0.059765,0.99777
-0.091631,-0.0022781,0.020375,0.026276,0.01396,0.060497,0.99772
-0.092267,-0.0025197,0.020377,0.02603,0.014217,0.061079,0.99769
-0.09286,-0.0026623,0.020296,0.025684,0.014551,0.061629,0.99766
-0.093418,-0.0028355,0.020157,0.025335,0.014879,0.06213,0.99764
-0.09385,-0.0029461,0.020052,0.025329,0.014549,0.062624,0.99761
-0.094185,-0.003081,0.019927,0.025364,0.014178,0.063031,0.99759
-0.094448,-0.0031529,0.019766,0.025331,0.013621,0.063404,0.99757
-0.094629,-0.0032215,0.019609,0.025255,0.013012,0.063697,0.99756
-0.094818,-0.0033273,0.019441,0.025123,0.012532,0.064038,0.99755
-0.095017,-0.0034293,0.019333,0.025052,0.012228,0.064315,0.99754
-0.095161,-0.0034932,0.019238,0.024933,0.01196,0.064593,0.99753
-0.09535,-0.0035706,0.019112,0.0247,0.011858,0.064802,0.99752
-0.095473,-0.0036705,0.01903,0.02446,0.011839,0.065042,0.99751
-0.095592,-0.003711,0.019012,0.024303,0.011824,0.065225,0.9975
-0.095726,-0.0037454,0.019024,0.02429,0.011697,0.065402,0.99749
-0.095898,-0.0037638,0.019049,0.024367,0.011592,0.065673,0.99748
-0.095984,-0.003752,0.019096,0.02439,0.011607,0.065976,0.99746
-0.096095,-0.0037803,0.019197,0.02445,0.011669,0.066274,0.99743
-0.096229,-0.0037671,0.019333,0.024562,0.0117,0.06662,0.99741
-0.096363,-0.0037789,0.019439,0.024745,0.011821,0.066905,0.99738
-0.096478,-0.0037909,0.019533,0.024921,0.011939,0.067105,0.99736
-0.096543,-0.0037798,0.019622,0.025121,0.012098,0.067132,0.99735
-0.096566,-0.0037187,0.01975,0.02536,0.012212,0.067023,0.99735
-0.096496,-0.0036422,0.019902,0.025664,0.012412,0.066769,0.99736
-0.096366,-0.003534,0.020056,0.025884,0.012508,0.066391,0.99738
-0.096193,-0.0034776,0.020201,0.025873,0.012714,0.066041,0.9974
-0.096032,-0.0033129,0.020366,0.025904,0.012965,0.06572,0.99742
-0.095812,-0.0031208,0.020549,0.025941,0.01322,0.065483,0.99743
-0.095665,-0.0029311,0.020716,0.026056,0.013575,0.065285,0.99743
-0.095515,-0.0027457,0.020934,0.02616,0.014016,0.065084,0.99744
-0.095429,-0.0025564,0.021111,0.026367,0.014385,0.064963,0.99744
-0.095379,-0.0024086,0.021305,0.026541,0.014618,0.064767,0.99744
-0.095325,-0.0022629,0.021457,0.026732,0.014769,0.06466,0.99744
-0.095242,-0.0021396,0.021641,0.027042,0.014973,0.06449,0.99744
-0.095171,-0.0020742,0.021804,0.027384,0.015221,0.06423,0.99744
-0.095034,-0.0019273,0.021963,0.027609,0.015328,0.063952,0.99745
-0.094888,-0.0018669,0.022123,0.027753,0.015422,0.063715,0.99746
-0.094736,-0.0017933,0.022234,0.027849,0.015554,0.063481,0.99747
-0.094575,-0.0016564,0.022317,0.02773,0.015614,0.063181,0.99749
-0.094387,-0.0015766,0.022427,0.027706,0.015693,0.063008,0.9975
-0.094169,-0.0014931,0.022597,0.027786,0.015607,0.062787,0.99752
-0.094029,-0.0014127,0.022721,0.028012,0.015705,0.062493,0.99753
-0.093828,-0.0012649,0.02289,0.028357,0.015865,0.062153,0.99754
-0.09364,-0.0011707,0.023057,0.028599,0.016191,0.061862,0.99754
-0.093395,-0.0010634,0.023254,0.028912,0.016606,0.06151,0.99755
-0.093114,-0.00091599,0.02349,0.029103,0.016964,0.061171,0.99756
-0.092846,-0.0008366,0.023705,0.029307,0.017241,0.060885,0.99757
-0.092532,-0.00072827,0.023904,0.029499,0.017298,0.060647,0.99757
-0.092204,-0.00060933,0.024041,0.029582,0.017124,0.060344,0.99759
-0.091926,-0.00053654,0.024179,0.029591,0.016939,0.060167,0.99761
-0.091639,-0.00045746,0.024333,0.029592,0.016845,0.060037,0.99762
-0.091426,-0.00039291,0.024425,0.029712,0.016812,0.059859,0.99762
-0.091178,-0.00034118,0.024491,0.02987,0.016818,0.059661,0.99763
-0.090895,-0.00025612,0.024564,0.030058,0.016878,0.059388,0.99764
-0.090583,-0.00015708,0.024693,0.030241,0.016926,0.059016,0.99766
-0.090242,-6.3357e-05,0.024733,0.030323,0.017051,0.058612,0.99767
-0.089892,1.1038e-06,0.024744,0.030396,0.017168,0.058074,0.9977
-0.089565,2.6826e-05,0.024733,0.030239,0.017387,0.057548,0.99773
-0.089215,5.1735e-05,0.024671,0.029952,0.017638,0.05708,0.99776
-0.088845,0.00010246,0.02468,0.029861,0.017737,0.056641,0.99779
-0.088499,0.00021178,0.024716,0.02979,0.017759,0.056339,0.99781
-0.08819,0.00029524,0.024757,0.02979,0.017759,0.056339,0.99781
-0.087907,0.0003938,0.024749,0.029948,0.017887,0.055794,0.99783
-0.087639,0.00046042,0.024805,0.030047,0.018024,0.055609,0.99784
-0.087414,0.00046831,0.024783,0.030054,0.018233,0.055462,0.99784
-0.087156,0.00048473,0.024735,0.029971,0.018435,0.055287,0.99785
-0.086887,0.0005301,0.024762,0.029971,0.018435,0.055287,0.99785
-0.086548,0.00054937,0.024645,0.029609,0.018591,0.054831,0.99788
-0.086262,0.00054027,0.02459,0.029406,0.01834,0.054639,0.9979
-0.085912,0.00053598,0.024521,0.029214,0.018004,0.054451,0.99793
-0.08557,0.00054292,0.024456,0.028929,0.01774,0.054301,0.99795
-0.085249,0.00051142,0.024404,0.028929,0.01774,0.054301,0.99795
-0.084892,0.00051961,0.024248,0.028582,0.017601,0.054114,0.99797
-0.084534,0.00049016,0.024086,0.028312,0.017564,0.053966,0.99799
-0.084143,0.0004981,0.023917,0.028081,0.017566,0.053798,0.998
-0.083741,0.00051158,0.02373,0.027849,0.017577,0.053645,0.99802
-0.083303,0.0005164,0.023609,0.027654,0.017635,0.053486,0.99803
-0.082899,0.00050992,0.023452,0.027474,0.017605,0.053366,0.99804
-0.08243,0.0005115,0.023319,0.027482,0.017429,0.053205,0.99805
-0.081991,0.00051627,0.023153,0.027436,0.017278,0.052945,0.99807
-0.081454,0.00053835,0.023036,0.027383,0.017125,0.052601,0.99809
-0.080927,0.00056003,0.022882,0.027193,0.017001,0.052231,0.99812
-0.08037,0.00061001,0.022721,0.027148,0.016756,0.051842,0.99815
-0.079776,0.00066606,0.022575,0.02701,0.016592,0.051505,0.99817
-0.079184,0.00073453,0.022428,0.026869,0.016431,0.051133,0.9982
-0.078563,0.00077321,0.022255,0.026627,0.016433,0.050845,0.99822
-0.077944,0.00082934,0.022046,0.026286,0.016503,0.050512,0.99824
-0.077362,0.0008459,0.021868,0.025942,0.016577,0.050143,0.99827
-0.076737,0.00092751,0.021697,0.025714,0.016405,0.049778,0.99829
-0.076127,0.0009881,0.021575,0.025635,0.016118,0.049443,0.99832
-0.075525,0.0010376,0.021466,0.025652,0.015757,0.049105,0.99834
-0.0749,0.0010737,0.021405,0.025609,0.015518,0.048765,0.99836
-0.074352,0.0011456,0.021306,0.02559,0.015501,0.048496,0.99838
-0.073761,0.0011967,0.021218,0.025566,0.01558,0.048324,0.99838
-0.073209,0.0011995,0.021173,0.025624,0.015757,0.048225,0.99838
-0.072592,0.0012721,0.021165,0.025685,0.015847,0.048045,0.99839
-0.071973,0.0014331,0.021201,0.025764,0.01576,0.047822,0.9984
-0.071315,0.001566,0.021216,0.025764,0.015567,0.047512,0.99842
-0.070694,0.0017327,0.021258,0.025814,0.015256,0.047133,0.99844
-0.070037,0.0018762,0.021282,0.025875,0.014851,0.046743,0.99846
-0.069328,0.0020778,0.02129,0.025873,0.014266,0.046368,0.99849
-0.068671,0.0022461,0.021246,0.025914,0.013646,0.045956,0.99851
-0.067833,0.0023959,0.021185,0.025816,0.013135,0.045584,0.99854
-0.067012,0.0025581,0.021103,0.02572,0.01263,0.045262,0.99856
-0.066147,0.0027418,0.021066,0.025655,0.012256,0.044966,0.99858
-0.065262,0.0029675,0.021047,0.025719,0.011857,0.044626,0.9986
-0.064437,0.0031471,0.021043,0.02585,0.011244,0.044241,0.99862
-0.063638,0.0033393,0.020994,0.025855,0.010482,0.043704,0.99865
-0.062803,0.003503,0.020904,0.025727,0.0097471,0.043175,0.99869
-0.061996,0.0036108,0.020802,0.025537,0.0091291,0.042595,0.99872
-0.061231,0.0036667,0.020699,0.025254,0.0085914,0.042068,0.99876
-0.060381,0.0037515,0.020583,0.024858,0.0082107,0.041456,0.9988
-0.059507,0.0037724,0.020447,0.024461,0.007924,0.040974,0.99883
-0.058655,0.0038155,0.02031,0.024145,0.007736,0.040567,0.99886
-0.057671,0.0038776,0.020308,0.024142,0.0074512,0.04009,0.99888
-0.056749,0.0039322,0.020318,0.024426,0.0069417,0.039604,0.99889
-0.055773,0.0040243,0.020313,0.024598,0.0061948,0.039002,0.99892
-0.054865,0.0040683,0.020314,0.024634,0.0054772,0.038374,0.99894
-0.053911,0.0040829,0.020271,0.024437,0.004856,0.037709,0.99898
-0.05294,0.0041719,0.020299,0.024329,0.0042507,0.037087,0.99901
-0.051975,0.0042346,0.020325,0.024271,0.0036996,0.036628,0.99903
-0.051023,0.0043129,0.020347,0.024302,0.0031642,0.036212,0.99904
-0.049984,0.0044429,0.020441,0.024418,0.0027257,0.035905,0.99905
-0.04904,0.0045873,0.020453,0.02451,0.0021593,0.035656,0.99906
-0.047963,0.0047859,0.020573,0.02477,0.0015219,0.035227,0.99907
-0.046895,0.0049402,0.020681,0.024972,0.00091349,0.034666,0.99909
-0.045753,0.0051496,0.020849,0.025285,0.00014281,0.034141,0.9991
-0.044611,0.0053117,0.02102,0.025608,-0.00071316,0.033619,0.99911
-0.043506,0.005451,0.021151,0.025857,-0.0016648,0.033107,0.99912
-0.042403,0.0056331,0.021243,0.025964,-0.0024989,0.03265,0.99913
-0.041183,0.0057675,0.021332,0.02578,-0.0031064,0.032168,0.99915
-0.039929,0.0059715,0.021397,0.025455,-0.0036032,0.031727,0.99917
-0.03866,0.0061855,0.021449,0.025309,-0.0042566,0.031109,0.99919
-0.037379,0.0064629,0.021608,0.025396,-0.0050137,0.030514,0.9992
-0.036025,0.0067045,0.021748,0.025658,-0.0058388,0.029824,0.99921
-0.034641,0.0069861,0.021946,0.026186,-0.006718,0.029116,0.99921
-0.033256,0.0072631,0.022209,0.026824,-0.0077527,0.028457,0.9992
-0.031859,0.0075643,0.022505,0.027459,-0.0087987,0.027736,0.9992
-0.030473,0.0078266,0.022776,0.027868,-0.0098249,0.026958,0.9992
-0.029072,0.0080822,0.022984,0.02802,-0.010582,0.026101,0.99921
-0.027672,0.0083845,0.02322,0.027884,-0.011113,0.025256,0.99923
-0.026283,0.0086305,0.023396,0.027615,-0.011618,0.024419,0.99925
-0.024884,0.0089359,0.023625,0.02756,-0.012138,0.02353,0.99927
-0.023445,0.0092312,0.023866,0.027773,-0.012718,0.02261,0.99928
-0.021999,0.009519,0.02418,0.028248,-0.013258,0.021767,0.99928
-0.02061,0.0098606,0.024502,0.028747,-0.013669,0.020866,0.99928
-0.019262,0.010165,0.024767,0.029212,-0.014123,0.020019,0.99927
-0.017894,0.010483,0.025051,0.029642,-0.014627,0.019214,0.99927
-0.016571,0.010782,0.025301,0.029995,-0.015224,0.018383,0.99927
-0.015205,0.011092,0.025563,0.030306,-0.015875,0.017508,0.99926
-0.013824,0.011379,0.025802,0.03028,-0.016656,0.01658,0.99927
-0.012515,0.011693,0.025958,0.030087,-0.017458,0.015703,0.99927
-0.011189,0.01198,0.026096,0.029993,-0.018332,0.014871,0.99927
-0.0098829,0.012267,0.026231,0.029966,-0.019019,0.014073,0.99927
-0.0086015,0.012572,0.026366,0.030071,-0.019339,0.013296,0.99927
-0.007338,0.012859,0.026525,0.030277,-0.019343,0.012618,0.99927
-0.0061103,0.013155,0.026665,0.030524,-0.019294,0.011984,0.99928
-0.0048684,0.013449,0.026793,0.030816,-0.019374,0.011181,0.99927
-0.0035558,0.013699,0.026897,0.031037,-0.019645,0.010295,0.99927
-0.0022853,0.013944,0.026949,0.031088,-0.020025,0.0093041,0.99927
-0.00097903,0.014117,0.026963,0.031047,-0.020512,0.0081051,0.99927
-0.00064622,0.014171,0.026964,0.030996,-0.021007,0.0067728,0.99928
0.00072445,0.014341,0.026954,0.031023,-0.021495,0.005348,0.99927
0.0031762,0.014661,0.027019,0.031307,-0.021952,0.003902,0.99926
0.0045192,0.014866,0.027033,0.031624,-0.022178,0.0026626,0.99925
0.0058325,0.015129,0.02703,0.031963,-0.022089,0.0016269,0.99924
0.0059958,0.015294,0.027111,0.032198,-0.021835,0.00063954,0.99924
0.007227,0.015614,0.0271,0.032526,-0.021567,-0.00026961,0.99924
0.0095782,0.016083,0.026972,0.032875,-0.02147,-0.0011722,0.99923
0.01087,0.016355,0.026908,0.033081,-0.021654,-0.0020987,0.99922
0.012106,0.016575,0.026854,0.033231,-0.02211,-0.0030559,0.9992
0.012389,0.01671,0.026872,0.033176,-0.022723,-0.0040757,0.99918
0.01364,0.016851,0.026703,0.032954,-0.023352,-0.0050336,0.99917
0.014921,0.017,0.026585,0.032769,-0.02384,-0.0058669,0.99916
0.017051,0.017215,0.026262,0.032647,-0.024059,-0.0065939,0.99916
0.018235,0.017334,0.026168,0.032751,-0.024198,-0.0071219,0.99915
0.018545,0.017448,0.026367,0.033046,-0.024393,-0.007528,0.99913
0.019727,0.01759,0.026381,0.033494,-0.024605,-0.0076869,0.99911
0.021685,0.017856,0.026042,0.033963,-0.024895,-0.0077097,0.99908
0.022849,0.018019,0.025973,0.034152,-0.02505,-0.007765,0.99907
0.02406,0.018158,0.025767,0.033965,-0.025289,-0.0077391,0.99907
0.024435,0.018288,0.025892,0.033429,-0.025574,-0.00777,0.99908
0.02572,0.01845,0.025557,0.032612,-0.026209,-0.0080306,0.99909
0.02787,0.018626,0.024828,0.031749,-0.027289,-0.0084387,0.99909
0.029244,0.018743,0.024578,0.03115,-0.028729,-0.0088122,0.99906
0.030631,0.01889,0.024339,0.030749,-0.030221,-0.0089783,0.99903
0.031029,0.018948,0.024529,0.030743,-0.031432,-0.0087101,0.999
0.03221,0.018981,0.024417,0.030892,-0.03196,-0.008218,0.99898
0.034223,0.018971,0.02394,0.030966,-0.031797,-0.0076189,0.99899
0.03532,0.018964,0.023799,0.030594,-0.031122,-0.0069233,0.99902
0.036435,0.018974,0.02362,0.029757,-0.030241,-0.0062773,0.99908
0.036714,0.019005,0.023691,0.028837,-0.029951,-0.0059132,0.99912
0.038076,0.019037,0.023539,0.028148,-0.030338,-0.0058411,0.99913
0.040313,0.019126,0.02321,0.027642,-0.031184,-0.0058096,0.99911
0.04166,0.01923,0.023118,0.027092,-0.032081,-0.0058583,0.9991
0.042927,0.01932,0.02297,0.026592,-0.032804,-0.0060913,0.99909
0.043325,0.019416,0.023133,0.026324,-0.033236,-0.0062701,0.99908
0.044659,0.019513,0.023125,0.026206,-0.033476,-0.0064697,0.99907
0.046983,0.019596,0.023012,0.026216,-0.033562,-0.0064665,0.99907
0.047271,0.019657,0.023244,0.026212,-0.03338,-0.0062546,0.99908
0.049584,0.019716,0.023126,0.026029,-0.03304,-0.0058641,0.9991
0.04991,0.019726,0.023311,0.025615,-0.032691,-0.0056282,0.99912
0.05133,0.019822,0.023334,0.025228,-0.032483,-0.0057801,0.99914
0.052829,0.019893,0.023365,0.024904,-0.03258,-0.0061427,0.99914
0.054337,0.020032,0.023424,0.024694,-0.033016,-0.0066702,0.99913
0.055866,0.02017,0.023461,0.024561,-0.033843,-0.0073674,0.9991
0.057427,0.020334,0.023595,0.024504,-0.034968,-0.0081042,0.99906
0.058924,0.020527,0.023668,0.024443,-0.036092,-0.008879,0.99901
0.060424,0.020691,0.023719,0.024269,-0.036967,-0.0096087,0.99898
0.062927,0.020855,0.023759,0.023991,-0.037588,-0.01017,0.99895
0.063255,0.02103,0.023866,0.023535,-0.037958,-0.010423,0.99895
0.064734,0.021128,0.023962,0.023071,-0.038151,-0.010512,0.99895
0.066199,0.021255,0.024128,0.022764,-0.038237,-0.010656,0.99895
0.067715,0.021391,0.024321,0.022696,-0.038303,-0.01104,0.99895
0.069251,0.021542,0.024546,0.022652,-0.038329,-0.0116,0.99894
0.070823,0.021706,0.024786,0.022602,-0.038362,-0.012255,0.99893
0.072328,0.021882,0.025005,0.022394,-0.038586,-0.012965,0.99892
0.073768,0.022069,0.025234,0.02218,-0.039026,-0.01354,0.9989
0.075232,0.022248,0.025461,0.022005,-0.039718,-0.01402,0.99887
0.076569,0.022432,0.025647,0.021669,-0.040424,-0.014353,0.99884
0.077862,0.022559,0.025863,0.021186,-0.040928,-0.014598,0.99883
0.079171,0.022703,0.026037,0.020616,-0.041049,-0.014806,0.99883
0.080474,0.022839,0.026193,0.020185,-0.040985,-0.015168,0.99884
0.081776,0.023009,0.026414,0.020089,-0.040791,-0.015514,0.99885
0.08302,0.023183,0.026651,0.020341,-0.040463,-0.015683,0.99885
0.084293,0.02336,0.026907,0.020664,-0.040039,-0.015901,0.99886
0.08551,0.023501,0.027077,0.020858,-0.039677,-0.016192,0.99886
0.086745,0.023687,0.027245,0.020944,-0.039552,-0.016558,0.99886
0.087919,0.02387,0.027349,0.020994,-0.03956,-0.016993,0.99885
0.089119,0.024041,0.027387,0.020828,-0.039554,-0.01742,0.99885
0.090321,0.024241,0.027306,0.020445,-0.03971,-0.018034,0.99884
0.0915,0.024381,0.027125,0.019752,-0.039863,-0.018709,0.99883
0.092747,0.024529,0.026874,0.018971,-0.04003,-0.019425,0.99883
0.094022,0.024573,0.026633,0.018316,-0.040528,-0.020135,0.99881
0.09533,0.024608,0.026467,0.017843,-0.041273,-0.021106,0.99877
0.096611,0.024601,0.026342,0.017549,-0.042086,-0.022136,0.99871
0.097827,0.024546,0.026248,0.017483,-0.042519,-0.023028,0.99868
0.098947,0.024471,0.026179,0.017562,-0.042579,-0.02373,0.99866
0.099908,0.024404,0.026085,0.017676,-0.042105,-0.024279,0.99866
0.1008,0.024392,0.026078,0.017903,-0.041398,-0.024722,0.99868
0.10169,0.024365,0.026068,0.018088,-0.040739,-0.025199,0.99869
0.10254,0.024348,0.026059,0.018162,-0.040223,-0.02566,0.9987
0.10342,0.024293,0.02594,0.017994,-0.039917,-0.026187,0.9987
0.10421,0.024268,0.025781,0.017659,-0.039809,-0.026903,0.99869
0.10505,0.024234,0.02561,0.017434,-0.040044,-0.027831,0.99866
0.10593,0.024188,0.025521,0.017482,-0.04033,-0.028692,0.99862
0.10678,0.024173,0.025434,0.017661,-0.040554,-0.02948,0.99859
0.10748,0.02416,0.025322,0.017695,-0.040572,-0.030133,0.99857
0.10821,0.024153,0.025275,0.017767,-0.040454,-0.03067,0.99855
0.10889,0.024136,0.02517,0.017807,-0.040376,-0.031108,0.99854
0.10962,0.02409,0.025057,0.01781,-0.040257,-0.03142,0.99854
0.11028,0.024084,0.024946,0.017631,-0.03998,-0.031591,0.99855
0.11092,0.024051,0.024779,0.017346,-0.039543,-0.031762,0.99856
0.11152,0.024015,0.024548,0.016876,-0.039041,-0.03196,0.99858
0.11207,0.024021,0.024354,0.016431,-0.03871,-0.032113,0.9986
0.11261,0.023927,0.024056,0.016003,-0.038461,-0.032177,0.99861
0.11309,0.02388,0.023701,0.015657,-0.038294,-0.032417,0.99862
0.11338,0.023867,0.023283,0.015341,-0.038083,-0.032747,0.99862
0.11374,0.023847,0.022889,0.01488,-0.037763,-0.033117,0.99863
0.11407,0.023771,0.022495,0.014413,-0.037442,-0.033527,0.99863
0.11436,0.023741,0.022147,0.013987,-0.037467,-0.03397,0.99862
0.11475,0.023698,0.021913,0.013863,-0.037889,-0.034459,0.99859
0.11516,0.023685,0.021716,0.013742,-0.038314,-0.034955,0.99856
0.11555,0.023623,0.021484,0.013659,-0.038691,-0.035456,0.99853
0.11597,0.023595,0.021303,0.013637,-0.038884,-0.035963,0.9985
0.11638,0.02357,0.021068,0.013608,-0.038994,-0.036481,0.99848
0.11682,0.023513,0.020838,0.013392,-0.03904,-0.037027,0.99846
0.11717,0.023469,0.020612,0.012985,-0.039143,-0.037335,0.99845
0.11757,0.023402,0.020445,0.0125,-0.039253,-0.037551,0.99845
0.11787,0.023335,0.020325,0.012069,-0.039397,-0.037683,0.99844
0.11815,0.023229,0.020227,0.011741,-0.039312,-0.037833,0.99844
0.11843,0.023145,0.020154,0.011591,-0.039296,-0.038041,0.99844
0.11862,0.023032,0.020054,0.011508,-0.039094,-0.038217,0.99844
0.1188,0.022946,0.019987,0.011463,-0.038845,-0.038397,0.99844
0.11893,0.022908,0.019957,0.011452,-0.038759,-0.038401,0.99844
0.11902,0.022901,0.019993,0.011586,-0.038787,-0.03841,0.99844
0.11911,0.022914,0.020023,0.01185,-0.038845,-0.038475,0.99843
0.11916,0.022917,0.020103,0.012024,-0.038913,-0.038572,0.99843
0.11922,0.022922,0.020161,0.012161,-0.03903,-0.038663,0.99842
0.11925,0.022957,0.020224,0.012257,-0.039197,-0.038796,0.9984
0.11936,0.023012,0.020329,0.012271,-0.039372,-0.038876,0.99839
0.11946,0.023031,0.020376,0.012223,-0.039334,-0.038874,0.99839
0.11954,0.023083,0.020485,0.012112,-0.039174,-0.038912,0.9984
0.11962,0.023117,0.020569,0.012112,-0.039174,-0.038912,0.9984
0.11972,0.023183,0.02069,0.012309,-0.039324,-0.038881,0.99839
0.11977,0.023207,0.020839,0.012604,-0.039639,-0.038936,0.99838
0.11987,0.023241,0.02102,0.012939,-0.039902,-0.038951,0.99836
0.11995,0.023245,0.021196,0.013302,-0.040032,-0.038973,0.99835
0.12,0.023229,0.021319,0.013568,-0.040086,-0.038992,0.99834
0.12003,0.023239,0.021493,0.013774,-0.040021,-0.039058,0.99834
0.12004,0.023282,0.021579,0.013955,-0.040086,-0.039069,0.99833
0.12002,0.023378,0.021775,0.014114,-0.040284,-0.039033,0.99833
0.12001,0.0235,0.021904,0.014149,-0.04063,-0.039106,0.99831
0.11998,0.023593,0.022016,0.014173,-0.04089,-0.039182,0.99829
0.1199,0.023698,0.022245,0.014365,-0.04104,-0.03919,0.99829
0.11984,0.023742,0.022468,0.014854,-0.041112,-0.039186,0.99828
0.11977,0.023808,0.022773,0.015514,-0.04107,-0.039067,0.99827
0.11965,0.023876,0.023016,0.01607,-0.040957,-0.03903,0.99827
0.11956,0.023868,0.023185,0.016428,-0.040697,-0.03907,0.99827
0.11946,0.023891,0.023361,0.01652,-0.040382,-0.039092,0.99828
0.11936,0.023991,0.023544,0.016547,-0.040249,-0.0391,0.99829
0.11915,0.02409,0.023685,0.016605,-0.040372,-0.039099,0.99828
0.11892,0.024128,0.02378,0.016569,-0.04072,-0.038994,0.99827
0.1187,0.02417,0.023921,0.016635,-0.04114,-0.038807,0.99826
0.11847,0.024236,0.024111,0.016776,-0.041465,-0.038631,0.99825
0.11822,0.02426,0.024274,0.017071,-0.041505,-0.038307,0.99826
0.11797,0.024284,0.024441,0.017436,-0.04145,-0.038032,0.99826
0.1178,0.024286,0.024531,0.017436,-0.04145,-0.038032,0.99826
0.11762,0.024292,0.024669,0.017808,-0.041182,-0.037901,0.99827
0.11752,0.024357,0.024825,0.018073,-0.040844,-0.037891,0.99828
0.11738,0.024385,0.024925,0.018174,-0.040614,-0.03791,0.99829
0.1173,0.024397,0.024974,0.018069,-0.040546,-0.038038,0.99829
0.11716,0.024426,0.025015,0.017847,-0.040622,-0.038189,0.99828
0.11703,0.024416,0.024972,0.017673,-0.040735,-0.038343,0.99828
0.11686,0.024383,0.024916,0.017506,-0.040938,-0.03854,0.99826
0.11664,0.024337,0.024923,0.017517,-0.041023,-0.038537,0.99826
0.11634,0.024315,0.02492,0.017653,-0.040958,-0.038378,0.99827
0.11604,0.024282,0.024931,0.017903,-0.040749,-0.038235,0.99828
0.11574,0.024253,0.024991,0.01824,-0.040526,-0.038052,0.99829
0.11548,0.024196,0.025091,0.018602,-0.040474,-0.037824,0.99829
0.11516,0.024192,0.025194,0.018912,-0.040384,-0.037633,0.9983
0.11484,0.024135,0.025235,0.019087,-0.040271,-0.03748,0.9983
0.11453,0.024073,0.02527,0.019065,-0.040007,-0.037357,0.99832
0.11416,0.024031,0.025293,0.01891,-0.039717,-0.037225,0.99834
0.11387,0.023997,0.02528,0.018725,-0.039563,-0.037132,0.99835
0.1135,0.023983,0.025259,0.018647,-0.039569,-0.037039,0.99836
0.11318,0.023967,0.025262,0.018757,-0.039637,-0.036872,0.99836
0.11275,0.023969,0.025244,0.018951,-0.039602,-0.036583,0.99837
0.11231,0.023953,0.025231,0.019066,-0.039274,-0.036301,0.99839
0.11186,0.023969,0.025212,0.019133,-0.038907,-0.036018,0.99841
0.11143,0.02396,0.02518,0.019238,-0.038492,-0.03574,0.99843
0.11095,0.023959,0.025134,0.01932,-0.038212,-0.035414,0.99846
0.11043,0.023921,0.025052,0.019312,-0.037941,-0.03512,0.99848
0.10992,0.023882,0.024942,0.019219,-0.03768,-0.034819,0.9985
0.10939,0.023841,0.024878,0.019092,-0.037557,-0.034595,0.99851
0.10888,0.023868,0.024762,0.018969,-0.037615,-0.034583,0.99851
0.10837,0.02384,0.024626,0.018723,-0.037731,-0.034558,0.99851
0.10785,0.023822,0.024486,0.018611,-0.037875,-0.034543,0.99851
0.10727,0.023794,0.02441,0.018628,-0.037864,-0.034325,0.99852
0.10667,0.023745,0.024357,0.018768,-0.037706,-0.033998,0.99853
0.10601,0.023691,0.024342,0.018842,-0.037336,-0.033629,0.99856
0.10535,0.023638,0.024315,0.018772,-0.036853,-0.033254,0.99859
0.10468,0.023575,0.024326,0.018661,-0.036418,-0.032912,0.99862
0.10404,0.023533,0.024386,0.018482,-0.036168,-0.032604,0.99864
0.10347,0.023514,0.024513,0.018401,-0.036086,-0.032429,0.99865
0.10293,0.02348,0.024633,0.018398,-0.036297,-0.032246,0.99865
0.10237,0.023503,0.024787,0.018491,-0.036584,-0.032068,0.99864
0.10182,0.023499,0.024919,0.018539,-0.03683,-0.031841,0.99864
0.10119,0.023485,0.025047,0.018704,-0.036932,-0.03159,0.99864
0.10054,0.023539,0.025205,0.018981,-0.03689,-0.031355,0.99865
0.099866,0.023583,0.025399,0.019237,-0.036678,-0.031126,0.99866
0.099147,0.023664,0.025623,0.019516,-0.036332,-0.030944,0.99867
0.098437,0.0237,0.025885,0.019802,-0.035982,-0.030677,0.99869
0.097752,0.023779,0.026194,0.020183,-0.035707,-0.030414,0.9987
0.097051,0.023828,0.02656,0.020669,-0.035597,-0.030198,0.9987
0.096367,0.023816,0.026911,0.021174,-0.035565,-0.029847,0.9987
0.095668,0.023833,0.027252,0.021724,-0.035481,-0.029416,0.9987
0.094933,0.023919,0.02756,0.022348,-0.035302,-0.028995,0.99871
0.09418,0.023991,0.027801,0.02286,-0.034965,-0.028658,0.99872
0.093372,0.024079,0.027984,0.023255,-0.034475,-0.028453,0.99873
0.092636,0.024148,0.028199,0.023608,-0.034033,-0.028282,0.99874
0.091878,0.024234,0.028371,0.023966,-0.03368,-0.028193,0.99875
0.091123,0.024312,0.028544,0.024482,-0.033618,-0.028197,0.99874
0.090427,0.02433,0.028741,0.025052,-0.033679,-0.028239,0.99872
0.089696,0.024357,0.028935,0.025624,-0.033833,-0.02841,0.99869
0.088944,0.024366,0.029062,0.026099,-0.034,-0.028698,0.99867
0.088097,0.024457,0.029194,0.026509,-0.03396,-0.028952,0.99865
0.087223,0.024528,0.029323,0.026771,-0.033624,-0.028988,0.99866
0.086232,0.02456,0.029418,0.026888,-0.032902,-0.028638,0.99869
0.08511,0.024594,0.029484,0.026923,-0.032186,-0.028235,0.99872
0.083977,0.024617,0.029549,0.026927,-0.031514,-0.027741,0.99876
0.082809,0.024638,0.029539,0.026858,-0.031332,-0.027266,0.99878
0.08158,0.024654,0.029513,0.026967,-0.031307,-0.026969,0.99878
0.080408,0.024694,0.029571,0.027306,-0.031384,-0.026686,0.99878
0.079281,0.024776,0.029646,0.027641,-0.031466,-0.02645,0.99877
0.07805,0.024856,0.029689,0.028091,-0.031218,-0.025932,0.99878
0.076774,0.024904,0.029692,0.028363,-0.030901,-0.025356,0.9988
0.075539,0.024946,0.029675,0.028355,-0.030448,-0.024811,0.99883
0.074236,0.024944,0.02953,0.028124,-0.029979,-0.024289,0.99886
0.073001,0.024858,0.029384,0.027801,-0.029523,-0.023846,0.99889
0.071772,0.024746,0.029233,0.027479,-0.02916,-0.023532,0.99892
0.070496,0.024672,0.029073,0.02716,-0.028886,-0.0233,0.99894
0.069279,0.024557,0.028962,0.02706,-0.028629,-0.023084,0.99896
0.068059,0.024495,0.028934,0.027137,-0.028347,-0.022797,0.99897
0.066767,0.024516,0.028972,0.027526,-0.028069,-0.022448,0.99897
0.06555,0.02451,0.02906,0.028037,-0.027732,-0.022111,0.99898
0.06433,0.024554,0.029143,0.028503,-0.027146,-0.021955,0.99898
0.063065,0.024599,0.029198,0.028757,-0.02654,-0.021697,0.999
0.061758,0.024624,0.029199,0.028843,-0.026043,-0.021507,0.99901
0.060468,0.024661,0.029173,0.028836,-0.025772,-0.021213,0.99903
0.05919,0.024639,0.029115,0.028804,-0.025723,-0.020993,0.99903
0.057937,0.024583,0.029073,0.028733,-0.025727,-0.020815,0.99904
0.056668,0.024428,0.028959,0.028712,-0.025763,-0.020592,0.99904
0.055402,0.024304,0.028929,0.028711,-0.025489,-0.020212,0.99906
0.054043,0.024072,0.028858,0.028846,-0.025056,-0.019545,0.99908
0.052655,0.023893,0.028878,0.029025,-0.024571,-0.018797,0.9991
0.051219,0.023714,0.028872,0.029084,-0.024141,-0.017989,0.99912
0.049779,0.023576,0.028889,0.029048,-0.023729,-0.017307,0.99915
0.048294,0.023465,0.028915,0.028845,-0.023426,-0.016693,0.99917
0.046772,0.023358,0.028985,0.028722,-0.023417,-0.016071,0.99918
0.045275,0.023221,0.029031,0.028685,-0.023491,-0.015586,0.99919
0.043807,0.023108,0.029166,0.028774,-0.023596,-0.015196,0.99919
0.042408,0.022949,0.029355,0.028924,-0.023524,-0.014866,0.99919
0.041011,0.022787,0.029597,0.029274,-0.0232,-0.014383,0.9992
0.039651,0.022621,0.029843,0.029781,-0.022681,-0.013834,0.9992
0.038241,0.02251,0.030112,0.030358,-0.021977,-0.013214,0.99921
0.036835,0.02238,0.030305,0.030775,-0.021079,-0.012676,0.99922
0.035435,0.022239,0.03044,0.030894,-0.020259,-0.01215,0.99924
0.033983,0.022137,0.030561,0.030806,-0.0196,-0.011734,0.99926
0.032636,0.021987,0.030636,0.03063,-0.019346,-0.011378,0.99928
0.031325,0.021866,0.030761,0.030446,-0.019493,-0.011184,0.99928
0.030064,0.021721,0.030895,0.030277,-0.019814,-0.01107,0.99928
0.028818,0.021605,0.031098,0.030288,-0.0202,-0.010966,0.99928
0.027551,0.021471,0.031338,0.030514,-0.020333,-0.010547,0.99927
0.026264,0.021317,0.031624,0.030919,-0.020043,-0.0099797,0.99927
0.024947,0.021118,0.031918,0.031459,-0.019387,-0.0093541,0.99927
0.023646,0.02092,0.032213,0.031968,-0.018563,-0.0088582,0.99928
0.02238,0.020722,0.032492,0.032421,-0.017705,-0.0084458,0.99928
0.021164,0.020487,0.032771,0.032709,-0.016961,-0.008111,0.99929
0.0199,0.020252,0.033034,0.03286,-0.016491,-0.0077046,0.99929
0.018666,0.02004,0.03329,0.032821,-0.016264,-0.0073199,0.9993
0.017419,0.019822,0.033518,0.032816,-0.015988,-0.0069783,0.99931
0.016196,0.019579,0.033777,0.032989,-0.015688,-0.0065654,0.99931
0.014949,0.019355,0.034047,0.033359,-0.015147,-0.0060553,0.99931
0.013688,0.019161,0.034311,0.03378,-0.014638,-0.0054996,0.99931
0.012425,0.01893,0.034521,0.034251,-0.013861,-0.0049984,0.9993
0.011162,0.018691,0.034694,0.034626,-0.013009,-0.0044934,0.99931
0.0099711,0.018473,0.034782,0.034776,-0.012238,-0.0041873,0.99931
0.0087913,0.01822,0.034869,0.034803,-0.011525,-0.0038689,0.99932
0.0076499,0.017936,0.03488,0.034742,-0.010914,-0.0037108,0.99933
0.0066257,0.017679,0.034918,0.034525,-0.010504,-0.0036274,0.99934
0.0056393,0.017443,0.034961,0.034397,-0.010173,-0.0036333,0.99935
0.0046625,0.017189,0.034994,0.03428,-0.0098338,-0.003506,0.99936
0.0036647,0.016907,0.034995,0.034209,-0.0093448,-0.0031211,0.99937
0.0026498,0.01668,0.035031,0.034298,-0.0086623,-0.0026339,0.99937
0.0016339,0.016423,0.03503,0.034427,-0.007927,-0.0021041,0.99937
0.00057904,0.016128,0.034987,0.03445,-0.0070314,-0.0015737,0.99938
-0.00041566,0.015902,0.034883,0.034501,-0.0063968,-0.0010813,0.99938
-0.0014513,0.015603,0.034685,0.034214,-0.0057988,-0.00051262,0.9994
-0.0024339,0.015363,0.034482,0.0338,-0.0056568,-4.647e-05,0.99941
-0.0033925,0.015079,0.034258,0.033347,-0.0059619,0.00034743,0.99943
-0.0043398,0.014821,0.034033,0.032915,-0.0064378,0.00074787,0.99944
-0.0052223,0.014552,0.033791,0.0324,-0.006919,0.0012033,0.99945
-0.0061499,0.014262,0.033573,0.031909,-0.0071783,0.0017323,0.99946
-0.007063,0.013976,0.033405,0.031566,-0.0070588,0.0025005,0.99947
-0.0080004,0.013719,0.033325,0.031532,-0.0064608,0.0034795,0.99948
-0.008877,0.013456,0.033222,0.03155,-0.0055897,0.0044523,0.99948
-0.0097483,0.01325,0.033232,0.031707,-0.0048411,0.0053232,0.99947
-0.010536,0.013048,0.033177,0.031799,-0.0043605,0.0060887,0.99947
-0.011258,0.012868,0.033185,0.031767,-0.0041307,0.0065583,0.99947
-0.011994,0.01271,0.033068,0.031575,-0.004094,0.0069265,0.99947
-0.012631,0.012591,0.032974,0.031417,-0.0040144,0.0072413,0.99947
-0.013216,0.012436,0.032957,0.031413,-0.0041326,0.0075537,0.99947
-0.013719,0.012361,0.032964,0.031405,-0.0038616,0.0078476,0.99947
-0.014271,0.012236,0.033012,0.031584,-0.003558,0.0083459,0.99946
-0.014723,0.012174,0.033146,0.031971,-0.0031858,0.0088247,0.99944
-0.015226,0.012101,0.033225,0.032465,-0.0029739,0.0093031,0.99943
-0.015728,0.012039,0.033322,0.032935,-0.002897,0.009827,0.9994
-0.016226,0.01193,0.033362,0.033238,-0.0028358,0.010413,0.99939
-0.016845,0.011781,0.033296,0.033199,-0.0028162,0.011028,0.99938
-0.01741,0.011616,0.033156,0.032857,-0.0028841,0.011536,0.99939
-0.01796,0.011473,0.033017,0.03245,-0.0028255,0.011969,0.9994
-0.018466,0.011376,0.032909,0.03211,-0.0026814,0.012295,0.99941
-0.018957,0.011262,0.032812,0.031987,-0.002559,0.012556,0.99941
-0.019386,0.011189,0.03277,0.032023,-0.0023237,0.012811,0.9994
-0.019808,0.0111,0.032752,0.032177,-0.0019414,0.013135,0.99939
-0.020232,0.011041,0.032738,0.032422,-0.0016443,0.01336,0.99938
-0.020597,0.010971,0.032785,0.032714,-0.0013777,0.013593,0.99937
-0.021078,0.010893,0.032791,0.032928,-0.001212,0.013789,0.99936
-0.021495,0.010784,0.032819,0.033091,-0.0010139,0.013938,0.99935
-0.022,0.0107,0.032764,0.033096,-0.00061629,0.014053,0.99935
-0.022418,0.010616,0.032753,0.033113,1.7919e-06,0.014119,0.99935
-0.022868,0.010557,0.032715,0.033031,0.00068961,0.014141,0.99935
-0.023223,0.010525,0.032687,0.032915,0.0013348,0.014216,0.99936
-0.023548,0.010496,0.032684,0.032865,0.0017666,0.014247,0.99936
-0.023919,0.010464,0.032737,0.032973,0.0020926,0.014444,0.99935
-0.024264,0.010436,0.03277,0.033213,0.0023915,0.014631,0.99934
-0.024625,0.010458,0.032839,0.033427,0.0025572,0.014827,0.99933
-0.024954,0.010521,0.032922,0.033549,0.0028032,0.015075,0.99932
-0.025358,0.010543,0.032967,0.03366,0.0031271,0.015308,0.99931
-0.025668,0.010602,0.032963,0.033593,0.0034343,0.015481,0.99931
-0.025984,0.010622,0.033004,0.033522,0.0038301,0.015737,0.99931
-0.026219,0.010619,0.03295,0.033333,0.0040717,0.015911,0.99931
-0.026392,0.010623,0.032957,0.033323,0.0039503,0.016139,0.99931
-0.026498,0.010689,0.033031,0.033286,0.0036958,0.016375,0.9993
-0.026573,0.010694,0.033052,0.033251,0.0037397,0.016547,0.9993
-0.026667,0.010718,0.033153,0.033336,0.003844,0.01667,0.9993
-0.026749,0.010785,0.033265,0.033595,0.0039669,0.016815,0.99929
-0.026798,0.010839,0.033387,0.034012,0.0038037,0.016877,0.99927
-0.026829,0.010925,0.033564,0.03444,0.0035551,0.016942,0.99926
-0.026831,0.011005,0.033739,0.034943,0.0034023,0.016996,0.99924
-0.026797,0.011054,0.03391,0.035158,0.0034742,0.017062,0.99923
-0.026729,0.011105,0.034071,0.035266,0.0036124,0.016998,0.99923
-0.026657,0.011152,0.034232,0.035218,0.0036573,0.017011,0.99923
-0.026543,0.011182,0.034336,0.035136,0.0036448,0.017055,0.99923
-0.026452,0.011267,0.034414,0.03511,0.0035116,0.017064,0.99923
-0.026349,0.011338,0.034482,0.035197,0.0031276,0.017027,0.99923
-0.026215,0.011372,0.034569,0.035421,0.0027219,0.01703,0.99922
-0.026103,0.011399,0.034606,0.035672,0.0024419,0.017012,0.99922
-0.025984,0.011454,0.034681,0.03588,0.0025106,0.016992,0.99921
-0.025844,0.011426,0.034722,0.035951,0.0026083,0.016945,0.99921
-0.025681,0.011396,0.034752,0.035965,0.002521,0.016985,0.99921
-0.025492,0.011402,0.034866,0.036056,0.0021423,0.016997,0.9992
-0.025387,0.011354,0.034925,0.036106,0.0017104,0.016965,0.9992
-0.025249,0.011376,0.034959,0.035881,0.0014233,0.016997,0.99921
-0.025131,0.011405,0.034904,0.035633,0.0013015,0.016973,0.99922
-0.025092,0.011429,0.034854,0.035418,0.0012296,0.016908,0.99923
-0.024987,0.011482,0.03478,0.035295,0.0011714,0.01692,0.99923
-0.024935,0.011525,0.034667,0.035258,0.0011235,0.016925,0.99923
-0.024862,0.011556,0.034621,0.035258,0.0011235,0.016925,0.99923
-0.024726,0.011593,0.034636,0.035258,0.0011235,0.016925,0.99923
-0.024682,0.011582,0.034601,0.035314,0.00099547,0.016878,0.99923
-0.024615,0.011569,0.034645,0.035345,0.0007395,0.016888,0.99923
-0.024493,0.011564,0.034717,0.03547,0.00040338,0.016846,0.99923
-0.024475,0.011616,0.034765,0.035587,0.0001578,0.016849,0.99922
-0.024437,0.011607,0.034831,0.035635,0.00012033,0.016847,0.99922
-0.024389,0.011612,0.034785,0.035587,0.0001578,0.016849,0.99922
-0.024379,0.011607,0.034747,0.035651,0.00033885,0.016835,0.99922
-0.024291,0.011658,0.034739,0.035715,0.0005199,0.016822,0.99922
-0.024205,0.011679,0.034778,0.035886,0.00054069,0.016807,0.99921
-0.024095,0.011704,0.034837,0.036208,0.00035856,0.016742,0.9992
-0.02396,0.0117,0.034957,0.036459,8.5913e-05,0.016736,0.99919
-0.023876,0.011738,0.035065,0.036511,-4.0152e-05,0.016653,0.99919
-0.023764,0.011745,0.035164,0.036518,-0.00013068,0.016608,0.99919
-0.023685,0.011727,0.035229,0.036559,-0.00017142,0.016521,0.99919
-0.023537,0.011793,0.035392,0.036723,-0.0001539,0.016421,0.99919
-0.023433,0.011821,0.035478,0.03699,-0.00020803,0.016403,0.99918
-0.023251,0.011838,0.035608,0.037246,-0.00017684,0.016382,0.99917
-0.022927,0.011942,0.035762,0.037246,-0.00017684,0.016382,0.99917
-0.022694,0.012024,0.035943,0.037461,-0.00019871,0.016317,0.99916
-0.022469,0.012103,0.036192,0.038157,-0.00059523,0.016234,0.99914
-0.022186,0.012178,0.036399,0.038537,-0.00090014,0.016171,0.99913
-0.021986,0.012243,0.036566,0.038741,-0.0012291,0.016036,0.99912
-0.021775,0.012263,0.036733,0.038741,-0.0012291,0.016036,0.99912
-0.021655,0.012293,0.036803,0.03881,-0.001531,0.015911,0.99912
-0.021398,0.012324,0.036884,0.038836,-0.0018841,0.015706,0.99912
-0.021161,0.012404,0.037016,0.03896,-0.0019196,0.015563,0.99912
-0.020897,0.012449,0.037142,0.039134,-0.0019875,0.015467,0.99911
-0.020608,0.012447,0.037262,0.039134,-0.0019875,0.015467,0.99911
-0.020321,0.012464,0.03742,0.039401,-0.0020416,0.015449,0.9991
-0.020051,0.012465,0.037603,0.039706,-0.0021416,0.015296,0.99909
-0.019759,0.012507,0.037779,0.040062,-0.002274,0.015189,0.99908
-0.019489,0.012587,0.037945,0.040311,-0.0023399,0.014952,0.99907
-0.019224,0.012612,0.038003,0.040428,-0.0023787,0.014724,0.99907
-0.018923,0.012606,0.038104,0.040401,-0.0023051,0.014502,0.99908
-0.018653,0.012615,0.038141,0.040237,-0.0022025,0.014252,0.99909
-0.018357,0.012642,0.038151,0.040043,-0.0022383,0.013963,0.9991
-0.01807,0.012676,0.038184,0.039907,-0.002397,0.013675,0.99911
-0.0178,0.012715,0.038265,0.03996,-0.0026168,0.013461,0.99911
-0.017557,0.012758,0.038344,0.040109,-0.0029117,0.013243,0.9991
-0.017346,0.012786,0.038456,0.040383,-0.00315,0.01305,0.99909
-0.017162,0.012813,0.038588,0.040739,-0.0032824,0.012943,0.99908
-0.01702,0.012838,0.038723,0.041088,-0.0033313,0.012869,0.99907
-0.016899,0.01287,0.038849,0.04133,-0.0032129,0.012808,0.99906
-0.016836,0.012885,0.039,0.041459,-0.0032451,0.01275,0.99905
-0.016787,0.012952,0.039091,0.041442,-0.0031631,0.012662,0.99906
-0.01677,0.013005,0.039177,0.041302,-0.0031393,0.012586,0.99906
-0.016672,0.013067,0.039232,0.041156,-0.0031188,0.012424,0.99907
-0.016593,0.013104,0.039364,0.041146,-0.0031272,0.012291,0.99907
-0.016514,0.01319,0.039498,0.041279,-0.003248,0.012152,0.99907
-0.016448,0.013253,0.039666,0.041605,-0.003425,0.012135,0.99905
-0.016421,0.013297,0.039852,0.042035,-0.0034617,0.012018,0.99904
-0.016399,0.013334,0.040015,0.042444,-0.0032339,0.012024,0.99902
-0.016338,0.013402,0.040233,0.042808,-0.0030642,0.011938,0.99901
-0.016339,0.013505,0.040403,0.042995,-0.0028248,0.011912,0.999
-0.016329,0.013607,0.040545,0.043067,-0.0027273,0.011865,0.999
-0.016338,0.013703,0.040676,0.043107,-0.0026743,0.011908,0.999
-0.016328,0.013812,0.040742,0.043097,-0.002589,0.011904,0.999
-0.016322,0.013868,0.040815,0.043075,-0.0024183,0.011898,0.999
-0.016342,0.013926,0.040885,0.043091,-0.0021997,0.011886,0.999
-0.016297,0.013998,0.040873,0.043118,-0.0020665,0.011877,0.999
-0.016296,0.014028,0.040853,0.0431,-0.0018907,0.011919,0.999
-0.016225,0.014085,0.040838,0.043164,-0.0017096,0.011905,0.999
-0.016198,0.014173,0.040842,0.04318,-0.0014911,0.011893,0.999
-0.016124,0.014232,0.040811,0.043174,-0.0014944,0.011808,0.999
-0.01606,0.01428,0.040858,0.043199,-0.0017537,0.011733,0.999
-0.016035,0.014356,0.040844,0.043153,-0.0021106,0.011705,0.999
-0.016009,0.014376,0.040805,0.043065,-0.0024267,0.011764,0.999
-0.015969,0.014398,0.040823,0.043135,-0.0026348,0.011769,0.999
-0.015955,0.014418,0.040846,0.043141,-0.0026315,0.011854,0.999
-0.015949,0.014426,0.040914,0.043127,-0.0024576,0.011933,0.999
-0.016008,0.014428,0.040984,0.043115,-0.0022785,0.012059,0.99899
-0.016056,0.014456,0.041029,0.043115,-0.0021847,0.012189,0.99899
-0.016132,0.014452,0.041062,0.043313,-0.0022375,0.012397,0.99898
-0.016143,0.014473,0.041177,0.043552,-0.0023381,0.012506,0.99897
-0.016103,0.014506,0.041245,0.043695,-0.0023567,0.012631,0.99896
-0.016111,0.014545,0.041298,0.043743,-0.0023942,0.012629,0.99896
-0.016055,0.014616,0.041396,0.043816,-0.0026042,0.012671,0.99896
-0.016054,0.014687,0.04147,0.044029,-0.0029248,0.01267,0.99895
-0.015952,0.014781,0.041615,0.044276,-0.0032026,0.012615,0.99893
-0.015942,0.014865,0.041767,0.044516,-0.0033899,0.012606,0.99892
-0.016025,0.014955,0.041856,0.044601,-0.0033795,0.012599,0.99892
-0.016015,0.014992,0.042012,0.044617,-0.003161,0.012587,0.99892
-0.016092,0.015091,0.042113,0.044716,-0.0029302,0.012531,0.99892
-0.016134,0.015131,0.042232,0.044817,-0.0027013,0.012512,0.99891
-0.016151,0.015221,0.042383,0.044966,-0.0025098,0.012491,0.99891
-0.01616,0.015255,0.042542,0.045115,-0.0023183,0.01247,0.9989
-0.016121,0.015313,0.042652,0.045224,-0.0021729,0.012417,0.9989
-0.016186,0.015378,0.042798,0.045364,-0.0021966,0.012494,0.99889
-0.016175,0.015404,0.042902,0.04557,-0.0024337,0.012526,0.99888
-0.016197,0.015494,0.042992,0.045664,-0.0028074,0.012586,0.99887
-0.016207,0.015531,0.043082,0.045791,-0.0030516,0.012711,0.99887
-0.016234,0.01563,0.043165,0.045808,-0.0031336,0.012799,0.99886
-0.016251,0.015652,0.043215,0.045815,-0.0031303,0.012885,0.99886
-0.01626,0.015675,0.043227,0.045808,-0.0030399,0.01293,0.99886
-0.016225,0.015653,0.043258,0.045863,-0.003074,0.013013,0.99886
-0.016193,0.015674,0.043287,0.045911,-0.0031115,0.013011,0.99886
-0.016162,0.01566,0.043297,0.045921,-0.0031969,0.013014,0.99886
-0.016163,0.015673,0.043289,0.045884,-0.0032447,0.01302,0.99886
-0.016123,0.015658,0.043302,0.045939,-0.0033726,0.012973,0.99885
-0.016079,0.015656,0.043315,0.045932,-0.0033759,0.012888,0.99886
-0.015972,0.015647,0.043372,0.045915,-0.0032939,0.012799,0.99886
-0.015816,0.015671,0.043424,0.045871,-0.0033451,0.012719,0.99886
-0.015718,0.015641,0.043485,0.046001,-0.0033772,0.012662,0.99886
-0.015598,0.015661,0.043561,0.046179,-0.00344,0.012614,0.99885
-0.015505,0.015637,0.043618,0.046339,-0.0033339,0.012596,0.99884
-0.015363,0.015642,0.043627,0.046325,-0.0032536,0.012545,0.99884
-0.015266,0.015641,0.043625,0.04626,-0.0031341,0.012458,0.99885
-0.015168,0.015648,0.043644,0.046253,-0.0031374,0.012373,0.99885
-0.015063,0.01565,0.043651,0.046305,-0.0032635,0.012289,0.99885
-0.014969,0.015652,0.04371,0.046279,-0.0034905,0.012168,0.99885
-0.014864,0.015618,0.043645,0.046157,-0.0036425,0.01205,0.99885
-0.014769,0.015616,0.043685,0.046041,-0.0037912,0.012017,0.99886
-0.014704,0.015601,0.043716,0.045953,-0.0037998,0.011987,0.99886
-0.014647,0.015561,0.043759,0.045964,-0.0038852,0.011991,0.99886
-0.014532,0.015563,0.04378,0.046008,-0.0039277,0.011941,0.99886
-0.014499,0.015566,0.043821,0.046141,-0.0039548,0.011932,0.99886
-0.014492,0.015582,0.043861,0.046168,-0.0038216,0.011923,0.99886
-0.014464,0.015586,0.043882,0.046113,-0.0036937,0.01197,0.99886
-0.014436,0.015598,0.043971,0.046291,-0.0037633,0.011911,0.99885
-0.014383,0.015612,0.044036,0.046456,-0.0040464,0.011912,0.99884
-0.014365,0.015622,0.044116,0.046659,-0.0042817,0.011907,0.99883
-0.014359,0.015625,0.04415,0.046707,-0.0043192,0.011905,0.99883
-0.014364,0.015592,0.044167,0.046637,-0.004111,0.011901,0.99883
-0.014335,0.015602,0.044152,0.046616,-0.0039403,0.011894,0.99883
-0.014309,0.015568,0.044167,0.046594,-0.0037696,0.011887,0.99884
-0.014326,0.015586,0.044208,0.046584,-0.0036842,0.011884,0.99884
-0.014341,0.015604,0.0442,0.046594,-0.0037696,0.011887,0.99884
-0.014332,0.015594,0.044223,0.046605,-0.0038549,0.011891,0.99884
-0.014359,0.015616,0.044219,0.046653,-0.0038924,0.011889,0.99883
-0.014367,0.015613,0.044178,0.046664,-0.0039778,0.011892,0.99883
-0.014367,0.015624,0.044195,0.046729,-0.0040973,0.011979,0.99883
-0.014343,0.015663,0.044203,0.046661,-0.0041897,0.012074,0.99883
-0.014367,0.015681,0.044191,0.046689,-0.0043571,0.012166,0.99883
-0.0144,0.015694,0.044226,0.046706,-0.0044391,0.012255,0.99882
-0.014368,0.015689,0.044242,0.046765,-0.0044682,0.012386,0.99882
-0.01441,0.015644,0.044303,0.046856,-0.0044545,0.012464,0.99881
-0.014364,0.015661,0.044397,0.047044,-0.0045158,0.012539,0.9988
-0.014381,0.015655,0.044453,0.047192,-0.0046232,0.012581,0.9988
-0.014419,0.015615,0.044462,0.047216,-0.0047956,0.012625,0.99879
NaN,NaN,NaN,NaN,NaN,NaN,NaN
