0,0,0,0,0,0,1
9.6412e-05,5.9679e-05,9.2743e-05,0.00011122,-0.00024797,8.8592e-06,1
0.00010675,6.9509e-05,0.00012943,0.0002189,-0.00041669,4.1015e-06,1
0.00012265,8.9925e-05,0.00022722,0.00029019,-0.00032201,-4.5703e-05,1
0.00013259,8.7804e-05,0.00027451,0.00044408,-0.00013385,-6.8368e-05,1
0.00011014,0.00015675,0.000385,0.00063579,9.5682e-05,-0.00014373,1
0.00013106,0.00017364,0.00046607,0.00084529,0.00015986,-0.00016197,1
0.00012937,0.0001804,0.00045358,0.00093938,8.2918e-05,-0.00016321,1
0.00010887,0.00019662,0.00044392,0.00093938,8.2918e-05,-0.00016321,1
9.365e-06,0.00019974,0.00045618,0.00080682,0.00011282,-0.0001563,1
-7.2931e-05,0.00021659,0.00037456,0.00066634,0.0002339,-0.00010741,1
-0.00016578,0.00019447,0.00030894,0.0005407,0.00027453,3.2042e-05,1
-0.00028447,0.00015858,0.0002794,0.00047632,0.00019054,0.0002144,1
-0.00045562,0.00017612,0.00023417,0.00045041,0.00015359,0.00039108,1
-0.00057123,0.00014461,0.00019161,0.00041028,0.00020278,0.00052426,1
-0.00065291,0.00013561,0.00023288,0.00042284,0.00021287,0.00069527,1
-0.00068936,0.00010349,0.00026231,0.00042912,0.00021792,0.00078078,1
-0.00061363,0.00010174,0.0003059,0.00042912,0.00021792,0.00078078,1
-0.0006116,7.2679e-05,0.00029764,0.00038208,0.00025639,0.00078139,1
-0.00057896,7.062e-05,0.00026796,0.00029029,0.00024277,0.00070217,1
-0.00052833,7.4184e-05,0.0002309,0.00018993,0.00031467,0.00061789,1
-0.00057018,0.00010363,0.00020377,0.00017507,0.00039513,0.00052734,1
-0.00048751,0.00013213,0.00020042,0.00012175,0.00042855,0.00044245,1
-0.0004445,0.00019106,0.00025958,0.0002543,0.00039865,0.00043555,1
-0.00044342,0.00021944,0.00031149,0.0003421,0.00031667,0.00034881,1
-0.00039172,0.0002146,0.00033861,0.00041905,0.00041075,0.00033748,1
-0.00042168,0.00022168,0.00034667,0.00048742,0.00059034,0.00032109,1
-0.00040868,0.00023843,0.00043323,0.00053446,0.00055187,0.00032048,1
-0.00036575,0.00021318,0.00045462,0.00053446,0.00055187,0.00032048,1
-0.00032704,0.00023695,0.00048025,0.00053446,0.00055187,0.00032048,1
-0.00031761,0.0002813,0.00048178,0.00049599,0.00050483,0.00032614,1
-0.00030003,0.00031664,0.0005022,0.00050163,0.00050419,0.0003646,1
-0.00027045,0.00033811,0.00052825,0.00050227,0.00050987,0.00041165,1
-0.00024909,0.00034623,0.00055718,0.00058779,0.00051845,0.00040537,1
-0.00024414,0.00038378,0.00058063,0.0006733,0.00052702,0.00039909,1
-0.00016835,0.00039758,0.00063117,0.0007197,0.00048286,0.00035142,1
-0.00014043,0.00037037,0.00067452,0.00089073,0.0005,0.00033885,1
-4.4776e-05,0.00037738,0.00076015,0.0010164,0.00045938,0.00019939,1
5.4544e-05,0.00042446,0.00087027,0.0011255,0.00059545,9.6887e-05,1
8.2306e-05,0.0004203,0.00091867,0.0011263,0.00089462,-4.7905e-05,1
6.117e-05,0.00044826,0.00092466,0.0010559,0.0010991,-0.00014289,1
3.3654e-05,0.00047114,0.00091633,0.0010473,0.0011846,-0.00014794,1
-1.1854e-05,0.00048678,0.00093997,0.0010473,0.0011846,-0.00014794,1
-2.8034e-05,0.00053157,0.00094887,0.0010088,0.0011375,-0.00014227,1
-0.00010067,0.00059364,0.00097278,0.0010065,0.0012281,-6.181e-05,1
-0.00020717,0.00059924,0.00099431,0.00095784,0.0013628,6.6311e-05,1
-0.00024584,0.00060597,0.0010102,0.0010003,0.0015054,0.00022661,1
-0.00039005,0.00062333,0.00099201,0.0010756,0.0016957,0.00034279,1
-0.00057366,0.0006141,0.00085498,0.0010976,0.0019195,0.00037408,1
-0.00068744,0.00060028,0.00077435,0.0010718,0.002176,0.00035893,1
-0.00075662,0.00050577,0.0006392,0.00092214,0.0023769,0.00035573,1
-0.00084697,0.00048712,0.00055415,0.00070471,0.0024039,0.00041596,1
-0.00096269,0.00049657,0.00050229,0.00053368,0.0023868,0.00042853,1
-0.0010966,0.00049367,0.00046217,0.00045445,0.0023832,0.00052032,1
-0.0012518,0.00051735,0.000432,0.00045216,0.0024737,0.00060077,1
-0.0013939,0.00057162,0.00043092,0.00048898,0.0026171,0.00072262,1
-0.0015237,0.00062235,0.00041489,0.00060274,0.0028545,0.00083314,1
-0.0016566,0.00070925,0.00040724,0.00067738,0.0030391,0.00090226,0.99999
-0.0018118,0.00078883,0.00040024,0.00083754,0.0032322,0.00096509,0.99999
-0.0018874,0.00084468,0.00033669,0.00091449,0.0033263,0.00095376,0.99999
-0.001962,0.00088317,0.00029818,0.00085887,0.0034502,0.00094932,0.99999
-0.002036,0.00090057,0.00017513,0.00062659,0.0035578,0.00091901,0.99999
-0.0021152,0.00093145,0.00014212,0.00040853,0.0035791,0.00093218,0.99999
-0.0022103,0.00093293,4.1569e-05,0.00027597,0.0036089,0.00093907,0.99999
-0.0023212,0.00094522,5.1479e-05,0.00024441,0.0035727,0.0010773,0.99999
-0.0024738,0.00092849,2.1416e-05,0.00025698,0.0035827,0.0012483,0.99999
-0.0025207,0.00092204,4.6783e-05,0.00033854,0.0037781,0.00145,0.99999
-0.0026194,0.00094456,9.2972e-05,0.00046715,0.0039351,0.0016511,0.99999
-0.0027911,0.0009897,0.00011478,0.00065074,0.0039623,0.0018096,0.99999
-0.0030034,0.00099562,0.00021249,0.00079586,0.0039425,0.0019737,0.99999
-0.003125,0.0010139,0.00022107,0.00080214,0.0039475,0.0020592,0.99999
-0.0031947,0.0010361,0.0002101,0.00083831,0.004085,0.0021339,0.99999
-0.0032845,0.0010514,0.00020272,0.0007363,0.0042532,0.0021772,0.99999
-0.003439,0.0010462,0.00016212,0.00060438,0.0042889,0.0022312,0.99999
-0.0035323,0.0010515,0.00017119,0.00052515,0.0042853,0.002323,0.99999
-0.0035977,0.0010463,0.00018084,0.00049296,0.0042433,0.0024141,0.99999
-0.003665,0.0010408,0.00018083,0.00046934,0.0041158,0.0025103,0.99999
-0.0037087,0.0010443,0.000188,0.00047562,0.0041208,0.0025958,0.99999
-0.0037742,0.0010832,0.00021014,0.00061445,0.0040959,0.0026744,0.99999
-0.0038452,0.0010977,0.00026958,0.00075329,0.0040711,0.002753,0.99999
-0.0039457,0.0010712,0.00026313,0.00088355,0.0041317,0.0028266,0.99999
-0.0040142,0.0010496,0.00023029,0.00077526,0.0042949,0.0027844,0.99999
-0.004049,0.0010706,0.00019602,0.00063413,0.0044103,0.0027862,0.99999
-0.0040574,0.0010709,0.00014921,0.00050157,0.0044401,0.0027931,0.99999
-0.0040787,0.0010603,0.00011525,0.00037822,0.0043903,0.0028522,0.99999
-0.0040754,0.0010467,8.1892e-05,0.00033975,0.0043433,0.0028578,0.99999
-0.0041374,0.0010633,2.1047e-05,0.00021576,0.0042877,0.0028698,0.99999
-0.0041642,0.0010448,-4.8659e-05,0.00013653,0.0042841,0.0029615,0.99999
-0.0042056,0.0010369,-6.5205e-05,0.00014282,0.0042891,0.003047,0.99999
-0.0042325,0.0010097,-0.00012529,0.00015767,0.0042086,0.0031376,0.99999
-0.0042229,0.000999,-0.00014317,0.00023524,0.0043085,0.0031734,0.99999
-0.0042502,0.00096789,-0.00015516,0.00032012,0.0043113,0.00312,0.99999
-0.0042589,0.00093564,-0.00022235,0.00028165,0.0042643,0.0031256,0.99999
-0.0042454,0.00089152,-0.00025504,0.00024318,0.0042172,0.0031313,0.99999
-0.0042364,0.00084377,-0.00028942,0.00015829,0.0042145,0.0031847,0.99999
-0.004283,0.00075693,-0.00041302,-5.9774e-05,0.0042357,0.0031979,0.99999
-0.0042824,0.00071415,-0.00043629,-0.00014529,0.0042271,0.0032041,0.99999
-0.0042808,0.00065059,-0.00052875,-0.00031691,0.0042041,0.0031695,0.99999
-0.0042971,0.0005685,-0.00062795,-0.00044658,0.0041493,0.0031431,0.99999
-0.0042961,0.00047894,-0.00073176,-0.00052352,0.0040552,0.0031545,0.99999
-0.0041984,0.00039771,-0.00081431,-0.00055343,0.0039227,0.0031652,0.99999
-0.0042092,0.00027912,-0.0008863,-0.00058561,0.0038807,0.0032563,0.99999
-0.0042166,0.00019791,-0.00098834,-0.0007033,0.0038301,0.0033538,0.99999
-0.0042257,0.00012199,-0.0011184,-0.00091447,0.0038622,0.0034995,0.99999
-0.0042356,9.3824e-05,-0.0012051,-0.0011262,0.0038885,0.0035982,0.99999
-0.0043021,5.9489e-05,-0.0013192,-0.0013822,0.0038685,0.0036641,0.99998
-0.0042972,2.6869e-05,-0.0014241,-0.0016766,0.0038015,0.0037358,0.99998
-0.0042684,-3.5829e-05,-0.0014718,-0.0018333,0.0036981,0.0037917,0.99998
-0.004228,-9.0832e-05,-0.0015611,-0.0019487,0.003557,0.0038087,0.99998
-0.0041702,-0.00010278,-0.0015749,-0.0018931,0.003433,0.0038132,0.99999
-0.0041063,-0.00014953,-0.0015741,-0.001829,0.0032236,0.0038227,0.99999
-0.0040399,-0.00015823,-0.001569,-0.0018119,0.0030526,0.0038329,0.99999
-0.0040068,-0.00018208,-0.001497,-0.0017591,0.0030134,0.0038706,0.99999
-0.0040075,-0.00019811,-0.0015159,-0.0018589,0.0030911,0.0038335,0.99999
-0.003942,-0.00020701,-0.0015303,-0.0019615,0.0032535,0.0038296,0.99999
-0.0039048,-0.00024737,-0.0015198,-0.0020085,0.0032919,0.0038302,0.99999
-0.0039029,-0.0002649,-0.0014786,-0.0020085,0.0032919,0.0038302,0.99999
-0.0038873,-0.00020463,-0.0013414,-0.0019615,0.0032535,0.0038296,0.99999
-0.0038788,-0.00016851,-0.0012367,-0.0019467,0.003173,0.0039201,0.99999
-0.0038479,-0.00010485,-0.0010457,-0.0017545,0.0031147,0.0040836,0.99999
-0.0039594,-5.7965e-05,-0.00088971,-0.0015239,0.0031035,0.0042414,0.99999
-0.0040219,9.4235e-06,-0.00064381,-0.00121,0.0031913,0.0044734,0.99998
-0.0041143,9.379e-05,-0.0004145,-0.00098734,0.0032713,0.0046734,0.99998
-0.004245,0.00016602,-0.00019036,-0.00088866,0.0032958,0.0048853,0.99998
-0.0043491,0.00022451,1.5436e-05,-0.00083761,0.0033528,0.0050505,0.99998
-0.0044751,0.00031923,0.00020058,-0.00084844,0.0035288,0.0051258,0.99998
-0.0045376,0.00039806,0.00039309,-0.00076461,0.0036337,0.0052472,0.99998
-0.0046317,0.00045438,0.0005805,-0.00049323,0.003579,0.005319,0.99998
-0.0046683,0.00047726,0.00074717,-0.00017601,0.0034742,0.0052957,0.99998
-0.0046772,0.00052815,0.00092528,7.4231e-05,0.003495,0.0051914,0.99998
-0.0046329,0.00054292,0.0010437,0.00033934,0.0034353,0.0051778,0.99998
-0.0046198,0.00061464,0.0011925,0.00060382,0.0033697,0.0051168,0.99998
-0.0045808,0.00070115,0.0013163,0.00087917,0.0031282,0.0049806,0.99998
-0.0045011,0.00077448,0.0014467,0.0010134,0.003002,0.0048461,0.99998
-0.0044005,0.00086697,0.0015699,0.0010564,0.002868,0.0046797,0.99998
-0.0042966,0.00096491,0.0016788,0.00091695,0.0028871,0.0045538,0.99999
-0.0042227,0.0010535,0.0017707,0.0008103,0.002954,0.0043841,0.99999
-0.0041388,0.0011868,0.0019055,0.00079545,0.0030344,0.0042935,0.99999
-0.0039754,0.0012587,0.0020716,0.00085754,0.003209,0.0041916,0.99999
-0.003856,0.0013666,0.0022469,0.0010114,0.0033971,0.004169,0.99999
-0.0037699,0.0014673,0.0023926,0.0011183,0.0036237,0.0041469,0.99998
-0.0036333,0.0015947,0.0026056,0.0011952,0.0037178,0.0041355,0.99998
-0.0035049,0.0016947,0.0027377,0.0012038,0.0036323,0.0041406,0.99998
-0.0033771,0.0018573,0.002925,0.001268,0.0034229,0.0041502,0.99998
-0.0032371,0.0020068,0.0031866,0.0013464,0.0031272,0.0042031,0.99999
-0.0030891,0.0021847,0.0034311,0.0012866,0.0028621,0.0042246,0.99999
-0.0029453,0.0023412,0.0036244,0.0013093,0.0026904,0.004273,0.99999
-0.0027839,0.0025082,0.0038656,0.0013334,0.0025302,0.0044158,0.99999
-0.0026815,0.0026644,0.0041557,0.0015812,0.002348,0.0045838,0.99999
-0.0025237,0.0028757,0.0045356,0.001931,0.0019976,0.0047085,0.99999
-0.0023957,0.0030561,0.0049513,0.002287,0.0016522,0.0049186,0.99998
-0.0023036,0.0032848,0.005394,0.0026375,0.0013075,0.0050905,0.99998
-0.0021591,0.0035142,0.0058296,0.0029073,0.00094787,0.0052596,0.99998
-0.0020064,0.0037581,0.006383,0.0032578,0.00060319,0.0054315,0.99998
-0.0018804,0.0040417,0.0069427,0.0036938,0.00026705,0.0055971,0.99998
-0.0016898,0.0043179,0.0075495,0.004159,5.7784e-05,0.0057047,0.99998
-0.0015741,0.0046447,0.0081765,0.0046626,-0.00010444,0.0058067,0.99997
-0.0014144,0.0049731,0.0088575,0.0053319,-0.00024892,0.0058579,0.99997
-0.0012192,0.0053065,0.00956,0.0060143,-0.00048517,0.0059052,0.99996
-0.0010912,0.0056807,0.010262,0.0066443,-0.00068234,0.0059148,0.99996
-0.0008492,0.0060207,0.010944,0.007221,-0.0008461,0.0058396,0.99996
-0.00064599,0.0063553,0.011672,0.0077654,-0.0010518,0.0058555,0.99995
-0.00045352,0.0067107,0.012366,0.0083036,-0.0012626,0.0057859,0.99995
-0.00022125,0.0070531,0.013052,0.0087947,-0.001435,0.0057169,0.99994
3.6838e-05,0.0073913,0.013701,0.0092013,-0.0016102,0.0057015,0.99994
0.00021938,0.0077599,0.014306,0.0095117,-0.0017198,0.0055927,0.99994
0.00047033,0.0081113,0.014938,0.0098327,-0.0019036,0.0055834,0.99993
0.00075157,0.0084436,0.015579,0.010299,-0.002209,0.0055634,0.99993
0.00098069,0.0087574,0.016241,0.01079,-0.0023813,0.0054944,0.99992
0.0012253,0.0090665,0.016879,0.011398,-0.0024069,0.0054557,0.99992
0.0013125,0.0091622,0.017395,0.012012,-0.0025292,0.0053275,0.99991
0.0016233,0.009478,0.018038,0.012535,-0.0026596,0.0051674,0.9999
0.0021407,0.010004,0.018892,0.013035,-0.0029174,0.0051035,0.9999
0.0023938,0.01031,0.019536,0.013419,-0.0033164,0.0050566,0.99989
0.0027034,0.010637,0.020195,0.013712,-0.003729,0.0049305,0.99989
0.0027073,0.010718,0.020704,0.014111,-0.0042084,0.0049741,0.99988
0.0028783,0.011075,0.021385,0.014556,-0.0047318,0.0049699,0.99987
0.003297,0.011701,0.022205,0.014556,-0.0047318,0.0049699,0.99987
0.0035034,0.012087,0.022927,0.015081,-0.0051502,0.0050488,0.99986
0.0034242,0.012169,0.023474,0.015927,-0.0056677,0.0051899,0.99984
0.0035718,0.012549,0.024195,0.016293,-0.0057995,0.0052605,0.99984
0.0036992,0.01289,0.02481,0.016293,-0.0057995,0.0052605,0.99984
0.0038442,0.01324,0.025506,0.016563,-0.0058597,0.005285,0.99983
0.0039647,0.013614,0.026189,0.016773,-0.0057956,0.0052668,0.99983
0.0041693,0.013926,0.026947,0.017085,-0.005894,0.0052525,0.99982
0.0042807,0.014264,0.027705,0.017516,-0.0063369,0.0051577,0.99981
0.0045309,0.014625,0.028541,0.018137,-0.0070245,0.0049802,0.9998
0.0047073,0.014989,0.029317,0.018773,-0.0077924,0.0048932,0.99978
0.0049082,0.015356,0.030121,0.019259,-0.0083593,0.0048029,0.99977
0.0050432,0.015747,0.030848,0.019636,-0.0086674,0.0047982,0.99976
0.0052392,0.016145,0.031627,0.019995,-0.0088043,0.0047832,0.99975
0.0054387,0.016525,0.03235,0.020354,-0.0089466,0.0047211,0.99974
0.0056125,0.0169,0.033077,0.020752,-0.0090366,0.0047005,0.99973
0.0058388,0.017289,0.033836,0.021241,-0.0092141,0.0045843,0.99972
0.0060839,0.017652,0.034648,0.021745,-0.0095573,0.0044871,0.99971
0.0062858,0.017991,0.035521,0.02244,-0.01006,0.0043786,0.99969
0.0064693,0.018334,0.03639,0.023183,-0.010601,0.0042696,0.99967
0.0066371,0.018717,0.037318,0.023931,-0.011137,0.0042459,0.99964
0.0067472,0.019076,0.038234,0.02475,-0.011488,0.0042531,0.99962
0.0068241,0.019503,0.039219,0.025426,-0.011724,0.0042621,0.9996
0.006908,0.019919,0.040115,0.025925,-0.011886,0.0043257,0.99958
0.0069773,0.020378,0.040988,0.026179,-0.01177,0.0043873,0.99958
0.0069953,0.020819,0.041873,0.026388,-0.011609,0.0044967,0.99957
0.007005,0.02124,0.042781,0.026601,-0.011449,0.0046444,0.99957
0.0069957,0.021687,0.043709,0.027195,-0.011598,0.0048255,0.99955
0.0070721,0.022136,0.044773,0.028021,-0.011938,0.0049653,0.99952
0.0070968,0.022599,0.045824,0.029061,-0.012215,0.0051252,0.99949
0.0071055,0.023084,0.046856,0.029902,-0.012343,0.0051638,0.99946
0.0070864,0.023515,0.047868,0.030717,-0.012214,0.0051871,0.99944
0.0070843,0.023967,0.048845,0.031397,-0.01206,0.0051701,0.99942
0.0071328,0.024437,0.04983,0.031973,-0.011834,0.0050306,0.99941
0.0071971,0.02494,0.050858,0.032561,-0.011694,0.0049344,0.99939
0.0072269,0.025393,0.051927,0.033157,-0.011543,0.0049709,0.99937
0.0071848,0.025871,0.052926,0.033763,-0.011479,0.0050124,0.99935
0.0071751,0.026329,0.054004,0.034438,-0.011618,0.005149,0.99933
0.0071424,0.026788,0.055016,0.035168,-0.011887,0.0052428,0.9993
0.0070802,0.027272,0.05608,0.035914,-0.012231,0.0054744,0.99927
0.0071006,0.027765,0.057133,0.03674,-0.012572,0.0056142,0.99923
0.0070875,0.028217,0.058177,0.037547,-0.012746,0.0056966,0.9992
0.0070923,0.0287,0.059186,0.038113,-0.012728,0.0057438,0.99918
0.0071095,0.029146,0.060197,0.038671,-0.012625,0.005786,0.99916
0.0071529,0.029518,0.061171,0.039134,-0.012444,0.0058293,0.99914
0.0071674,0.029942,0.062217,0.039707,-0.012421,0.005962,0.99912
0.0071983,0.030331,0.063279,0.040439,-0.012685,0.006103,0.99908
0.0072143,0.030687,0.064304,0.041339,-0.01323,0.006376,0.99904
0.0072145,0.031063,0.06537,0.042327,-0.013857,0.0065624,0.99899
0.0071624,0.031432,0.06636,0.043174,-0.014369,0.0067505,0.99894
0.0072035,0.031784,0.067312,0.043855,-0.014594,0.006854,0.99891
0.0072321,0.032121,0.068175,0.044292,-0.014546,0.0069462,0.99889
0.0072656,0.032467,0.06897,0.044672,-0.014369,0.0070431,0.99887
0.0073385,0.032781,0.069762,0.044935,-0.013949,0.0070456,0.99887
0.007412,0.033121,0.070531,0.045295,-0.013606,0.007085,0.99886
0.0075209,0.033474,0.071388,0.04569,-0.013215,0.0070806,0.99884
0.0076051,0.033804,0.072247,0.046231,-0.013037,0.0069849,0.99882
0.007708,0.034153,0.073161,0.046886,-0.013101,0.0069455,0.99879
0.0078334,0.034494,0.074025,0.047565,-0.013523,0.0067463,0.99875
0.0079549,0.034868,0.074918,0.04822,-0.014163,0.0065248,0.99872
0.0081324,0.035224,0.075789,0.048704,-0.01482,0.0063158,0.99868
0.0082605,0.035555,0.076631,0.049082,-0.015224,0.0061833,0.99866
0.0083914,0.035904,0.07742,0.049401,-0.015414,0.0061268,0.99864
0.0085644,0.036236,0.078225,0.049752,-0.015465,0.0061067,0.99862
0.0087042,0.036619,0.079051,0.050151,-0.01517,0.0060129,0.99861
0.0088955,0.036894,0.079882,0.050673,-0.014815,0.0059161,0.99859
0.0090743,0.037216,0.080775,0.051349,-0.014661,0.0058608,0.99856
0.009336,0.037508,0.081711,0.052198,-0.01497,0.0057767,0.99851
0.0095594,0.037802,0.082592,0.053113,-0.015585,0.0055745,0.99845
0.0097961,0.038106,0.083448,0.05383,-0.015955,0.0053787,0.99841
0.010042,0.038393,0.084267,0.0544,-0.016219,0.0050902,0.99837
0.010347,0.038702,0.085094,0.054961,-0.016393,0.0048057,0.99834
0.01063,0.039028,0.085882,0.055486,-0.016614,0.004565,0.99831
0.010933,0.039329,0.086762,0.056227,-0.016861,0.004264,0.99827
0.01128,0.039645,0.087656,0.0572,-0.017205,0.0040493,0.99821
0.011606,0.039945,0.088602,0.058244,-0.017758,0.0039206,0.99814
0.011922,0.040237,0.089544,0.059347,-0.018431,0.0038436,0.99806
0.012207,0.040486,0.090488,0.060444,-0.019109,0.0036811,0.99798
0.012498,0.040765,0.091383,0.061346,-0.019637,0.0034355,0.99792
0.012798,0.040991,0.092208,0.062145,-0.020004,0.0031862,0.99786
0.013108,0.041229,0.093057,0.06275,-0.020221,0.0028537,0.99782
0.013396,0.04148,0.093816,0.063293,-0.020224,0.002559,0.99779
0.013731,0.041755,0.094591,0.063824,-0.020146,0.002212,0.99776
0.014012,0.042011,0.095384,0.064423,-0.020181,0.0020404,0.99772
0.014232,0.04227,0.096262,0.065175,-0.020413,0.0019192,0.99766
0.014497,0.042525,0.097183,0.066083,-0.020841,0.0018867,0.99759
0.014716,0.042766,0.098072,0.066949,-0.021321,0.0018127,0.99753
0.014906,0.042996,0.098875,0.067712,-0.021638,0.0017349,0.99747
0.01505,0.043192,0.099744,0.068469,-0.021865,0.0016992,0.99741
0.015213,0.043421,0.10055,0.069168,-0.021968,0.0016206,0.99736
0.015418,0.043683,0.10134,0.06969,-0.022097,0.0014604,0.99732
0.015581,0.043906,0.10211,0.070217,-0.022222,0.0013857,0.99728
0.015753,0.044111,0.10288,0.070715,-0.022475,0.0013304,0.99724
0.015894,0.044316,0.10368,0.071337,-0.022676,0.0012545,0.99719
0.016068,0.044517,0.10454,0.072232,-0.022927,0.0012973,0.99712
0.016158,0.044704,0.10538,0.07314,-0.023259,0.0013923,0.99705
0.016283,0.044904,0.10617,0.07387,-0.023618,0.0014057,0.99699
0.016443,0.045071,0.10699,0.074541,-0.023853,0.0013762,0.99693
0.016611,0.045253,0.10779,0.075124,-0.024102,0.001306,0.99688
0.016831,0.045489,0.10861,0.075738,-0.024213,0.0012337,0.99683
0.016977,0.045663,0.10941,0.076344,-0.024239,0.0011947,0.99679
0.017141,0.045859,0.11017,0.076933,-0.024093,0.0011457,0.99674
0.017333,0.046035,0.11105,0.077567,-0.023986,0.0010576,0.9967
0.017497,0.046231,0.1119,0.078303,-0.024046,0.00096463,0.99664
0.017654,0.046441,0.11275,0.079161,-0.024436,0.00089427,0.99656
0.017784,0.046654,0.11361,0.080103,-0.024821,0.00080897,0.99648
0.017901,0.046841,0.11447,0.080901,-0.024995,0.00081462,0.99641
0.017955,0.047031,0.11526,0.081689,-0.025089,0.00080658,0.99634
0.01802,0.047218,0.11599,0.082329,-0.024976,0.00080398,0.99629
0.018112,0.047386,0.11665,0.082799,-0.024881,0.00085238,0.99626
0.018189,0.047519,0.11728,0.083274,-0.024781,0.00094786,0.99622
0.018277,0.047707,0.11783,0.083591,-0.024874,0.0010189,0.99619
0.018357,0.047842,0.11838,0.083994,-0.024958,0.0010837,0.99615
0.018391,0.047927,0.11892,0.084376,-0.025261,0.0011643,0.99611
0.018427,0.048031,0.1194,0.084848,-0.02555,0.0012856,0.99607
0.018438,0.04812,0.11988,0.085321,-0.025839,0.0014454,0.99602
0.0185,0.048209,0.12034,0.085728,-0.025919,0.0015573,0.99598
0.018462,0.048263,0.12076,0.086127,-0.025912,0.0017025,0.99595
0.018515,0.048373,0.12105,0.086407,-0.025956,0.0019068,0.99592
0.018511,0.048432,0.12127,0.086597,-0.026014,0.0020703,0.9959
0.018632,0.048468,0.12147,0.086713,-0.026258,0.0021263,0.99588
0.018672,0.048525,0.12152,0.086646,-0.026438,0.0021427,0.99589
0.018681,0.048569,0.12155,0.086565,-0.026536,0.0021069,0.99589
0.018703,0.048572,0.12157,0.086521,-0.026589,0.0020271,0.99589
0.018692,0.048582,0.12159,0.086513,-0.026503,0.002022,0.9959
0.018644,0.048565,0.12152,0.086513,-0.026503,0.002022,0.9959
0.018626,0.048529,0.12153,0.086595,-0.026404,0.0020962,0.99589
0.018542,0.048488,0.12147,0.086635,-0.02626,0.0022564,0.99589
0.018484,0.048481,0.12148,0.086721,-0.026156,0.0023777,0.99589
0.018382,0.048484,0.12152,0.086894,-0.026043,0.002531,0.99587
0.01819,0.048494,0.12149,0.087056,-0.025844,0.0026409,0.99586
0.018088,0.048479,0.12149,0.087152,-0.025825,0.0028056,0.99586
0.017975,0.048466,0.12151,0.087162,-0.025815,0.0029383,0.99586
0.017863,0.048507,0.12151,0.087223,-0.025934,0.0030282,0.99585
0.017727,0.048508,0.1215,0.08725,-0.026191,0.0030434,0.99584
0.017679,0.048561,0.1215,0.087314,-0.026401,0.0030529,0.99583
0.017662,0.048536,0.12148,0.087314,-0.026401,0.0030529,0.99583
0.017602,0.048558,0.12151,0.087344,-0.026268,0.0030421,0.99583
0.017558,0.048589,0.12152,0.087356,-0.025964,0.0030213,0.99583
0.017465,0.048587,0.12149,0.087362,-0.02557,0.0030425,0.99584
0.017346,0.048556,0.12136,0.08746,-0.025162,0.003143,0.99585
0.017248,0.048551,0.12132,0.087533,-0.024977,0.003212,0.99584
0.017184,0.048517,0.12127,0.087709,-0.024954,0.0032849,0.99583
0.017044,0.048504,0.12128,0.087723,-0.025034,0.0033755,0.99582
0.016975,0.048429,0.12125,0.087708,-0.025247,0.0034768,0.99582
0.01683,0.048404,0.12118,0.08759,-0.025298,0.0035742,0.99583
0.016696,0.048327,0.12115,0.087454,-0.025177,0.0036615,0.99584
0.016563,0.048274,0.121,0.087267,-0.024928,0.0037916,0.99587
0.016477,0.048231,0.12092,0.087061,-0.024602,0.0037839,0.99589
0.016401,0.048188,0.12078,0.086902,-0.024316,0.0037757,0.99591
0.016331,0.048131,0.12063,0.086884,-0.024145,0.0037655,0.99592
0.016308,0.04806,0.12053,0.086902,-0.024316,0.0037757,0.99591
0.016236,0.047955,0.12037,0.086958,-0.02444,0.0037801,0.99591
0.016203,0.047865,0.12018,0.086805,-0.024628,0.0038028,0.99591
0.016159,0.047781,0.12,0.086596,-0.024693,0.0038211,0.99593
0.016064,0.047694,0.11983,0.086383,-0.024666,0.0039198,0.99595
0.015982,0.04759,0.11961,0.086171,-0.02464,0.0040184,0.99597
0.015867,0.047486,0.11937,0.085954,-0.024523,0.0041592,0.99599
0.015815,0.047406,0.11915,0.085689,-0.024463,0.0041731,0.99601
0.015743,0.047288,0.1189,0.085557,-0.024433,0.00418,0.99602
0.015741,0.04716,0.11868,0.085467,-0.024446,0.0041391,0.99603
0.015792,0.04705,0.11849,0.0855,-0.024405,0.0040479,0.99603
0.015836,0.046946,0.1183,0.085489,-0.024415,0.003877,0.99603
0.015904,0.046852,0.11817,0.085471,-0.02434,0.0037392,0.99604
0.015972,0.046764,0.11802,0.085446,-0.024174,0.0036053,0.99604
0.015971,0.04668,0.11779,0.085385,-0.024055,0.0035154,0.99605
0.016002,0.046589,0.1176,0.085269,-0.023812,0.0034594,0.99607
0.015988,0.046497,0.11738,0.085081,-0.023658,0.0034618,0.99609
0.015938,0.046355,0.11708,0.084845,-0.023466,0.0034649,0.99611
0.01592,0.046259,0.11681,0.084618,-0.023359,0.003473,0.99613
0.015918,0.046168,0.11657,0.084439,-0.02329,0.0034806,0.99615
0.015875,0.046064,0.11629,0.084357,-0.023294,0.003534,0.99616
0.015823,0.045999,0.11601,0.084174,-0.023231,0.0034944,0.99617
0.015775,0.045892,0.11567,0.084027,-0.02312,0.0034107,0.99619
0.015807,0.045795,0.11536,0.083786,-0.022933,0.0033283,0.99621
0.015826,0.045674,0.11503,0.083601,-0.02287,0.0032504,0.99623
0.015857,0.045542,0.11474,0.083418,-0.022807,0.0032107,0.99625
0.015813,0.045425,0.11441,0.083242,-0.022733,0.0032654,0.99626
0.015794,0.045281,0.11407,0.082874,-0.022511,0.0032754,0.9963
0.01575,0.045139,0.11372,0.082459,-0.02225,0.003286,0.99634
0.015665,0.044982,0.11334,0.082176,-0.022019,0.0032897,0.99637
0.015568,0.044876,0.11299,0.082029,-0.021813,0.0033337,0.99639
0.015516,0.044761,0.11264,0.081879,-0.021612,0.0033304,0.9964
0.015459,0.044641,0.11228,0.081729,-0.021411,0.0033272,0.99642
0.015365,0.04453,0.11188,0.081579,-0.02121,0.003324,0.99644
0.015223,0.044398,0.11145,0.081462,-0.020872,0.0033572,0.99645
0.015184,0.044276,0.11101,0.081328,-0.020457,0.003291,0.99647
0.015105,0.044106,0.11052,0.081107,-0.020052,0.0031928,0.9965
0.015063,0.043973,0.11001,0.080631,-0.019672,0.0031135,0.99655
0.014965,0.043809,0.10938,0.079957,-0.019437,0.0031047,0.9966
0.014855,0.043618,0.10876,0.079347,-0.019417,0.0030965,0.99665
0.014789,0.043433,0.10819,0.078788,-0.01943,0.0031348,0.9967
0.014636,0.043223,0.10762,0.078347,-0.019297,0.0032033,0.99673
0.014438,0.042998,0.10701,0.077975,-0.018983,0.0032937,0.99677
0.014173,0.042768,0.10641,0.077766,-0.018472,0.003494,0.99679
0.013931,0.042544,0.10579,0.077515,-0.017916,0.0037805,0.99682
0.01369,0.042299,0.10514,0.077382,-0.017215,0.0040971,0.99684
0.013455,0.042092,0.10451,0.077346,-0.01659,0.0044507,0.99686
0.013202,0.041841,0.10384,0.077134,-0.016078,0.0046128,0.99688
0.013011,0.041622,0.1031,0.076625,-0.01574,0.0046246,0.99693
0.01283,0.04137,0.10227,0.075826,-0.015566,0.0046188,0.99699
0.012639,0.041111,0.10137,0.07491,-0.015533,0.0045917,0.99706
0.012481,0.040817,0.10049,0.074132,-0.01562,0.0045157,0.99712
0.012352,0.040501,0.099628,0.073485,-0.015642,0.0045221,0.99716
0.012185,0.040163,0.098751,0.072957,-0.015522,0.0045879,0.9972
0.011994,0.039817,0.097877,0.072488,-0.015132,0.0046412,0.99724
0.011845,0.039511,0.096999,0.072099,-0.014648,0.0047215,0.99728
0.011671,0.039199,0.096213,0.071893,-0.014131,0.004969,0.9973
0.011481,0.038906,0.095429,0.071745,-0.013738,0.0052592,0.99731
0.011312,0.038576,0.094597,0.071406,-0.013287,0.0053861,0.99734
0.011129,0.038282,0.093706,0.070581,-0.012851,0.005374,0.99741
0.011012,0.03798,0.09277,0.069549,-0.012575,0.0052908,0.99749
0.010817,0.037702,0.091808,0.068627,-0.012547,0.0051783,0.99755
0.010689,0.037412,0.090905,0.067935,-0.012626,0.0050959,0.9976
0.010524,0.037152,0.090037,0.067364,-0.012649,0.0049633,0.99764
0.010377,0.036867,0.089165,0.066866,-0.012488,0.0048998,0.99767
0.010197,0.036597,0.088295,0.066526,-0.012133,0.0048989,0.9977
0.0099944,0.036328,0.087411,0.06622,-0.011736,0.004807,0.99772
0.0098304,0.036067,0.086617,0.066093,-0.011311,0.0048351,0.99774
0.0097311,0.035785,0.085834,0.066055,-0.010969,0.0047766,0.99774
0.0095518,0.035471,0.085019,0.065816,-0.010686,0.0048601,0.99776
0.0093574,0.035152,0.084141,0.065285,-0.01047,0.0050153,0.9978
0.0091243,0.034858,0.083184,0.064475,-0.01021,0.0049661,0.99785
0.0089278,0.034551,0.082204,0.06362,-0.010002,0.0048371,0.99791
0.0087496,0.03414,0.081213,0.062809,-0.0097425,0.0047879,0.99797
0.0085797,0.033767,0.080239,0.062046,-0.009521,0.0047382,0.99802
0.0083543,0.033451,0.079358,0.062046,-0.009521,0.0047382,0.99802
0.0081371,0.033125,0.078367,0.061359,-0.0092054,0.004677,0.99806
0.0079368,0.032761,0.07729,0.060398,-0.0086484,0.0047522,0.99813
0.0080863,0.032746,0.076656,0.0602,-0.0084088,0.0047495,0.99814
0.0079374,0.032447,0.075741,0.060153,-0.0083704,0.0047501,0.99814
0.0074773,0.031852,0.074573,0.060153,-0.0083704,0.0047501,0.99814
0.0072561,0.031495,0.073352,0.05867,-0.0079657,0.0046117,0.99824
0.0071231,0.031139,0.072209,0.057497,-0.0076646,0.0044116,0.99831
0.0073378,0.0311,0.07129,0.056294,-0.0074962,0.0042223,0.99838
0.007166,0.030729,0.070048,0.055132,-0.007281,0.0040655,0.99844
0.00679,0.029996,0.068619,0.05415,-0.0070324,0.0040378,0.9985
0.0066431,0.029601,0.067427,0.053259,-0.0067759,0.0040804,0.99855
0.0064675,0.029269,0.066287,0.052583,-0.0064501,0.0041901,0.99859
0.0062988,0.028928,0.065156,0.051919,-0.0061083,0.0044798,0.99862
0.0061274,0.028602,0.064009,0.051337,-0.0057634,0.004716,0.99865
0.006262,0.028545,0.06312,0.050794,-0.0054617,0.0048278,0.99868
0.0060992,0.028251,0.061976,0.050039,-0.0052354,0.0049017,0.99872
0.0059951,0.027916,0.060955,0.050039,-0.0052354,0.0049017,0.99872
0.0059237,0.027576,0.059842,0.049094,-0.0049397,0.0048683,0.99877
0.0058328,0.027199,0.05866,0.048067,-0.004749,0.0047518,0.99882
0.0057263,0.026835,0.057514,0.047106,-0.0047678,0.0046449,0.99887
0.0056127,0.026491,0.056419,0.046289,-0.0049025,0.0045744,0.99891
0.005451,0.026152,0.055332,0.04561,-0.0050562,0.0045914,0.99894
0.0052891,0.025834,0.054287,0.045176,-0.0049177,0.0047836,0.99896
0.0049962,0.025522,0.053298,0.04493,-0.0043514,0.0051644,0.99897
0.0046266,0.025174,0.052315,0.044781,-0.0033826,0.0056367,0.99898
0.0042715,0.02487,0.051461,0.044785,-0.0021295,0.0062138,0.99898
0.0038616,0.024546,0.050564,0.044642,-0.00076615,0.0067072,0.99898
0.0035112,0.024219,0.049661,0.044241,0.00048156,0.0071009,0.999
0.0031717,0.023915,0.048725,0.043653,0.0013972,0.0074335,0.99902
0.0028986,0.023672,0.047712,0.042764,0.002049,0.0074591,0.99906
0.0026673,0.023406,0.046659,0.041634,0.002402,0.0073386,0.9991
0.0024581,0.023204,0.045539,0.040311,0.0024301,0.0071281,0.99916
0.0023084,0.022953,0.044422,0.039086,0.0023805,0.0069544,0.99921
0.0021836,0.022744,0.043294,0.037956,0.002254,0.0067796,0.99925
0.0021112,0.022481,0.04227,0.037006,0.0020591,0.0065974,0.99929
0.0020339,0.022228,0.04127,0.036147,0.0018778,0.0064943,0.99932
0.0019942,0.021977,0.040295,0.035245,0.0017343,0.0064299,0.99936
0.0019875,0.021724,0.039341,0.034386,0.001553,0.0063268,0.99939
0.0019677,0.021472,0.03839,0.033484,0.0013254,0.0061912,0.99942
0.0019116,0.021182,0.037421,0.032546,0.0010443,0.0060522,0.99945
0.0019183,0.020955,0.036519,0.031581,0.00092985,0.0057793,0.99948
0.0018798,0.020673,0.035631,0.030698,0.00091454,0.0055806,0.99951
0.0018463,0.020404,0.034781,0.029985,0.00091066,0.0053221,0.99954
0.0018124,0.020118,0.033973,0.02937,0.00084125,0.0051568,0.99955
0.001745,0.019874,0.033191,0.028887,0.00082612,0.0050561,0.99957
0.0017286,0.019608,0.032428,0.028496,0.00074042,0.0049631,0.99958
0.0016657,0.019393,0.031695,0.028199,0.00066198,0.0049404,0.99959
0.001604,0.01914,0.030988,0.027882,0.00076089,0.0049165,0.9996
0.0015415,0.018912,0.030285,0.027655,0.00086773,0.0049245,0.99961
0.0014311,0.018663,0.029608,0.027646,0.00095323,0.0049195,0.99961
0.0013654,0.018436,0.028932,0.027546,0.0010251,0.0048352,0.99961
0.0012975,0.018172,0.028185,0.027078,0.001325,0.004808,0.99962
0.001184,0.017914,0.027404,0.026384,0.0017316,0.0047889,0.99964
0.0011073,0.017617,0.026598,0.02588,0.0019902,0.0048146,0.99965
0.0011046,0.01735,0.025834,0.025597,0.0022209,0.0048181,0.99966
0.0011087,0.017055,0.025143,0.025539,0.0024354,0.004894,0.99966
0.00112,0.016782,0.024417,0.02549,0.0025702,0.0050223,0.99966
0.0011098,0.016522,0.023735,0.025468,0.0027419,0.0049739,0.99966
0.0011071,0.016248,0.022988,0.025405,0.0028551,0.0048367,0.99966
0.00107,0.016003,0.022275,0.025251,0.0029604,0.0046675,0.99967
0.0010514,0.015705,0.021532,0.024794,0.0030784,0.0045178,0.99968
0.0010244,0.015388,0.020775,0.024253,0.0030974,0.0042939,0.99969
0.00096213,0.015006,0.019997,0.023775,0.0029975,0.00416,0.9997
0.00091162,0.014606,0.019183,0.023344,0.002859,0.0040255,0.99972
0.00085303,0.014214,0.018406,0.023034,0.0028667,0.0039595,0.99972
0.00071895,0.013848,0.017627,0.022832,0.0031068,0.0039185,0.99973
0.00057507,0.013491,0.016839,0.022786,0.0036248,0.0039735,0.99973
0.0004491,0.013116,0.016053,0.02289,0.0043375,0.0040148,0.99972
0.00032214,0.012795,0.015313,0.022913,0.0050407,0.0041006,0.99972
0.00017532,0.01239,0.014474,0.022607,0.0055396,0.0041834,0.99972
2.9011e-05,0.012027,0.01355,0.021877,0.0058087,0.0040895,0.99974
-2.7365e-05,0.011599,0.012564,0.020907,0.0057788,0.0038498,0.99976
-7.299e-05,0.011184,0.01152,0.019789,0.0054822,0.0036467,0.99978
-0.00013156,0.010711,0.010473,0.018636,0.0051317,0.0034405,0.99981
-0.00019392,0.010268,0.009344,0.017562,0.004887,0.0033172,0.99983
-0.00024787,0.0098125,0.0082663,0.016647,0.0048296,0.0032096,0.99984
-0.00027722,0.0093897,0.0072404,0.015981,0.0048893,0.0031252,0.99986
-0.00032737,0.0089438,0.0061836,0.01532,0.0049481,0.0030792,0.99987
-0.00035585,0.0084804,0.0051233,0.014516,0.0050326,0.0029162,0.99988
-0.00035141,0.0080375,0.0039916,0.013619,0.0051035,0.002674,0.99989
-0.00036815,0.0075839,0.0028324,0.012505,0.0051957,0.002445,0.99991
-0.00036493,0.0071017,0.001615,0.011279,0.0051459,0.0022713,0.99992
-0.00031879,0.006633,0.00038504,0.0099887,0.0048261,0.0020336,0.99994
-0.00032703,0.0061866,-0.0008928,0.0087075,0.0044267,0.0018481,0.99995
-0.00023115,0.0056852,-0.0021484,0.0074786,0.003988,0.0017003,0.99996
-0.00020539,0.0052288,-0.0034517,0.0063439,0.0034723,0.0015513,0.99997
-0.00013027,0.0047723,-0.0046871,0.0052837,0.0031413,0.0014714,0.99998
-5.5528e-05,0.0042817,-0.0058703,0.0044261,0.0029715,0.0014625,0.99998
-6.5915e-05,0.0038283,-0.0070384,0.003734,0.0029941,0.0015547,0.99999
-8.7967e-05,0.0033746,-0.0081497,0.0030719,0.0031493,0.0016363,0.99999
-0.00016588,0.0029514,-0.0092752,0.0022386,0.0032872,0.0017303,0.99999
-0.00016761,0.0025027,-0.010408,0.0012453,0.003232,0.0017616,0.99999
-0.00018139,0.0020534,-0.011538,0.00013094,0.0030365,0.0017715,0.99999
-0.0002114,0.001611,-0.012644,-0.00084298,0.0027198,0.0017324,0.99999
-0.00014163,0.001149,-0.013714,-0.0017342,0.0024964,0.0017204,0.99999
-0.00014117,0.00068586,-0.014817,-0.002548,0.0023729,0.0017442,0.99999
-0.0001677,0.00027372,-0.015912,-0.00324,0.0023955,0.0018364,0.99999
-0.00022857,-0.000139,-0.016956,-0.0036217,0.0024162,0.0020418,0.99999
-0.00033628,-0.00054576,-0.017937,-0.0036663,0.0026464,0.0023359,0.99999
-0.00050512,-0.00096931,-0.018911,-0.0035423,0.0029844,0.0026979,0.99999
-0.0006992,-0.0013185,-0.019857,-0.0035271,0.0034797,0.0029705,0.99998
-0.00092618,-0.0017429,-0.020911,-0.0037353,0.0040029,0.003265,0.99998
-0.001114,-0.002127,-0.021908,-0.0041923,0.0044033,0.0034892,0.99998
-0.001255,-0.0024557,-0.022889,-0.004956,0.0047324,0.0036611,0.99997
-0.0013571,-0.0027966,-0.024008,-0.0057036,0.0048789,0.0037489,0.99996
-0.0013988,-0.0031348,-0.025087,-0.0063186,0.0049955,0.0038297,0.99996
-0.0014285,-0.0034332,-0.02618,-0.0066831,0.0051388,0.0038536,0.99996
-0.0014376,-0.0037506,-0.02724,-0.0067963,0.0054771,0.003925,0.99995
-0.0014975,-0.0040058,-0.028203,-0.0066228,0.0059796,0.0040141,0.99995
-0.0015758,-0.0041841,-0.029116,-0.0063061,0.0062763,0.004021,0.99995
-0.001644,-0.0044382,-0.030055,-0.0060505,0.0062903,0.0039078,0.99995
-0.0017506,-0.0047442,-0.031039,-0.0062789,0.0062111,0.0036696,0.99995
-0.0019709,-0.005082,-0.032064,-0.0069407,0.0060898,0.0034244,0.99995
-0.00207,-0.0054811,-0.033116,-0.0078315,0.0061597,0.0032205,0.99995
-0.0022881,-0.0059096,-0.034163,-0.0086425,0.0062451,0.0030191,0.99994
-0.0025262,-0.0062985,-0.035152,-0.0091787,0.0063594,0.0029611,0.99993
-0.002739,-0.0066593,-0.036022,-0.009377,0.0066949,0.003086,0.99993
-0.0030546,-0.006942,-0.036832,-0.0092204,0.0070808,0.0034039,0.99993
-0.0034705,-0.0071937,-0.037569,-0.0088293,0.007545,0.0039985,0.99992
-0.0040044,-0.0072586,-0.037656,-0.0082585,0.0079468,0.0046327,0.99992
-0.0045088,-0.0075154,-0.038405,-0.0076961,0.0084341,0.0052619,0.99992
-0.0049663,-0.0079461,-0.039848,-0.007546,0.0090914,0.0058211,0.99991
-0.0054514,-0.0081988,-0.040647,-0.0078548,0.0099628,0.006358,0.9999
-0.0059582,-0.0084364,-0.041496,-0.0084414,0.01059,0.0069295,0.99988
-0.0064947,-0.0085324,-0.041788,-0.0090022,0.010968,0.0075636,0.99987
-0.0068927,-0.0087408,-0.042658,-0.0093844,0.010971,0.0082876,0.99986
-0.0070187,-0.0091219,-0.044145,-0.0096532,0.010919,0.009314,0.99985
-0.0073377,-0.009304,-0.045086,-0.0099494,0.01122,0.010453,0.99983
-0.0078405,-0.0093524,-0.046083,-0.010004,0.011909,0.011856,0.99981
-0.0086586,-0.0092043,-0.046242,-0.0097931,0.012832,0.013054,0.99978
-0.009096,-0.0092696,-0.047183,-0.0094141,0.013574,0.013899,0.99977
-0.0089459,-0.0097038,-0.048832,-0.0090056,0.01416,0.014311,0.99976
-0.009107,-0.009982,-0.049676,-0.0087551,0.014757,0.014389,0.99975
-0.0092703,-0.010263,-0.050505,-0.0086562,0.015368,0.014217,0.99974
-0.0096841,-0.010362,-0.05069,-0.0084763,0.015887,0.013826,0.99974
-0.0098309,-0.010604,-0.051429,-0.0080321,0.016334,0.013327,0.99975
-0.0095884,-0.011038,-0.052647,-0.0073013,0.016945,0.012845,0.99975
-0.0097717,-0.011275,-0.053311,-0.0064186,0.017835,0.012421,0.99974
-0.0099815,-0.011532,-0.053948,-0.0051719,0.01899,0.012051,0.99973
-0.010409,-0.011548,-0.053802,-0.0036992,0.020308,0.011952,0.99972
-0.010449,-0.011733,-0.054263,-0.0021154,0.021378,0.011862,0.9997
-0.010306,-0.012116,-0.055361,-0.0007309,0.022201,0.011668,0.99969
-0.010424,-0.012328,-0.055961,9.1597e-05,0.022533,0.011457,0.99968
-0.010479,-0.012511,-0.056612,0.00034351,0.022457,0.011225,0.99968
-0.01073,-0.012549,-0.056826,0.00010806,0.022074,0.011046,0.9997
-0.010855,-0.012809,-0.057671,-0.0005928,0.021606,0.010951,0.99971
-0.010765,-0.013266,-0.0591,-0.0013706,0.021045,0.010868,0.99972
-0.010742,-0.013567,-0.059948,-0.0019332,0.020546,0.010804,0.99973
-0.010744,-0.013925,-0.060804,-0.0020791,0.020266,0.010785,0.99973
-0.010996,-0.013976,-0.060897,-0.0018204,0.020202,0.010686,0.99974
-0.010971,-0.014308,-0.061658,-0.0013738,0.020272,0.010345,0.99974
-0.010535,-0.014874,-0.063167,-0.0011137,0.020398,0.0098794,0.99974
-0.010657,-0.014958,-0.063326,-0.0013316,0.02043,0.0093268,0.99975
-0.010021,-0.015581,-0.065004,-0.002011,0.020192,0.0086505,0.99976
-0.010123,-0.015683,-0.065327,-0.0030319,0.019925,0.0080464,0.99976
-0.009833,-0.016016,-0.066393,-0.0042927,0.019455,0.007424,0.99977
-0.0090962,-0.016668,-0.068243,-0.0055834,0.018853,0.0068123,0.99978
-0.0092099,-0.016812,-0.068642,-0.0067716,0.018089,0.0062046,0.99979
-0.0083239,-0.017537,-0.070549,-0.0076611,0.017486,0.005691,0.9998
-0.0084787,-0.017685,-0.070798,-0.0081483,0.017189,0.0051781,0.99981
-0.0081042,-0.018216,-0.071815,-0.0083341,0.017264,0.0045344,0.99981
-0.0077313,-0.018703,-0.0728,-0.0084026,0.017383,0.003746,0.99981
-0.0068713,-0.019605,-0.074632,-0.0086395,0.017401,0.002937,0.99981
-0.0068977,-0.019835,-0.074861,-0.0092335,0.017171,0.0022543,0.99981
-0.006535,-0.020366,-0.075985,-0.010393,0.016929,0.0015714,0.9998
-0.0061592,-0.020911,-0.077121,-0.011794,0.01658,0.00099799,0.99979
-0.0058055,-0.021453,-0.078271,-0.013087,0.016074,0.00051386,0.99979
-0.0054593,-0.021947,-0.079339,-0.013946,0.01561,3.6788e-05,0.99978
-0.0051286,-0.022474,-0.080368,-0.014465,0.015271,-0.00038495,0.99978
-0.0048167,-0.02293,-0.08135,-0.014743,0.015039,-0.00091611,0.99978
-0.0044972,-0.023432,-0.082351,-0.014942,0.014803,-0.0015861,0.99978
-0.0041574,-0.023893,-0.083292,-0.015188,0.014613,-0.0022084,0.99978
-0.0038419,-0.0244,-0.084215,-0.015606,0.014502,-0.0026908,0.99977
-0.0035891,-0.024926,-0.085094,-0.016469,0.014518,-0.0031517,0.99975
-0.0033687,-0.025407,-0.085909,-0.017588,0.014515,-0.0035467,0.99973
-0.0031016,-0.025856,-0.086649,-0.018736,0.014379,-0.003931,0.99971
-0.0029355,-0.02628,-0.087267,-0.019499,0.014036,-0.0040689,0.9997
-0.0027927,-0.026642,-0.087772,-0.019939,0.013683,-0.0040635,0.9997
-0.0027798,-0.026973,-0.088197,-0.020046,0.013457,-0.0040415,0.9997
-0.0027471,-0.027239,-0.088567,-0.019869,0.013479,-0.0039686,0.9997
-0.0027819,-0.027482,-0.088878,-0.019375,0.013792,-0.003936,0.99971
-0.0028049,-0.027709,-0.089168,-0.018497,0.014276,-0.0038151,0.99972
-0.0028649,-0.027906,-0.089355,-0.017688,0.01488,-0.0038227,0.99973
-0.0028607,-0.028141,-0.08964,-0.017358,0.01548,-0.0038369,0.99972
-0.002852,-0.028363,-0.089901,-0.0173,0.015835,-0.0037777,0.99972
-0.0027979,-0.028537,-0.090195,-0.01765,0.015898,-0.0036637,0.99971
-0.0027069,-0.028702,-0.090513,-0.018084,0.015557,-0.0035259,0.99971
-0.0026128,-0.028799,-0.090812,-0.01846,0.015001,-0.0034642,0.99971
-0.0024839,-0.0289,-0.091095,-0.018567,0.014775,-0.0034422,0.99971
-0.0023736,-0.029037,-0.091349,-0.018328,0.014965,-0.0035181,0.99971
-0.0023187,-0.029202,-0.09157,-0.017802,0.015314,-0.0036236,0.99972
-0.0021532,-0.029393,-0.091735,-0.017416,0.015694,-0.0037607,0.99972
-0.0020693,-0.029539,-0.091918,-0.017095,0.015804,-0.003962,0.99972
-0.0019176,-0.029651,-0.091993,-0.016976,0.015759,-0.004187,0.99972
-0.0018536,-0.029713,-0.092073,-0.017074,0.01574,-0.0043518,0.99972
-0.0018834,-0.029743,-0.092169,-0.017204,0.015673,-0.0044722,0.99972
-0.0019015,-0.029737,-0.092216,-0.017341,0.015614,-0.0045845,0.99972
-0.0019053,-0.029738,-0.092186,-0.017341,0.015614,-0.0045845,0.99972
-0.0019557,-0.029751,-0.092135,-0.017241,0.015542,-0.0045002,0.99972
-0.0019864,-0.029703,-0.092018,-0.016955,0.015401,-0.0043849,0.99973
-0.0019908,-0.029752,-0.091966,-0.01653,0.015235,-0.004191,0.99974
-0.0020321,-0.029802,-0.091883,-0.016005,0.01529,-0.0041046,0.99975
-0.0020413,-0.029897,-0.091851,-0.015678,0.015406,-0.0042204,0.99975
-0.0020321,-0.030031,-0.091922,-0.015684,0.015694,-0.0044978,0.99974
-0.0020486,-0.03014,-0.092014,-0.015991,0.015911,-0.0047892,0.99973
-0.001994,-0.030304,-0.092116,-0.016314,0.015908,-0.0050263,0.99973
-0.0020309,-0.030346,-0.092169,-0.016521,0.015754,-0.0050885,0.99973
-0.0020569,-0.030451,-0.092222,-0.016647,0.015788,-0.004996,0.99972
-0.0021135,-0.030462,-0.092229,-0.016659,0.016054,-0.0048399,0.99972
-0.0022561,-0.030496,-0.09224,-0.016454,0.016312,-0.0046034,0.99972
-0.00245,-0.030502,-0.092256,-0.016234,0.016476,-0.0043701,0.99972
-0.0025874,-0.030502,-0.092303,-0.016283,0.016611,-0.004242,0.99972
-0.0027195,-0.030515,-0.092418,-0.016338,0.016735,-0.0042464,0.99972
-0.0028304,-0.030595,-0.09257,-0.016532,0.016884,-0.0043294,0.99971
-0.0028895,-0.030651,-0.092706,-0.016842,0.017191,-0.0045402,0.9997
-0.002849,-0.030761,-0.092844,-0.017125,0.017535,-0.0049279,0.99969
-0.0028637,-0.030852,-0.092996,-0.017411,0.017963,-0.0052819,0.99967
-0.0027667,-0.030986,-0.093143,-0.017648,0.018263,-0.005717,0.99966
-0.0027223,-0.031074,-0.093293,-0.017869,0.018482,-0.0060616,0.99965
-0.0025856,-0.031164,-0.093416,-0.018044,0.018663,-0.0064069,0.99964
-0.0025515,-0.03122,-0.093452,-0.017991,0.018922,-0.0065137,0.99964
-0.0025195,-0.031244,-0.093476,-0.017937,0.019182,-0.0066206,0.99963
-0.0025597,-0.03125,-0.093515,-0.017969,0.01944,-0.0066744,0.99963
-0.0025777,-0.031246,-0.093514,-0.018017,0.019569,-0.0065931,0.99962
-0.0026188,-0.031272,-0.093561,-0.018048,0.019436,-0.0065825,0.99963
-0.0026757,-0.031255,-0.093534,-0.018218,0.019425,-0.006523,0.99962
-0.0026936,-0.031259,-0.093534,-0.018475,0.019399,-0.0065041,0.99962
-0.0026323,-0.031246,-0.093536,-0.018596,0.019253,-0.0065726,0.99962
-0.0025469,-0.031217,-0.093432,-0.018541,0.019123,-0.0066151,0.99962
-0.0025049,-0.031142,-0.093281,-0.018166,0.01881,-0.0066672,0.99964
-0.0023709,-0.031125,-0.093078,-0.01763,0.01869,-0.0066564,0.99965
-0.0022816,-0.031051,-0.092844,-0.017079,0.018776,-0.0067936,0.99965
-0.0022571,-0.030996,-0.092627,-0.016675,0.018992,-0.006874,0.99966
-0.0022086,-0.030862,-0.092368,-0.016397,0.019229,-0.0069554,0.99966
-0.0021999,-0.030691,-0.092137,-0.016274,0.019285,-0.0069674,0.99966
-0.0022145,-0.0305,-0.091875,-0.016218,0.019161,-0.0069631,0.99966
-0.0022377,-0.030256,-0.091547,-0.016069,0.018955,-0.0070068,0.99967
-0.0021905,-0.029992,-0.091133,-0.015794,0.018713,-0.0071432,0.99967
-0.0022265,-0.029674,-0.090696,-0.015474,0.018524,-0.0071996,0.99968
-0.0022187,-0.029373,-0.090231,-0.014985,0.018442,-0.0071881,0.99969
-0.0022309,-0.029066,-0.089784,-0.014327,0.018468,-0.0071087,0.9997
-0.0022393,-0.028738,-0.089323,-0.013746,0.018699,-0.007163,0.9997
-0.0022435,-0.028409,-0.088889,-0.013368,0.019158,-0.0073519,0.9997
-0.0022113,-0.028152,-0.088579,-0.013282,0.01976,-0.007695,0.99969
-0.0021344,-0.027916,-0.088318,-0.01346,0.020415,-0.0080709,0.99967
-0.0020925,-0.02768,-0.08802,-0.01346,0.020415,-0.0080709,0.99967
-0.0018155,-0.027395,-0.087712,-0.013689,0.020347,-0.0088751,0.99966
-0.0016589,-0.027083,-0.087311,-0.013416,0.019614,-0.0091599,0.99968
-0.0014133,-0.026751,-0.086846,-0.012973,0.018905,-0.0094107,0.99969
-0.0013382,-0.026567,-0.086405,-0.012386,0.018559,-0.0096085,0.9997
-0.00093453,-0.026128,-0.085862,-0.012386,0.018559,-0.0096085,0.9997
-0.00071741,-0.025847,-0.085397,-0.011718,0.018696,-0.0098431,0.99971
-0.00048255,-0.025477,-0.084786,-0.010598,0.019298,-0.010397,0.9997
-0.00038355,-0.02533,-0.08442,-0.010239,0.019449,-0.010651,0.9997
-0.0001984,-0.025081,-0.084056,-0.010239,0.019449,-0.010651,0.9997
0.00011236,-0.024644,-0.083523,-0.010002,0.01946,-0.010927,0.9997
0.00023768,-0.024292,-0.083083,-0.0097481,0.019294,-0.011239,0.9997
0.00041639,-0.02387,-0.082559,-0.0094622,0.019164,-0.01169,0.9997
0.00053327,-0.023659,-0.082088,-0.0091441,0.019076,-0.012231,0.9997
0.00067992,-0.023275,-0.081587,-0.0090607,0.019186,-0.012723,0.99969
0.00079886,-0.022835,-0.081046,-0.0087382,0.0192,-0.013052,0.99969
0.00091072,-0.022393,-0.080465,-0.0081359,0.019073,-0.013304,0.9997
0.0010765,-0.021947,-0.079798,-0.0073188,0.01871,-0.013391,0.99971
0.0011323,-0.02152,-0.079201,-0.0066741,0.018433,-0.013291,0.99972
0.0012269,-0.021105,-0.078596,-0.0063562,0.018334,-0.013266,0.99972
0.0012794,-0.02072,-0.078056,-0.0061852,0.018351,-0.013279,0.99972
0.0012998,-0.020333,-0.077592,-0.0061894,0.018256,-0.013445,0.99972
0.0014478,-0.019946,-0.077094,-0.0064185,0.018164,-0.013777,0.99972
0.001564,-0.019582,-0.076689,-0.0068621,0.018316,-0.014228,0.99971
0.0017136,-0.019209,-0.076258,-0.0076088,0.018772,-0.014851,0.99968
0.0019195,-0.018883,-0.075903,-0.0084195,0.019438,-0.015483,0.99966
0.0021032,-0.01852,-0.075401,-0.0088818,0.02015,-0.016008,0.99963
0.0022302,-0.018118,-0.074835,-0.008666,0.020507,-0.016179,0.99962
0.002413,-0.017737,-0.074083,-0.0078135,0.020684,-0.016162,0.99962
0.0025287,-0.017346,-0.073296,-0.0070489,0.020936,-0.016104,0.99963
0.0025467,-0.016929,-0.07251,-0.0065401,0.021461,-0.016172,0.99962
0.002568,-0.016522,-0.071701,-0.0061702,0.022012,-0.016319,0.99961
0.0025845,-0.016071,-0.070805,-0.0056807,0.02223,-0.016453,0.9996
0.0026985,-0.015598,-0.069811,-0.0050445,0.022038,-0.016358,0.99961
0.0028031,-0.015108,-0.068761,-0.0042443,0.021559,-0.016216,0.99963
0.0028467,-0.014592,-0.067679,-0.003299,0.02106,-0.01591,0.99965
0.0029179,-0.014056,-0.066549,-0.0023175,0.020698,-0.015529,0.99966
0.0029159,-0.013515,-0.065434,-0.0012751,0.020613,-0.015076,0.99967
0.0029251,-0.012991,-0.064326,-0.00029447,0.020648,-0.014713,0.99968
0.0029523,-0.01244,-0.06318,0.00069347,0.020584,-0.014438,0.99968
0.0029802,-0.011882,-0.062042,0.0015156,0.020329,-0.014265,0.99969
0.0030807,-0.011292,-0.060933,0.0021196,0.020095,-0.014079,0.9997
0.0031725,-0.010707,-0.059885,0.0025079,0.019791,-0.013959,0.9997
0.0032904,-0.010134,-0.058811,0.0027784,0.019437,-0.013743,0.99971
0.0033993,-0.0095528,-0.057781,0.0031225,0.018795,-0.013465,0.99973
0.00357,-0.0088833,-0.056643,0.003804,0.017965,-0.013081,0.99975
0.0037451,-0.0082444,-0.055516,0.0047199,0.017046,-0.012526,0.99977
0.0039031,-0.0076446,-0.054428,0.0056572,0.016346,-0.011986,0.99978
0.0040852,-0.0070012,-0.053292,0.006476,0.015881,-0.011587,0.99979
0.0042793,-0.0064124,-0.052237,0.0071395,0.015618,-0.01123,0.99979
0.004481,-0.0058297,-0.051245,0.0076195,0.015328,-0.011032,0.99979
0.0046918,-0.0052417,-0.050296,0.0078722,0.014966,-0.011026,0.9998
0.0049921,-0.0046087,-0.049323,0.0079168,0.014442,-0.011128,0.9998
0.0052414,-0.004002,-0.048344,0.007969,0.013533,-0.01108,0.99982
0.0055479,-0.0033749,-0.047309,0.0081676,0.012215,-0.010804,0.99983
0.0058404,-0.0027727,-0.04623,0.0087774,0.010823,-0.010331,0.99985
0.0060858,-0.0021026,-0.045052,0.0097717,0.0096084,-0.0097223,0.99986
0.0063835,-0.001483,-0.043863,0.010849,0.008786,-0.0092313,0.99986
0.0066793,-0.00086691,-0.042642,0.011978,0.0083139,-0.0087665,0.99986
0.0069998,-0.00026443,-0.041474,0.012978,0.0080866,-0.0084738,0.99985
0.0072892,0.00034798,-0.040327,0.013806,0.0078361,-0.0082151,0.99984
0.0075866,0.00092187,-0.039222,0.014513,0.0074396,-0.008025,0.99983
0.007834,0.0015328,-0.038124,0.014917,0.0069593,-0.0079426,0.99983
0.008154,0.0020476,-0.037064,0.015163,0.0062918,-0.0078764,0.99983
0.0083891,0.0026029,-0.035995,0.015401,0.00532,-0.0077508,0.99984
0.0087201,0.0031241,-0.034862,0.015843,0.0041198,-0.0074904,0.99984
0.0089708,0.0037036,-0.03373,0.016504,0.0030784,-0.0070434,0.99983
0.0091804,0.0042882,-0.032554,0.017427,0.0024634,-0.0065473,0.99982
0.0093782,0.0049012,-0.031348,0.018438,0.0022344,-0.0061769,0.99981
0.0096242,0.0055144,-0.030176,0.019312,0.0023352,-0.0059833,0.99979
0.0098643,0.0060915,-0.028989,0.020171,0.0025165,-0.0058802,0.99978
0.010143,0.0066639,-0.027792,0.020956,0.0025133,-0.0058464,0.99976
0.010454,0.0072115,-0.026582,0.021717,0.0022804,-0.0058905,0.99974
0.010721,0.0077705,-0.025373,0.022321,0.0017639,-0.0060781,0.99973
0.011079,0.0082719,-0.024203,0.022814,0.0010215,-0.0062824,0.99972
0.011357,0.0087693,-0.023062,0.023097,0.000299,-0.006396,0.99971
0.011655,0.0092946,-0.0219,0.023369,-0.00033161,-0.0065065,0.99971
0.011943,0.0097952,-0.020761,0.023755,-0.00072492,-0.0065067,0.9997
0.0122,0.010279,-0.019596,0.024435,-0.00086494,-0.0063316,0.99968
0.012409,0.010731,-0.018421,0.025224,-0.00077269,-0.0061316,0.99966
0.012647,0.011225,-0.017275,0.025995,-0.0005094,-0.0059416,0.99964
0.012825,0.011667,-0.016122,0.026704,-0.00012718,-0.0058416,0.99963
0.012975,0.01209,-0.014929,0.027393,4.2633e-05,-0.0056791,0.99961
0.01315,0.012503,-0.013746,0.028184,-0.00035103,-0.005542,0.99959
0.013322,0.012931,-0.012574,0.028842,-0.0011888,-0.0054061,0.99957
0.013517,0.013352,-0.011455,0.029245,-0.0021484,-0.0053785,0.99956
0.013671,0.013804,-0.010374,0.029417,-0.0030968,-0.0055089,0.99955
0.013801,0.014238,-0.0094246,0.029509,-0.0036591,-0.0056118,0.99954
0.013966,0.01471,-0.0084019,0.029789,-0.0037994,-0.0055351,0.99953
0.01415,0.015126,-0.0073673,0.030328,-0.0034287,-0.0053756,0.99952
0.014283,0.015541,-0.006315,0.031105,-0.0027707,-0.0051646,0.9995
0.014407,0.015949,-0.0052768,0.031866,-0.0020322,-0.0050441,0.99948
0.014507,0.016324,-0.0042057,0.032584,-0.0017355,-0.004939,0.99946
0.014659,0.016783,-0.0031225,0.03329,-0.002132,-0.0047488,0.99943
0.014828,0.017215,-0.0020109,0.033985,-0.0029283,-0.0046653,0.99941
0.014974,0.017613,-0.0010072,0.034413,-0.0037549,-0.0046871,0.99939
0.015198,0.018067,-2.8262e-05,0.0348,-0.0042445,-0.0048146,0.99937
0.015384,0.018508,0.00095195,0.035189,-0.0042487,-0.0048404,0.99936
0.015571,0.018921,0.0018669,0.03573,-0.0039741,-0.0048083,0.99934
0.015737,0.019336,0.0028126,0.036335,-0.0034294,-0.004712,0.99932
0.015976,0.019786,0.0037712,0.036984,-0.0029226,-0.0046551,0.9993
0.016196,0.020245,0.0047197,0.037719,-0.0027969,-0.00454,0.99927
0.016394,0.020635,0.0056001,0.038356,-0.0029834,-0.0043979,0.99925
0.016555,0.021039,0.0065328,0.039027,-0.0035176,-0.0042825,0.99922
0.01674,0.021392,0.0074459,0.039541,-0.0042454,-0.0041914,0.9992
0.016833,0.021781,0.0083294,0.039854,-0.0048236,-0.0042607,0.99918
0.016986,0.022164,0.0091649,0.039916,-0.0050386,-0.0042981,0.99918
0.017121,0.022582,0.0099966,0.039813,-0.0048761,-0.0043019,0.99919
0.017232,0.022992,0.010845,0.039726,-0.0043989,-0.0042326,0.99919
0.017391,0.023421,0.01176,0.039756,-0.0037866,-0.0041886,0.99919
0.017523,0.023882,0.012705,0.039914,-0.0031075,-0.0040627,0.99919
0.017642,0.02431,0.01377,0.040477,-0.0029028,-0.0038076,0.99917
0.017796,0.024802,0.014986,0.041437,-0.0034765,-0.0033639,0.99913
0.017943,0.025249,0.016234,0.042582,-0.0045933,-0.002897,0.99908
0.018019,0.025743,0.01745,0.043639,-0.0057241,-0.0024707,0.99903
0.018173,0.026217,0.018688,0.044294,-0.0064712,-0.0022541,0.999
0.018364,0.026686,0.019863,0.044518,-0.0069674,-0.0022364,0.99898
0.018612,0.027163,0.021001,0.044406,-0.0071992,-0.0022999,0.99898
0.018916,0.027676,0.022211,0.044282,-0.0072548,-0.002288,0.99899
0.019207,0.028204,0.023485,0.044424,-0.0072799,-0.0021708,0.99898
0.019548,0.028782,0.024914,0.04497,-0.0073841,-0.0019804,0.99896
0.019811,0.029393,0.026459,0.046,-0.0078686,-0.0016337,0.99891
0.020078,0.030023,0.02815,0.047324,-0.0086643,-0.0012386,0.99884
0.020339,0.030596,0.029827,0.048802,-0.0096612,-0.00080183,0.99876
0.020614,0.031259,0.03154,0.050179,-0.010586,-0.00044933,0.99868
0.020846,0.031867,0.033233,0.0514,-0.011315,-0.00018555,0.99861
0.021194,0.032531,0.03487,0.052362,-0.011776,-0.00013322,0.99856
0.02155,0.033183,0.036441,0.053093,-0.011842,-0.00031162,0.99852
0.02205,0.03387,0.038007,0.053604,-0.011593,-0.00070715,0.99849
0.022441,0.034544,0.039632,0.054301,-0.010928,-0.00097006,0.99846
0.022912,0.035253,0.041356,0.055283,-0.010877,-0.0011253,0.99841
0.023393,0.035925,0.043209,0.056631,-0.011737,-0.0010814,0.99833
0.023803,0.03662,0.045047,0.058261,-0.013212,-0.00096842,0.99821
0.024215,0.037282,0.046883,0.05998,-0.014679,-0.00082317,0.99809
0.024541,0.037927,0.04866,0.061525,-0.015682,-0.00064922,0.99798
0.024875,0.038566,0.050456,0.062966,-0.016134,-0.00054342,0.99789
0.025238,0.039229,0.0522,0.064307,-0.016033,-0.00046727,0.9978
0.025536,0.03985,0.053847,0.065486,-0.015646,-0.00043786,0.99773
0.025924,0.040512,0.05556,0.066435,-0.015157,-0.00044732,0.99768
0.026304,0.041158,0.057179,0.067231,-0.014948,-0.00055308,0.99763
0.026727,0.041826,0.058841,0.06798,-0.015184,-0.00072137,0.99757
0.027163,0.042476,0.060434,0.068611,-0.016048,-0.00097431,0.99751
0.027573,0.043119,0.062014,0.069204,-0.017343,-0.0011487,0.99745
0.027902,0.043753,0.063522,0.069722,-0.018731,-0.0012733,0.99739
0.02826,0.044383,0.064985,0.070223,-0.019949,-0.001408,0.99733
0.028592,0.044962,0.066432,0.070935,-0.020617,-0.0014592,0.99727
0.028887,0.045561,0.067888,0.071864,-0.02073,-0.0013801,0.9972
0.029185,0.046158,0.069373,0.072821,-0.020327,-0.0013845,0.99714
0.029426,0.046701,0.070861,0.073758,-0.019657,-0.00131,0.99708
0.02965,0.047291,0.072401,0.074635,-0.019257,-0.0012226,0.99702
0.029846,0.04788,0.073971,0.075672,-0.019528,-0.0010541,0.99694
0.030048,0.048445,0.075587,0.076855,-0.020394,-0.00086509,0.99683
0.030237,0.049003,0.077206,0.077939,-0.021572,-0.00068751,0.99672
0.03043,0.049554,0.078765,0.078884,-0.022727,-0.00058853,0.99662
0.030584,0.050117,0.08022,0.079652,-0.023518,-0.00063536,0.99655
0.030742,0.050651,0.081647,0.08047,-0.023864,-0.00058116,0.99647
0.030861,0.05126,0.083135,0.081457,-0.023712,-0.00052342,0.99639
0.030985,0.051818,0.08464,0.082546,-0.023242,-0.00040724,0.99632
0.0311,0.052398,0.086201,0.083777,-0.022888,-0.00029292,0.99622
0.031233,0.052894,0.0878,0.085136,-0.022953,-0.00015965,0.9961
0.031326,0.053444,0.089365,0.086511,-0.023579,9.5666e-06,0.99597
0.031375,0.053918,0.090929,0.087874,-0.024604,7.2096e-05,0.99583
0.031374,0.054371,0.092471,0.089127,-0.025472,4.5304e-05,0.99569
0.031403,0.054792,0.093932,0.090174,-0.026015,1.0889e-05,0.99559
0.031426,0.055265,0.095323,0.090958,-0.026109,-7.4051e-05,0.99551
0.031452,0.05571,0.096661,0.091567,-0.025745,-0.00013885,0.99547
0.031488,0.056148,0.097971,0.092068,-0.025128,-0.00016547,0.99544
0.031447,0.05662,0.099307,0.092617,-0.024453,-2.6736e-05,0.9954
0.031423,0.057023,0.10068,0.093495,-0.024048,6.9199e-05,0.99533
0.031355,0.05743,0.10215,0.094754,-0.024334,0.00031002,0.9952
0.031327,0.057816,0.10366,0.096277,-0.025161,0.00048244,0.99504
0.031235,0.058136,0.1051,0.09773,-0.026076,0.00075171,0.99487
0.031079,0.058441,0.10643,0.098928,-0.026723,0.00088644,0.99474
0.030961,0.058757,0.10766,0.099867,-0.027013,0.00089022,0.99463
0.030834,0.059068,0.10883,0.10054,-0.026854,0.00088194,0.99457
0.030774,0.059361,0.10994,0.10111,-0.026355,0.00094525,0.99453
0.030695,0.059693,0.11101,0.10155,-0.025614,0.00091419,0.9945
0.030638,0.059988,0.11206,0.10194,-0.024744,0.00092578,0.99448
0.030542,0.060297,0.11317,0.10242,-0.024254,0.00099538,0.99445
0.030495,0.060561,0.11438,0.10323,-0.024508,0.00113,0.99435
0.030399,0.060844,0.11561,0.10443,-0.025449,0.0013797,0.99421
0.030206,0.061089,0.11683,0.10581,-0.026549,0.0016182,0.99403
0.030059,0.061282,0.11803,0.10707,-0.027401,0.0018095,0.99387
0.0299,0.061467,0.11907,0.10798,-0.027727,0.00199,0.99376
0.029767,0.061628,0.11998,0.10854,-0.027522,0.0022067,0.99371
0.029666,0.06182,0.12087,0.10889,-0.027002,0.0023216,0.99368
0.029632,0.062003,0.12169,0.109,-0.02629,0.0023628,0.99369
0.02964,0.062157,0.1225,0.10906,-0.025631,0.0023626,0.9937
0.029666,0.062352,0.12329,0.10915,-0.025233,0.0023304,0.9937
0.029653,0.062483,0.12414,0.1095,-0.025279,0.0023574,0.99366
0.029644,0.062624,0.12512,0.1103,-0.025837,0.0024744,0.99356
0.029657,0.062781,0.12607,0.11135,-0.026763,0.0025897,0.99342
0.029681,0.06286,0.12701,0.11244,-0.027638,0.0026697,0.99327
0.029675,0.062952,0.12779,0.1133,-0.028021,0.0027232,0.99316
0.029727,0.063041,0.12852,0.11369,-0.027934,0.0027394,0.99312
0.029697,0.063124,0.12907,0.11367,-0.027374,0.0027034,0.99314
0.02974,0.063248,0.12957,0.11337,-0.026679,0.0025052,0.99319
0.029809,0.063324,0.13002,0.11288,-0.025925,0.0021819,0.99327
0.029812,0.063361,0.13046,0.11233,-0.025256,0.0020026,0.99335
0.029783,0.063399,0.13098,0.11212,-0.024936,0.0019095,0.99338
0.029813,0.063451,0.13171,0.11259,-0.02523,0.0019837,0.99332
0.029754,0.063523,0.13254,0.11373,-0.026137,0.002187,0.99317
0.029761,0.063576,0.13342,0.11519,-0.027224,0.0024279,0.99297
0.029811,0.063622,0.13425,0.11646,-0.028076,0.0026192,0.9928
0.029824,0.063658,0.13487,0.11723,-0.028377,0.002721,0.9927
0.029907,0.063719,0.13541,0.11752,-0.028219,0.002653,0.99267
0.03,0.063793,0.13586,0.11747,-0.027796,0.0025423,0.99268
0.030137,0.06385,0.13622,0.11732,-0.027301,0.0023856,0.99272
0.030363,0.06394,0.13666,0.11721,-0.026851,0.0021045,0.99274
0.030568,0.063989,0.1371,0.11726,-0.026596,0.0019121,0.99274
0.030733,0.06403,0.13755,0.11753,-0.026357,0.0017919,0.99272
0.030841,0.064084,0.13806,0.11798,-0.026186,0.0016258,0.99267
0.030938,0.064063,0.13858,0.11861,-0.026079,0.0015377,0.9926
0.030997,0.064093,0.13907,0.11929,-0.026009,0.0014874,0.99252
0.031094,0.064087,0.13955,0.1199,-0.02612,0.001415,0.99244
0.031182,0.064103,0.13996,0.12029,-0.026125,0.0013508,0.99239
0.031202,0.064167,0.14029,0.12043,-0.025941,0.0012811,0.99238
0.031277,0.064226,0.14058,0.12021,-0.025541,0.0010974,0.99242
0.031305,0.06433,0.14079,0.1198,-0.024987,0.00091619,0.99248
0.031367,0.064446,0.14108,0.11942,-0.024482,0.00060179,0.99254
0.031482,0.064519,0.14142,0.11931,-0.024421,0.0003465,0.99256
0.031537,0.064565,0.14188,0.1197,-0.024904,0.0003046,0.9925
0.031591,0.064527,0.14239,0.1205,-0.025852,0.00044746,0.99238
0.031601,0.064519,0.14291,0.12147,-0.026867,0.00062124,0.99223
0.031527,0.064505,0.14331,0.12221,-0.027599,0.00084012,0.99212
0.031423,0.064473,0.14361,0.1226,-0.027801,0.0010953,0.99207
0.031281,0.064438,0.14377,0.12273,-0.027645,0.0012964,0.99205
0.031146,0.064435,0.1439,0.1227,-0.027201,0.0015276,0.99207
0.031061,0.064402,0.14405,0.12252,-0.026647,0.0016752,0.99211
0.030987,0.064394,0.14411,0.12221,-0.026069,0.0017058,0.99216
0.03096,0.064394,0.14423,0.12199,-0.025568,0.0017352,0.9922
0.030897,0.064382,0.14434,0.12187,-0.025234,0.0017596,0.99222
0.030871,0.064374,0.14458,0.12217,-0.025247,0.0017018,0.99219
0.030842,0.064366,0.14487,0.12272,-0.025537,0.0016842,0.99211
0.030813,0.064354,0.14515,0.12336,-0.0259,0.0017125,0.99202
0.030707,0.064385,0.14532,0.12391,-0.026184,0.0017805,0.99195
0.030635,0.064347,0.14544,0.12431,-0.026179,0.0018489,0.9919
0.03058,0.064353,0.14556,0.12442,-0.025946,0.0019123,0.99189
0.03049,0.064349,0.14549,0.12421,-0.02553,0.0019851,0.99193
0.030438,0.06437,0.14539,0.1238,-0.02527,0.0019958,0.99198
0.030388,0.064367,0.14531,0.1234,-0.025186,0.0019694,0.99204
0.030355,0.064408,0.14527,0.12316,-0.025473,0.0019563,0.99206
0.030343,0.064419,0.14532,0.12308,-0.025957,0.0019936,0.99205
0.030305,0.064439,0.14531,0.12317,-0.026429,0.0019327,0.99203
0.030276,0.064407,0.14528,0.1232,-0.02668,0.0020334,0.99202
0.030161,0.064385,0.14523,0.12328,-0.02658,0.0021075,0.99201
0.030106,0.064327,0.14513,0.12328,-0.02658,0.0021075,0.99201
0.030015,0.064308,0.14507,0.12331,-0.026352,0.0022627,0.99202
0.030021,0.064262,0.14506,0.12349,-0.026239,0.0023777,0.992
0.029971,0.064257,0.14503,0.1235,-0.026319,0.0024682,0.99199
0.029899,0.06419,0.14495,0.12361,-0.026477,0.0025192,0.99197
0.029845,0.064155,0.14488,0.12371,-0.026639,0.002523,0.99196
0.029787,0.06412,0.14479,0.12381,-0.026802,0.0025268,0.99194
0.029715,0.064046,0.14468,0.12381,-0.026801,0.0025651,0.99194
0.029668,0.064009,0.14462,0.12386,-0.026749,0.0026066,0.99194
0.029607,0.063942,0.14455,0.12384,-0.026578,0.0025965,0.99194
0.029553,0.063873,0.14443,0.12387,-0.026441,0.0026329,0.99194
0.029477,0.063808,0.1443,0.12379,-0.026449,0.0026775,0.99195
0.029467,0.063811,0.14418,0.12366,-0.026505,0.0026895,0.99197
0.029379,0.063758,0.14401,0.12359,-0.026599,0.0027009,0.99197
0.029312,0.063674,0.1438,0.12356,-0.026732,0.0027116,0.99197
0.029183,0.063559,0.14354,0.12362,-0.026856,0.002716,0.99196
0.029101,0.06343,0.14322,0.12365,-0.026808,0.0027104,0.99196
0.029015,0.063331,0.14291,0.12342,-0.026616,0.0027518,0.99199
0.028943,0.063215,0.14252,0.1231,-0.026342,0.0028033,0.99204
0.028922,0.063089,0.14217,0.12286,-0.026149,0.0028447,0.99208
0.028818,0.062976,0.14174,0.12258,-0.025914,0.0028956,0.99212
0.028765,0.062845,0.14132,0.12234,-0.025636,0.0028937,0.99215
0.028742,0.062698,0.14091,0.12207,-0.02549,0.0029408,0.99219
0.028752,0.062564,0.14048,0.12191,-0.025684,0.002878,0.9922
0.028682,0.062395,0.13999,0.12178,-0.026134,0.0028688,0.99221
0.028656,0.062222,0.1394,0.12166,-0.02667,0.0028262,0.99221
0.028554,0.062017,0.13874,0.12152,-0.027034,0.0028502,0.99222
0.02848,0.061792,0.13805,0.12134,-0.026966,0.0028578,0.99224
0.028443,0.06156,0.13732,0.12095,-0.026488,0.0028143,0.9923
0.028367,0.061337,0.13655,0.1202,-0.025483,0.0027983,0.99242
0.028321,0.061102,0.13572,0.11934,-0.024321,0.0027314,0.99255
0.028255,0.060883,0.13496,0.11855,-0.023369,0.0026356,0.99267
0.028239,0.060643,0.13424,0.11797,-0.022827,0.0025525,0.99275
0.028183,0.060411,0.13349,0.11753,-0.022795,0.0024463,0.9928
0.028156,0.060141,0.13275,0.11716,-0.023149,0.0022742,0.99284
0.028074,0.059804,0.1319,0.11688,-0.023494,0.0020959,0.99287
0.027908,0.059499,0.13101,0.1164,-0.0236,0.0019149,0.99292
0.027754,0.059178,0.13005,0.11588,-0.023277,0.0017471,0.99299
0.027596,0.058852,0.1291,0.11513,-0.022753,0.0016765,0.99309
0.027474,0.058538,0.12817,0.11443,-0.022175,0.0017242,0.99318
0.027323,0.058221,0.12722,0.11378,-0.021632,0.00178,0.99327
0.02715,0.057922,0.12628,0.11313,-0.021179,0.0018321,0.99335
0.026942,0.05756,0.12532,0.11254,-0.020845,0.0019357,0.99343
0.026725,0.05719,0.12433,0.11197,-0.020687,0.001964,0.99349
0.026534,0.056831,0.12338,0.11137,-0.020747,0.0020464,0.99356
0.026326,0.056465,0.12241,0.11084,-0.021017,0.0021384,0.99361
0.026121,0.056075,0.12145,0.11041,-0.02145,0.0021957,0.99365
0.025939,0.055702,0.12048,0.10992,-0.021673,0.002282,0.9937
0.025785,0.055374,0.11953,0.10927,-0.021609,0.0023216,0.99377
0.025602,0.055021,0.1185,0.10846,-0.021259,0.0023913,0.99387
0.025422,0.054713,0.11752,0.10754,-0.020661,0.0024138,0.99398
0.025185,0.054421,0.11654,0.10667,-0.020187,0.0024407,0.99409
0.025021,0.054097,0.11558,0.1059,-0.01988,0.0024244,0.99417
0.024797,0.053728,0.11461,0.1051,-0.019615,0.0024608,0.99426
0.024559,0.053393,0.11365,0.10439,-0.019428,0.002496,0.99434
0.024337,0.053047,0.1127,0.10379,-0.019407,0.0025262,0.99441
0.024063,0.052669,0.11172,0.1033,-0.019236,0.0025953,0.99446
0.023832,0.05229,0.11077,0.10286,-0.018809,0.0025487,0.99451
0.023646,0.051942,0.10986,0.1026,-0.01836,0.0024982,0.99455
0.023444,0.051601,0.10893,0.10219,-0.0178,0.0024409,0.9946
0.023258,0.051247,0.10797,0.10159,-0.017087,0.0023476,0.99468
0.023028,0.050937,0.1069,0.10083,-0.016391,0.0022286,0.99477
0.022861,0.05062,0.10587,0.099987,-0.01588,0.0021172,0.99486
0.022694,0.050263,0.10484,0.099213,-0.015579,0.0020153,0.99494
0.022494,0.049946,0.10376,0.098508,-0.015482,0.0019701,0.99501
0.022315,0.049604,0.10272,0.097846,-0.015428,0.001877,0.99508
0.022104,0.049259,0.1017,0.097274,-0.015361,0.0018249,0.99514
0.021909,0.04895,0.10066,0.096787,-0.015285,0.0018048,0.99519
0.021686,0.048592,0.099609,0.09647,-0.015192,0.0017337,0.99522
0.021516,0.048228,0.098633,0.096291,-0.015124,0.0017412,0.99524
0.021247,0.047871,0.097627,0.096008,-0.014893,0.0017449,0.99527
0.021087,0.047481,0.096567,0.095191,-0.014548,0.0016908,0.99535
0.02085,0.047085,0.095549,0.094317,-0.014079,0.0016322,0.99544
0.020665,0.046705,0.094493,0.093425,-0.013828,0.0016277,0.99553
0.02043,0.046298,0.093508,0.092846,-0.014059,0.0016819,0.99558
0.02019,0.045885,0.092475,0.092316,-0.014329,0.0017738,0.99563
0.019932,0.045488,0.091428,0.091719,-0.014389,0.0018178,0.99568
0.019608,0.045105,0.090376,0.091262,-0.014085,0.0019145,0.99573
0.019289,0.044738,0.089357,0.091096,-0.013616,0.0020671,0.99575
0.019038,0.044356,0.088399,0.091052,-0.013093,0.0021694,0.99576
0.018796,0.044005,0.087459,0.09094,-0.012455,0.0020963,0.99578
0.018659,0.043685,0.086458,0.090464,-0.011782,0.0018251,0.99583
0.018455,0.043345,0.085312,0.089594,-0.01111,0.0014942,0.99592
0.018292,0.043048,0.084151,0.088482,-0.01064,0.0011452,0.99602
0.01812,0.042725,0.082987,0.087392,-0.010432,0.00076428,0.99612
0.017939,0.042408,0.081809,0.086586,-0.010359,0.00050718,0.99619
0.017769,0.042025,0.080698,0.086012,-0.010388,0.00032745,0.99624
0.017571,0.041659,0.079608,0.085679,-0.010214,0.00012734,0.99627
0.01735,0.041291,0.078467,0.085461,-0.0098992,-5.1307e-05,0.99629
0.017121,0.040912,0.077385,0.085389,-0.0093107,-0.00021919,0.9963
0.016884,0.040554,0.076245,0.085036,-0.0084859,-0.00037479,0.99634
0.016557,0.040182,0.074898,0.084224,-0.0074525,-0.00059964,0.99642
0.016327,0.039852,0.07353,0.082995,-0.0063503,-0.0010688,0.99653
0.016113,0.039544,0.072072,0.081483,-0.0054968,-0.0016275,0.99666
0.015965,0.039261,0.070692,0.080052,-0.0050297,-0.002175,0.99678
0.015826,0.038965,0.069408,0.078943,-0.0051302,-0.0026591,0.99686
0.01571,0.038654,0.068217,0.078181,-0.0055808,-0.0030185,0.99692
0.015453,0.038312,0.067016,0.077604,-0.0059987,-0.0031724,0.99696
0.015111,0.037903,0.065795,0.077077,-0.0060658,-0.0033527,0.997
0.014751,0.037482,0.064622,0.076523,-0.0057802,-0.0034207,0.99705
0.014237,0.037045,0.063384,0.075904,-0.0051889,-0.0033707,0.9971
0.013781,0.036612,0.062208,0.075191,-0.0045207,-0.0033194,0.99715
0.013375,0.036139,0.061075,0.074416,-0.004027,-0.0031663,0.99721
0.012991,0.035715,0.059987,0.073644,-0.0039174,-0.0029018,0.99727
0.012673,0.035358,0.058927,0.072854,-0.0040264,-0.002583,0.99733
0.012376,0.035001,0.057842,0.072031,-0.0041773,-0.0021731,0.99739
0.012095,0.0347,0.056726,0.071294,-0.0043197,-0.0017694,0.99744
0.011826,0.034387,0.055586,0.070574,-0.004537,-0.0012281,0.9975
0.011641,0.034074,0.054406,0.069988,-0.0048803,-0.00082128,0.99754
0.011515,0.033762,0.053234,0.069495,-0.0053005,-0.00041567,0.99757
0.011415,0.033414,0.052042,0.06892,-0.00582,-8.4247e-05,0.99761
0.011384,0.033017,0.050788,0.06806,-0.0062043,8.4919e-05,0.99766
0.011424,0.032599,0.04947,0.066916,-0.0064538,0.00013029,0.99774
0.011437,0.032162,0.04813,0.06585,-0.007089,0.00010973,0.9978
0.011508,0.031755,0.046753,0.064553,-0.0076171,5.8837e-05,0.99789
0.011598,0.031312,0.0454,0.063268,-0.007847,-2.1439e-05,0.99797
0.011757,0.030906,0.044117,0.062077,-0.0081484,-9.4383e-05,0.99804
0.011858,0.030486,0.042872,0.060966,-0.0083558,-0.00014018,0.9981
0.011939,0.030106,0.041702,0.060026,-0.0085461,-0.00019855,0.99816
0.012038,0.029694,0.04054,0.059262,-0.0087085,-0.00017542,0.9982
0.01216,0.029275,0.039487,0.058767,-0.0090271,-0.00025512,0.99823
0.012189,0.028865,0.038437,0.058233,-0.0093926,-0.00032915,0.99826
0.012254,0.028423,0.037394,0.057561,-0.0097334,-0.00048179,0.99829
0.012355,0.028004,0.036399,0.056742,-0.0099638,-0.00071808,0.99834
0.012358,0.027596,0.035316,0.055801,-0.0098551,-0.00095976,0.99839
0.012387,0.027222,0.034308,0.055062,-0.0096021,-0.0012332,0.99844
0.012402,0.026845,0.033323,0.054581,-0.009318,-0.0014785,0.99846
0.012371,0.026524,0.032407,0.054319,-0.0089594,-0.0016096,0.99848
0.01235,0.02617,0.031569,0.05436,-0.008523,-0.001641,0.99848
0.012346,0.025803,0.030716,0.054622,-0.0081027,-0.0016387,0.99847
0.012346,0.025388,0.029888,0.054911,-0.0075551,-0.0016941,0.99846
0.012286,0.024992,0.02902,0.055109,-0.0071116,-0.0019478,0.99845
0.012333,0.024607,0.028101,0.055092,-0.0067431,-0.0022772,0.99846
0.012327,0.024206,0.027064,0.054511,-0.0063872,-0.0026067,0.99849
0.012312,0.023824,0.025965,0.053703,-0.0059243,-0.0029282,0.99854
0.012265,0.023434,0.024824,0.053004,-0.0056189,-0.0031603,0.99857
0.012251,0.023035,0.02367,0.052435,-0.0053489,-0.0034462,0.9986
0.012273,0.022628,0.022544,0.052043,-0.0050508,-0.0036509,0.99863
0.012221,0.022166,0.02143,0.051787,-0.004783,-0.0038239,0.99864
0.012143,0.021711,0.020266,0.051745,-0.004446,-0.0039295,0.99864
0.012066,0.021285,0.019173,0.051854,-0.0042138,-0.0039046,0.99864
0.011987,0.020864,0.018151,0.052152,-0.0040453,-0.0037631,0.99862
0.011932,0.02037,0.017085,0.052329,-0.0036335,-0.0037545,0.99862
0.011898,0.01988,0.016014,0.05224,-0.0031618,-0.0037321,0.99862
0.011926,0.019366,0.014864,0.051694,-0.0026682,-0.0039869,0.99865
0.011903,0.018925,0.013694,0.05098,-0.0022824,-0.0043095,0.99869
0.011933,0.018483,0.012514,0.050243,-0.0021202,-0.0046634,0.99872
0.012008,0.018096,0.011428,0.04963,-0.0022859,-0.0049565,0.99875
0.012076,0.017682,0.010326,0.049238,-0.0024735,-0.0052242,0.99877
0.012116,0.017279,0.009286,0.048984,-0.0025898,-0.0052859,0.99878
0.011918,0.017042,0.0090992,0.048819,-0.0026019,-0.0051877,0.99879
0.011901,0.016635,0.0081309,0.048718,-0.0025411,-0.0047062,0.9988
0.011943,0.016086,0.0062759,0.048526,-0.0024939,-0.0043039,0.99881
0.011845,0.015675,0.0052482,0.047956,-0.0026186,-0.0039514,0.99884
0.011691,0.015269,0.0041382,0.047029,-0.0026971,-0.0036642,0.99888
0.011509,0.01501,0.0037746,0.045884,-0.0028504,-0.0034913,0.99894
0.011399,0.014574,0.0026234,0.044781,-0.0030473,-0.0034045,0.99899
0.011303,0.014125,0.0015433,0.043963,-0.0035657,-0.003402,0.99902
0.011239,0.013727,0.00046502,0.043132,-0.0039134,-0.0033709,0.99906
0.011084,0.013312,-0.00061665,0.042317,-0.0040426,-0.0033942,0.99909
0.011008,0.012909,-0.0016398,0.041546,-0.0042099,-0.0034567,0.99912
0.010928,0.012598,-0.0025623,0.04083,-0.0044164,-0.0034426,0.99915
0.010772,0.012323,-0.0034872,0.040174,-0.004736,-0.0033303,0.99918
0.010694,0.012066,-0.0043392,0.039685,-0.0050495,-0.0033244,0.99919
0.01056,0.011778,-0.0052218,0.039012,-0.0052941,-0.0033496,0.99922
0.010396,0.011462,-0.0061585,0.038244,-0.0054618,-0.0033735,0.99925
0.010298,0.011131,-0.0070889,0.037338,-0.0056046,-0.003476,0.99928
0.010137,0.010809,-0.0080005,0.036471,-0.0057004,-0.0035841,0.99931
0.010012,0.010476,-0.0089242,0.035686,-0.005697,-0.0036181,0.99934
0.0099226,0.010146,-0.0098142,0.035038,-0.0058086,-0.0036926,0.99936
0.0098059,0.0098252,-0.010732,0.034431,-0.0058791,-0.0037809,0.99938
0.0097063,0.0095612,-0.011605,0.033907,-0.0059352,-0.0038674,0.9994
0.0096341,0.0092779,-0.01243,0.033459,-0.0059026,-0.004012,0.99941
0.0095301,0.008979,-0.01323,0.033134,-0.0058144,-0.0041686,0.99943
0.0093855,0.0087154,-0.014096,0.032542,-0.0056718,-0.0043583,0.99944
0.0092658,0.0084438,-0.014985,0.03152,-0.0055662,-0.0045082,0.99948
0.0091972,0.0081568,-0.015852,0.030491,-0.0057591,-0.0045519,0.99951
0.0091127,0.0078951,-0.016728,0.029617,-0.0061534,-0.0045537,0.99953
0.0090928,0.0076306,-0.01759,0.028734,-0.0064622,-0.0045606,0.99956
0.0090475,0.007339,-0.018478,0.027837,-0.0065041,-0.0044114,0.99958
0.0089637,0.007037,-0.019427,0.027021,-0.0065372,-0.0043073,0.9996
0.0089113,0.0067504,-0.020302,0.02633,-0.0065146,-0.004215,0.99962
0.0089161,0.0064445,-0.02122,0.025733,-0.0066651,-0.0042515,0.99964
0.0089313,0.0061411,-0.022133,0.025178,-0.0068592,-0.0043741,0.99965
0.0089438,0.005824,-0.023059,0.024428,-0.0069044,-0.0045797,0.99967
0.0090527,0.0054827,-0.024016,0.0234,-0.0068999,-0.0049426,0.99969
0.0091636,0.0051502,-0.024959,0.022334,-0.0069424,-0.0052998,0.99971
0.0092741,0.0048133,-0.025853,0.021415,-0.0070953,-0.0055733,0.99973
0.0094014,0.0044563,-0.026715,0.020697,-0.0073921,-0.0056783,0.99974
0.0095143,0.0041329,-0.027513,0.020149,-0.0075757,-0.0056685,0.99975
0.0096092,0.0037691,-0.028272,0.019798,-0.0075243,-0.0056483,0.99976
0.0096546,0.0034732,-0.029028,0.019669,-0.0073985,-0.0054753,0.99976
0.0097258,0.0031517,-0.029742,0.019618,-0.0071733,-0.0052668,0.99977
0.0097928,0.0028252,-0.030501,0.019592,-0.0069167,-0.0052818,0.99977
0.0098804,0.0024735,-0.031378,0.019143,-0.0064945,-0.0054909,0.99978
0.009987,0.0021038,-0.032358,0.018268,-0.0059123,-0.0059408,0.9998
0.01009,0.0017079,-0.033404,0.017138,-0.0054462,-0.0064523,0.99982
0.010241,0.0012264,-0.034469,0.016139,-0.0053146,-0.0068726,0.99983
0.010465,0.00079472,-0.035524,0.0152,-0.0053866,-0.0072754,0.99984
0.010684,0.00031874,-0.036545,0.0144,-0.005489,-0.0076465,0.99985
0.010813,-0.0001361,-0.037559,0.013605,-0.0055863,-0.007932,0.99986
0.010944,-0.0006012,-0.038588,0.012934,-0.005628,-0.0082294,0.99987
0.011013,-0.0010472,-0.039532,0.012401,-0.0055985,-0.0083209,0.99987
0.01108,-0.001513,-0.040461,0.012088,-0.0055001,-0.0083063,0.99988
0.011028,-0.0020477,-0.041345,0.011853,-0.0053076,-0.008303,0.99988
0.010935,-0.0026342,-0.042231,0.011455,-0.0048227,-0.0082999,0.99989
0.010775,-0.0031431,-0.043136,0.010843,-0.0043168,-0.0082446,0.9999
0.010615,-0.0035999,-0.043981,0.010197,-0.003943,-0.0082175,0.99991
0.010399,-0.0040004,-0.044744,0.0095884,-0.0038212,-0.008051,0.99991
0.010132,-0.004397,-0.045504,0.0091418,-0.0038903,-0.0077103,0.99992
0.0098345,-0.0047753,-0.046264,0.0087484,-0.0039927,-0.0072846,0.99993
0.0095245,-0.0051903,-0.047011,0.0083936,-0.0040481,-0.0068647,0.99993
0.0092168,-0.0056128,-0.047817,0.0081988,-0.0039103,-0.0063818,0.99994
0.0088921,-0.0059996,-0.048632,0.00813,-0.0037058,-0.0058173,0.99994
0.0085213,-0.0063818,-0.049512,0.0080011,-0.0032978,-0.0052703,0.99995
0.0081364,-0.0067634,-0.050512,0.0075869,-0.002749,-0.0048386,0.99996
0.0078798,-0.0072342,-0.051579,0.0067358,-0.0023381,-0.0045802,0.99996
0.0076032,-0.0076752,-0.052686,0.0056483,-0.0023163,-0.0045476,0.99997
0.0073865,-0.0081556,-0.053783,0.0045716,-0.002764,-0.0043987,0.99998
0.0075115,-0.0097258,-0.054814,0.0035739,-0.0035018,-0.0041498,0.99998
0.0073345,-0.010153,-0.055817,0.0026673,-0.0042315,-0.0038685,0.99998
0.0072121,-0.010526,-0.056596,0.0026673,-0.0042315,-0.0038685,0.99998
0.0069426,-0.011041,-0.057667,0.0015463,-0.0047369,-0.0031867,0.99998
0.0066665,-0.011449,-0.058547,0.0013306,-0.0045237,-0.00288,0.99998
0.0065487,-0.01246,-0.059409,0.0013164,-0.0041553,-0.0025497,0.99999
0.0062813,-0.012866,-0.060218,0.0014312,-0.0037372,-0.0022397,0.99999
0.0060682,-0.013329,-0.061086,0.0014312,-0.0037372,-0.0022397,0.99999
0.0057638,-0.013788,-0.061912,0.0011779,-0.003272,-0.0020722,0.99999
0.0055218,-0.014277,-0.062883,0.00058638,-0.0030278,-0.0020874,0.99999
0.0054529,-0.015278,-0.063779,-5.842e-05,-0.0027502,-0.0021876,0.99999
0.0053071,-0.015749,-0.06474,-0.00078872,-0.0024811,-0.0022815,0.99999
0.0051543,-0.01623,-0.065699,-0.0013773,-0.0023219,-0.0023303,0.99999
0.0050798,-0.016652,-0.066677,-0.0017898,-0.0021516,-0.0024001,0.99999
0.0050458,-0.017075,-0.06761,-0.0020783,-0.0019258,-0.0024818,0.99999
0.0050622,-0.017907,-0.068608,-0.0023106,-0.0018184,-0.0025122,0.99999
0.0050279,-0.018342,-0.069555,-0.0025435,-0.0017165,-0.0025895,0.99999
0.0049918,-0.018857,-0.070531,-0.0029979,-0.0016834,-0.0027728,0.99999
0.0049083,-0.019397,-0.071494,-0.0036405,-0.0014963,-0.0029534,0.99999
0.0047949,-0.019926,-0.072409,-0.0043834,-0.0012374,-0.0032184,0.99998
0.0047024,-0.020472,-0.073264,-0.0051611,-0.00093543,-0.0033585,0.99998
0.004589,-0.02094,-0.073938,-0.0051611,-0.00093543,-0.0033585,0.99998
0.0044342,-0.021336,-0.07466,-0.0058439,-0.00069919,-0.0034061,0.99998
0.004238,-0.021725,-0.075365,-0.0064567,-0.00067304,-0.0034056,0.99997
0.0040834,-0.022098,-0.076004,-0.0068837,-0.00071022,-0.0033272,0.99997
0.0038466,-0.022441,-0.076578,-0.0070783,-0.00085485,-0.0032183,0.99997
0.0035677,-0.022721,-0.077115,-0.0070801,-0.00075865,-0.0030909,0.99997
0.0033519,-0.022984,-0.077539,-0.0069433,-0.00039945,-0.0031236,0.99997
0.0030975,-0.023187,-0.077933,-0.006815,4.524e-05,-0.0031614,0.99997
0.0028939,-0.023414,-0.078274,-0.0069554,0.0004598,-0.0033044,0.99997
0.0028208,-0.024185,-0.078646,-0.0072667,0.00085723,-0.0034347,0.99997
0.002648,-0.024339,-0.078985,-0.0077727,0.00111,-0.0034563,0.99996
0.0024026,-0.024473,-0.079332,-0.0082149,0.0011476,-0.0035153,0.99996
0.0022358,-0.024636,-0.079679,-0.0085479,0.0010335,-0.0034382,0.99996
0.0020531,-0.024724,-0.079974,-0.0086737,0.0010741,-0.0032988,0.99996
0.0020205,-0.025534,-0.080183,-0.0084901,0.0011014,-0.0031403,0.99996
0.0019013,-0.025631,-0.080359,-0.0080055,0.0012007,-0.0029678,0.99996
0.0016786,-0.025681,-0.080503,-0.0073646,0.0014033,-0.0028515,0.99997
0.0014945,-0.025754,-0.080632,-0.0068095,0.0015917,-0.0027759,0.99997
0.0014169,-0.025823,-0.08076,-0.0066019,0.0017521,-0.0026667,0.99997
0.0012712,-0.025918,-0.081028,-0.0067258,0.0016965,-0.0026548,0.99997
0.0012699,-0.0265,-0.081334,-0.007104,0.0015246,-0.0027044,0.99997
0.0012021,-0.026595,-0.081672,-0.0075677,0.0013442,-0.0027477,0.99997
0.0011685,-0.026723,-0.082023,-0.0079373,0.0010868,-0.0027924,0.99996
0.0011738,-0.026837,-0.08237,-0.008183,0.00088503,-0.0028489,0.99996
0.0011646,-0.026907,-0.082652,-0.0082297,0.0009292,-0.0028014,0.99996
0.0011805,-0.027066,-0.082933,-0.0082998,0.0011393,-0.0028494,0.99996
0.0011515,-0.027132,-0.083149,-0.008225,0.001324,-0.0027802,0.99996
0.0011214,-0.02718,-0.083369,-0.0080947,0.0013846,-0.0027066,0.99996
0.001036,-0.027262,-0.08356,-0.008129,0.0014332,-0.0025349,0.99996
0.0010026,-0.027345,-0.083762,-0.0083724,0.0014232,-0.002298,0.99996
0.0010737,-0.027975,-0.083987,-0.0086738,0.0010519,-0.0021672,0.99996
0.0010844,-0.028029,-0.08414,-0.008826,0.00047408,-0.0020802,0.99996
0.0010622,-0.028105,-0.084351,-0.0091036,0.00023599,-0.0019986,0.99996
0.0010498,-0.028129,-0.084506,-0.009313,0.00017181,-0.0019803,0.99995
0.0010518,-0.02812,-0.084574,-0.0094537,0.0002929,-0.0019315,0.99995
0.0010122,-0.028141,-0.084613,-0.0094537,0.0002929,-0.0019315,0.99995
0.0010576,-0.028116,-0.084594,-0.009313,0.00017181,-0.0019803,0.99995
0.0010892,-0.028056,-0.084443,-0.0089225,-0.00022209,-0.0019418,0.99996
0.001171,-0.02796,-0.084305,-0.0087563,-0.00059971,-0.0019755,0.99996
0.0012091,-0.027832,-0.084146,-0.0086047,-0.00089123,-0.0020529,0.99996
0.0013483,-0.027893,-0.083922,-0.0084387,-0.0012745,-0.0021336,0.99996
0.001438,-0.027705,-0.083696,-0.0082895,-0.001481,-0.0021774,0.99996
0.0014703,-0.027473,-0.083416,-0.0081186,-0.0014639,-0.00219,0.99996
0.0015054,-0.027255,-0.083141,-0.0078477,-0.0015243,-0.0021653,0.99997
0.0016121,-0.027005,-0.082754,-0.0073884,-0.001733,-0.0020961,0.99997
0.0018204,-0.027365,-0.082399,-0.0068591,-0.0021518,-0.0019789,0.99997
0.0019166,-0.027133,-0.082072,-0.0063279,-0.0026668,-0.0019892,0.99997
0.002044,-0.026873,-0.081687,-0.0059997,-0.0029473,-0.0020876,0.99998
0.0020842,-0.026607,-0.081351,-0.0058328,-0.0030259,-0.0022662,0.99998
0.0021714,-0.026339,-0.080965,-0.0057515,-0.003113,-0.0024385,0.99998
0.0022403,-0.026,-0.080539,-0.0056087,-0.0033246,-0.0025679,0.99998
0.0022699,-0.02569,-0.080109,-0.0054062,-0.0035646,-0.0025268,0.99998
0.0023378,-0.025394,-0.079634,-0.0052122,-0.003719,-0.0024907,0.99998
0.0022808,-0.02513,-0.079213,-0.0048876,-0.0038072,-0.0023341,0.99998
0.0022897,-0.024831,-0.078727,-0.0045094,-0.0036354,-0.0022845,0.99998
0.0022967,-0.024545,-0.078197,-0.004018,-0.0032318,-0.0021714,0.99998
0.0023246,-0.024207,-0.07762,-0.0035007,-0.0027913,-0.0022349,0.99999
0.002293,-0.023858,-0.077059,-0.0028517,-0.0026798,-0.0021606,0.99999
0.0022862,-0.023545,-0.07645,-0.0022298,-0.0027859,-0.0021091,0.99999
0.0023047,-0.02324,-0.075909,-0.001671,-0.0030777,-0.0020495,0.99999
0.0023555,-0.023043,-0.075414,-0.0013871,-0.0034048,-0.0021808,0.99999
0.0024209,-0.022795,-0.074936,-0.0013125,-0.0035025,-0.0024856,0.99999
0.0024879,-0.022506,-0.074539,-0.0014087,-0.0033239,-0.0029696,0.99999
0.0025512,-0.022241,-0.07411,-0.0015535,-0.0027171,-0.0035174,0.99999
0.002595,-0.021931,-0.073591,-0.0014135,-0.001856,-0.0039674,0.99999
0.0026834,-0.021739,-0.072952,-0.00092875,-0.0011696,-0.0041784,0.99999
0.00275,-0.02145,-0.072245,-8.4513e-05,-0.00090787,-0.004166,0.99999
0.0026995,-0.021108,-0.071535,0.00077443,-0.0010201,-0.0038712,0.99999
0.0026934,-0.020767,-0.070886,0.0013989,-0.0013352,-0.0035556,0.99999
0.0026589,-0.020434,-0.070337,0.0017642,-0.0017604,-0.0032934,0.99999
0.0026337,-0.020054,-0.069819,0.0019516,-0.0022134,-0.003151,0.99999
0.0026723,-0.019701,-0.069408,0.0019066,-0.002559,-0.0030391,0.99999
0.0027056,-0.019263,-0.068987,0.001661,-0.0027608,-0.0030957,0.99999
0.0027283,-0.018882,-0.068605,0.001311,-0.0027039,-0.0030286,0.99999
0.0028614,-0.018591,-0.068208,0.0011634,-0.002887,-0.0029204,0.99999
0.0030242,-0.018284,-0.067736,0.0015366,-0.0034034,-0.0027,0.99999
0.0032091,-0.018052,-0.067213,0.0022127,-0.0039381,-0.0025462,0.99999
0.0034043,-0.017812,-0.066666,0.0027664,-0.0042238,-0.0024783,0.99998
0.0035591,-0.017575,-0.066171,0.0031634,-0.0043192,-0.002546,0.99998
0.0037136,-0.017272,-0.065628,0.0035134,-0.004376,-0.0026131,0.99998
0.0039158,-0.016913,-0.065073,0.0037801,-0.004532,-0.0027544,0.99998
0.0040858,-0.016606,-0.064572,0.0039252,-0.0048343,-0.0029643,0.99998
0.0043095,-0.016282,-0.064071,0.0039143,-0.0049405,-0.0032628,0.99997
0.0046006,-0.015945,-0.063568,0.003759,-0.0050216,-0.0036785,0.99997
0.0048484,-0.015642,-0.063089,0.003577,-0.005145,-0.0039644,0.99997
0.0051269,-0.015469,-0.062525,0.0038516,-0.005392,-0.0041475,0.99997
0.0053049,-0.01519,-0.061886,0.0044517,-0.0057217,-0.0041272,0.99997
0.0054777,-0.014891,-0.061249,0.0052613,-0.0059874,-0.0041252,0.99996
0.0056559,-0.014602,-0.060585,0.0058294,-0.0060656,-0.0042055,0.99996
0.0057987,-0.01433,-0.059962,0.00621,-0.0059844,-0.0042364,0.99995
0.0060385,-0.014286,-0.059347,0.0063332,-0.0059343,-0.0042953,0.99995
0.0062222,-0.01396,-0.058637,0.0062885,-0.0059864,-0.0043751,0.99995
0.0063633,-0.013621,-0.057985,0.0060389,-0.006284,-0.0045978,0.99995
0.0065422,-0.013228,-0.057277,0.0058754,-0.006968,-0.0048092,0.99995
0.0067742,-0.012846,-0.056527,0.0059692,-0.0079144,-0.0048008,0.99994
0.006973,-0.012457,-0.055768,0.0061687,-0.008933,-0.0046695,0.99993
0.0071691,-0.012015,-0.054997,0.0066225,-0.0098353,-0.0044765,0.99992
0.0073002,-0.011627,-0.054186,0.0072061,-0.010282,-0.0042276,0.99991
0.0074493,-0.011197,-0.053361,0.0078869,-0.010422,-0.0040525,0.99991
0.0075966,-0.010795,-0.052489,0.0083593,-0.010327,-0.0040042,0.9999
0.0079499,-0.01107,-0.051622,0.0086929,-0.010208,-0.0040344,0.9999
0.008081,-0.010615,-0.050729,0.0088726,-0.010276,-0.004042,0.9999
0.0081873,-0.010092,-0.04984,0.0090412,-0.010744,-0.0041562,0.99989
0.0083541,-0.0095736,-0.04888,0.0091332,-0.011408,-0.0044334,0.99988
0.0085852,-0.0090715,-0.047891,0.0092359,-0.012146,-0.0046118,0.99987
0.0087346,-0.0085193,-0.046865,0.0095581,-0.01272,-0.0045569,0.99986
0.0088911,-0.0080284,-0.045764,0.010297,-0.013075,-0.0044579,0.99985
0.0090308,-0.007455,-0.044567,0.011375,-0.01331,-0.0043506,0.99984
0.0090984,-0.00691,-0.043329,0.012679,-0.013257,-0.004269,0.99982
0.0092109,-0.0062983,-0.042105,0.013793,-0.013061,-0.0042786,0.99981
0.0093429,-0.0058654,-0.04084,0.014708,-0.012711,-0.004363,0.9998
0.0093996,-0.0052689,-0.03965,0.015398,-0.012349,-0.0045665,0.99979
0.0095067,-0.0046406,-0.038388,0.01606,-0.012211,-0.0048399,0.99978
0.009612,-0.004066,-0.037135,0.016724,-0.012462,-0.0050489,0.99977
0.0097175,-0.0034452,-0.035885,0.017367,-0.012926,-0.0051953,0.99975
0.0098783,-0.0031078,-0.034676,0.018008,-0.013299,-0.0052611,0.99974
0.0099634,-0.0024991,-0.033442,0.018862,-0.013513,-0.0051792,0.99972
0.010016,-0.0018754,-0.032202,0.020015,-0.013558,-0.0049557,0.9997
0.010043,-0.0013071,-0.030961,0.02127,-0.013376,-0.0047929,0.99967
0.010038,-0.00069896,-0.029751,0.022374,-0.012998,-0.0046801,0.99965
0.010075,-0.00011386,-0.028536,0.023254,-0.012599,-0.0045927,0.99964
0.010097,0.00044856,-0.027346,0.023882,-0.01231,-0.0045201,0.99963
0.010138,0.0010479,-0.026181,0.024456,-0.012383,-0.0045148,0.99961
0.010178,0.001643,-0.025045,0.02488,-0.01273,-0.0045205,0.9996
0.010248,0.0021894,-0.023966,0.025372,-0.013291,-0.004525,0.99958
0.01055,0.0020373,-0.02286,0.025897,-0.013806,-0.0045739,0.99956
0.010677,0.0025807,-0.021753,0.026728,-0.014147,-0.0043956,0.99953
0.010693,0.0031081,-0.020679,0.027711,-0.014203,-0.0041127,0.99951
0.010787,0.0036445,-0.019611,0.028709,-0.014047,-0.0039309,0.99948
0.010954,0.0041915,-0.01851,0.029598,-0.013733,-0.0038385,0.99946
0.011268,0.003981,-0.017473,0.030354,-0.013389,-0.0037392,0.99944
0.011353,0.0044924,-0.016385,0.031042,-0.013225,-0.0036235,0.99942
0.011445,0.0049905,-0.015334,0.031865,-0.013475,-0.0034034,0.9994
0.011528,0.0055003,-0.014304,0.032503,-0.014051,-0.0031968,0.99937
0.011624,0.0059573,-0.013351,0.033103,-0.014674,-0.0029846,0.99934
0.011786,0.0063338,-0.012424,0.033542,-0.015101,-0.0028997,0.99932
0.011937,0.0067939,-0.011489,0.034092,-0.015302,-0.0027982,0.9993
0.012063,0.0072617,-0.010572,0.03475,-0.01527,-0.0026718,0.99928
0.012208,0.0076932,-0.0096707,0.035472,-0.015059,-0.0026004,0.99925
0.012344,0.0081148,-0.008728,0.036188,-0.014767,-0.0025423,0.99923
0.012429,0.0086624,-0.0078345,0.036926,-0.014732,-0.0025077,0.99921
0.012559,0.0090535,-0.0069117,0.037698,-0.015039,-0.002453,0.99917
0.012655,0.0094131,-0.0059865,0.038463,-0.015651,-0.0023389,0.99913
0.012754,0.0097323,-0.0051184,0.03918,-0.016223,-0.0022242,0.9991
0.012818,0.010069,-0.0042941,0.039841,-0.016671,-0.0021138,0.99906
0.013055,0.0098976,-0.0035825,0.040372,-0.016696,-0.002014,0.99904
0.013075,0.010264,-0.002869,0.04088,-0.016463,-0.0018908,0.99903
0.01313,0.010594,-0.0021668,0.041408,-0.016012,-0.0017833,0.99901
0.01317,0.010953,-0.0014789,0.041886,-0.015522,-0.0017137,0.999
0.013238,0.011287,-0.0007431,0.042536,-0.015405,-0.0015923,0.99897
0.013265,0.011534,-0.00010184,0.043226,-0.015721,-0.0014927,0.99894
0.013341,0.011755,0.00049886,0.04376,-0.016225,-0.001409,0.99891
0.013316,0.011914,0.00092463,0.04397,-0.01655,-0.0013629,0.99889
0.013287,0.012057,0.0012878,0.044029,-0.016765,-0.0014389,0.99889
0.013417,0.012142,0.0015857,0.044023,-0.01677,-0.0015245,0.99889
0.013438,0.012416,0.001852,0.043952,-0.016566,-0.0016195,0.99889
0.013516,0.012514,0.0021141,0.043947,-0.016091,-0.0016503,0.9989
0.013541,0.012693,0.0024183,0.044179,-0.015803,-0.0016373,0.9989
0.013632,0.012846,0.0027826,0.044613,-0.015755,-0.0015832,0.99888
0.013677,0.012969,0.0031219,0.045085,-0.01605,-0.0014704,0.99885
0.01362,0.013198,0.003444,0.045347,-0.016403,-0.001331,0.99884
0.013622,0.013296,0.0036359,0.045253,-0.016715,-0.0012653,0.99883
0.013626,0.013385,0.0037892,0.045061,-0.016951,-0.001237,0.99884
0.013691,0.013507,0.0039099,0.044831,-0.017233,-0.001203,0.99885
0.013756,0.013606,0.003989,0.04445,-0.017314,-0.0011722,0.99886
0.013795,0.013729,0.0040982,0.04409,-0.017177,-0.0011572,0.99888
0.013856,0.013824,0.0042466,0.043946,-0.016971,-0.0010748,0.99889
0.013946,0.0139,0.0045501,0.044444,-0.017426,-0.00081944,0.99886
0.014015,0.013977,0.0048124,0.044974,-0.01784,-0.00065523,0.99883
0.014064,0.014031,0.0050874,0.04542,-0.018261,-0.00048473,0.9988
0.014003,0.01409,0.0052855,0.045629,-0.018491,-0.00031113,0.99879
0.014033,0.014166,0.0055025,0.045641,-0.018576,-0.0002676,0.99879
0.013964,0.014239,0.0056196,0.045301,-0.018605,-0.00019543,0.9988
0.014023,0.014351,0.0058158,0.044968,-0.018725,-0.00016525,0.99881
0.014061,0.014463,0.0059989,0.044634,-0.018845,-0.00013506,0.99883
0.014013,0.01466,0.0062523,0.044687,-0.018782,7.7335e-05,0.99882
0.014037,0.014762,0.0064968,0.044999,-0.018694,0.00030935,0.99881
0.014022,0.014826,0.0067386,0.045527,-0.018627,0.00048971,0.99879
0.014007,0.014894,0.0069291,0.045996,-0.018442,0.00061859,0.99877
0.014096,0.014947,0.0070981,0.046312,-0.018151,0.0005783,0.99876
0.014144,0.014968,0.0071635,0.046427,-0.018009,0.0005613,0.99876
0.014193,0.014999,0.0071636,0.046298,-0.01807,0.00048775,0.99876
0.014258,0.015031,0.0071161,0.045961,-0.018286,0.00035197,0.99878
0.014335,0.015039,0.0070674,0.045545,-0.018505,0.00030798,0.99879
0.014355,0.015084,0.0070276,0.045215,-0.018625,0.00037662,0.9988
0.014402,0.015055,0.0070115,0.045217,-0.01862,0.00042367,0.9988
0.014379,0.015088,0.0070306,0.045389,-0.018512,0.00053001,0.9988
0.014423,0.015124,0.0071123,0.045633,-0.018305,0.00059518,0.99879
0.014449,0.015117,0.0071612,0.045852,-0.018235,0.00070089,0.99878
0.01447,0.015104,0.0071945,0.046085,-0.018337,0.00077826,0.99877
0.014588,0.014826,0.0072185,0.046152,-0.018542,0.00083482,0.99876
0.014603,0.014796,0.0071677,0.045993,-0.018644,0.00089087,0.99877
0.014597,0.014746,0.0070686,0.04573,-0.018675,0.00082422,0.99878
0.014591,0.014732,0.0070085,0.04547,-0.018701,0.00080464,0.99879
0.014622,0.014725,0.00694,0.045329,-0.018585,0.00080649,0.9988
0.01459,0.014806,0.0069296,0.045281,-0.018547,0.0008071,0.9988
0.014575,0.014808,0.0069642,0.045459,-0.018525,0.00088004,0.99879
0.014564,0.014809,0.0070134,0.04583,-0.018651,0.001036,0.99877
0.014541,0.014823,0.0071184,0.046219,-0.018949,0.0012021,0.99875
0.014519,0.014814,0.0071147,0.046325,-0.019015,0.0013719,0.99874
0.014464,0.014796,0.0070112,0.04624,-0.019024,0.0013782,0.99875
0.014431,0.014827,0.0069537,0.04593,-0.019016,0.0013121,0.99876
0.014353,0.014826,0.006788,0.04562,-0.019009,0.0012461,0.99878
0.01431,0.014818,0.0066993,0.045414,-0.019164,0.0011839,0.99878
0.014263,0.014862,0.0066281,0.045189,-0.019147,0.0011115,0.99879
0.014234,0.01489,0.0065726,0.045093,-0.019075,0.0010657,0.9988
0.01418,0.014928,0.0065135,0.045033,-0.018951,0.0010228,0.99881
0.014142,0.014917,0.0065201,0.045072,-0.018904,0.0010172,0.9988
0.014111,0.014933,0.0065177,0.045234,-0.018802,0.00099955,0.9988
0.0141,0.014937,0.0065515,0.045388,-0.018613,0.00097688,0.9988
0.014112,0.01498,0.0066027,0.045595,-0.018554,0.00091157,0.99879
0.014097,0.015,0.0066438,0.045783,-0.018613,0.0010366,0.99878
0.014087,0.015081,0.0067681,0.046028,-0.0188,0.0011575,0.99876
0.014068,0.015156,0.0068894,0.046195,-0.019076,0.0012983,0.99875
0.014021,0.015232,0.0069938,0.046375,-0.019438,0.0014826,0.99873
0.014,0.015397,0.0070791,0.046308,-0.019527,0.0016179,0.99874
0.014022,0.015446,0.0071387,0.046224,-0.01953,0.0016713,0.99874
0.014059,0.015504,0.0071586,0.046139,-0.019539,0.0016775,0.99874
0.014119,0.015569,0.0072371,0.046139,-0.019539,0.0016775,0.99874
0.014265,0.015538,0.0073227,0.046225,-0.019626,0.0015437,0.99874
0.014416,0.015542,0.0074341,0.046461,-0.019915,0.0014131,0.99872
0.014518,0.015575,0.00754,0.046685,-0.020118,0.001239,0.99871
0.014664,0.015629,0.007679,0.046853,-0.020197,0.0010605,0.9987
0.014755,0.015662,0.0077975,0.046853,-0.020197,0.0010605,0.9987
0.01491,0.015735,0.0079355,0.047032,-0.020072,0.00068658,0.99869
0.015146,0.015424,0.00809,0.047159,-0.020107,0.00059418,0.99868
0.015253,0.015539,0.0082486,0.047277,-0.020057,0.00049672,0.99868
0.015317,0.01565,0.008352,0.047395,-0.020007,0.00039926,0.99868
0.01541,0.015775,0.0084699,0.047474,-0.020003,0.00030747,0.99867
0.01549,0.015832,0.0085475,0.047601,-0.020039,0.00021506,0.99867
0.015582,0.015906,0.0087032,0.047817,-0.020065,0.00015482,0.99865
0.015676,0.015936,0.0088487,0.04813,-0.020163,0.0001404,0.99864
0.015778,0.015941,0.0089906,0.04813,-0.020163,0.0001404,0.99864
0.015808,0.015973,0.0091475,0.048393,-0.020228,7.9552e-05,0.99862
0.015879,0.016031,0.0093451,0.048723,-0.020498,7.5224e-05,0.9986
0.015841,0.016117,0.0094543,0.048723,-0.020498,7.5224e-05,0.9986
0.015866,0.016218,0.009565,0.048779,-0.020622,7.9654e-05,0.9986
0.01582,0.016304,0.0096914,0.048867,-0.020609,0.00012041,0.99859
0.015813,0.016407,0.0098287,0.049035,-0.020501,0.00018831,0.99859
0.015761,0.016528,0.0099395,0.049227,-0.020265,0.00015998,0.99858
0.015745,0.01665,0.010072,0.049428,-0.020116,0.00013669,0.99858
0.015815,0.016757,0.010236,0.049629,-0.019966,0.00011341,0.99857
0.015811,0.016826,0.010417,0.050009,-0.019885,8.2602e-05,0.99855
0.01586,0.016942,0.010648,0.050358,-0.019941,1.5471e-05,0.99853
0.015887,0.017061,0.010849,0.05062,-0.020001,-3.6807e-05,0.99852
0.015895,0.017168,0.011018,0.050853,-0.020199,-8.6938e-05,0.9985
0.015908,0.01728,0.011133,0.051036,-0.020358,-0.00017493,0.99849
0.015957,0.01738,0.011211,0.051169,-0.020388,-0.00018183,0.99848
0.015986,0.017462,0.011296,0.051169,-0.020388,-0.00018183,0.99848
0.016023,0.017542,0.011347,0.051207,-0.020341,-0.0001875,0.99848
0.016008,0.017578,0.011359,0.051249,-0.020293,-0.00015468,0.99848
0.015984,0.01764,0.011384,0.051328,-0.020194,-0.00011898,0.99848
0.015956,0.017661,0.011395,0.051452,-0.020139,-0.00013093,0.99847
0.015973,0.017688,0.011362,0.051593,-0.020254,-0.00013279,0.99846
0.015957,0.017697,0.011363,0.051732,-0.020375,-0.00018168,0.99845
0.016012,0.017711,0.011406,0.051688,-0.020427,-0.00026152,0.99845
0.015998,0.017723,0.011369,0.051729,-0.020471,-0.00034766,0.99845
0.015958,0.017726,0.011327,0.051644,-0.020479,-0.00034137,0.99846
0.015926,0.017785,0.011308,0.051674,-0.020347,-0.00035209,0.99846
0.015883,0.017818,0.011324,0.051603,-0.020046,-0.00031958,0.99847
0.015794,0.017787,0.011305,0.051626,-0.019732,-0.00016936,0.99847
0.015708,0.01778,0.01132,0.051741,-0.019495,-5.8854e-05,0.99847
0.015568,0.017801,0.011303,0.051877,-0.019429,0.00010022,0.99846
0.015405,0.017829,0.01124,0.051885,-0.019419,0.00023278,0.99846
0.015182,0.017823,0.011202,0.051817,-0.019508,0.00036807,0.99847
0.014969,0.017824,0.011069,0.051578,-0.019609,0.00052454,0.99848
0.014738,0.017839,0.011009,0.051333,-0.019624,0.0007144,0.99849
0.014569,0.017817,0.010958,0.051176,-0.019626,0.00094505,0.9985
0.014389,0.017866,0.010922,0.051066,-0.019666,0.0011751,0.9985
0.014183,0.017856,0.01091,0.051129,-0.019694,0.0013839,0.9985
0.014024,0.0179,0.010951,0.051349,-0.019615,0.0015453,0.99849
0.013948,0.017917,0.010957,0.051508,-0.019421,0.0016082,0.99848
0.013861,0.017893,0.010903,0.051491,-0.01925,0.001598,0.99849
0.013759,0.01788,0.010818,0.051473,-0.019079,0.0015879,0.99849
0.013665,0.017851,0.010763,0.051568,-0.019156,0.0015867,0.99848
0.013565,0.017887,0.010715,0.051538,-0.019288,0.0015974,0.99848
0.013453,0.017905,0.010652,0.051452,-0.019297,0.0016037,0.99849
0.01339,0.017921,0.010634,0.051273,-0.019228,0.0016112,0.9985
0.013291,0.017951,0.01059,0.051169,-0.019066,0.0016074,0.99851
0.013199,0.017996,0.010555,0.051122,-0.019027,0.001608,0.99851
0.013179,0.018037,0.010541,0.051084,-0.019074,0.0016137,0.99851
0.013181,0.018083,0.010545,0.051225,-0.01919,0.0016118,0.9985
0.013159,0.018151,0.010561,0.051311,-0.019181,0.0016056,0.9985
0.013203,0.018188,0.010657,0.051482,-0.019164,0.001593,0.99849
0.013184,0.018182,0.010677,0.051653,-0.019147,0.0015804,0.99848
0.013162,0.018239,0.010764,0.051927,-0.019293,0.0015717,0.99846
0.013175,0.018304,0.010882,0.052149,-0.019405,0.0014781,0.99845
0.013178,0.018323,0.010937,0.052172,-0.019277,0.0013818,0.99845
0.013145,0.01835,0.010925,0.052008,-0.018996,0.0012881,0.99847
0.013136,0.018382,0.010911,0.05189,-0.018753,0.0011937,0.99848
0.013143,0.018398,0.010954,0.051872,-0.018582,0.0011836,0.99848
0.013126,0.018458,0.010995,0.051958,-0.018573,0.0011773,0.99848
0.013093,0.018473,0.011021,0.052135,-0.018551,0.0012502,0.99847
0.013034,0.018521,0.011037,0.052312,-0.018529,0.0013232,0.99846
0.012959,0.01853,0.01105,0.052574,-0.018498,0.0013898,0.99844
0.012893,0.018574,0.011094,0.052878,-0.018415,0.0014979,0.99843
0.012794,0.018579,0.011172,0.05317,-0.018251,0.0015538,0.99842
0.012716,0.018555,0.011161,0.053282,-0.018019,0.0016173,0.99842
0.012581,0.018568,0.011106,0.053087,-0.017775,0.0016618,0.99843
0.012508,0.018551,0.011021,0.052783,-0.017762,0.0016812,0.99845
0.012411,0.018513,0.010955,0.052597,-0.017992,0.0017951,0.99845
0.01229,0.018511,0.010869,0.052517,-0.018384,0.0019511,0.99845
0.012139,0.018513,0.010731,0.052411,-0.018515,0.0021007,0.99845
0.011978,0.018482,0.010577,0.052281,-0.018389,0.0022736,0.99846
0.011808,0.018486,0.010499,0.052354,-0.018109,0.0024702,0.99846
0.011664,0.018462,0.010411,0.05246,-0.017786,0.0025757,0.99846
0.011595,0.01842,0.010394,0.052602,-0.017421,0.0026284,0.99846
0.011545,0.018405,0.010383,0.052614,-0.017118,0.0026075,0.99846
0.01148,0.018381,0.010312,0.052614,-0.017118,0.0026075,0.99846
0.01136,0.018406,0.010343,0.052708,-0.017195,0.0026063,0.99846
0.011314,0.018454,0.010323,0.05264,-0.017374,0.0026227,0.99846
0.011232,0.018478,0.010219,0.052513,-0.01743,0.0025963,0.99846
0.011171,0.018491,0.010122,0.052339,-0.017452,0.0025618,0.99847
0.011058,0.018528,0.010051,0.05216,-0.017384,0.0025693,0.99848
0.010988,0.018515,0.0099357,0.052027,-0.017354,0.0025762,0.99849
0.010927,0.018532,0.0098458,0.05198,-0.017315,0.0025768,0.99849
0.010912,0.018536,0.0098641,0.052027,-0.017354,0.0025762,0.99849
0.010912,0.018461,0.0098249,0.052127,-0.017426,0.0026604,0.99848
0.010858,0.018405,0.0098193,0.052268,-0.017446,0.0027862,0.99848
0.010811,0.018387,0.0098518,0.052445,-0.017423,0.0028591,0.99847
0.010731,0.018387,0.0098921,0.052613,-0.017315,0.0029269,0.99846
0.010645,0.018386,0.0099189,0.052554,-0.0171,0.0030029,0.99847
0.010599,0.018373,0.0098596,0.052354,-0.016861,0.002962,0.99848
0.01057,0.018363,0.0098217,0.052167,-0.016702,0.0030116,0.99849
0.010527,0.018334,0.0097667,0.051902,-0.016642,0.0030253,0.99851
0.010541,0.018334,0.0097575,0.051837,-0.016822,0.0030801,0.99851
0.010614,0.01833,0.0097375,0.051825,-0.017125,0.0031009,0.9985
0.010699,0.018284,0.0097267,0.051852,-0.017382,0.0031161,0.9985
0.01076,0.018252,0.0097145,0.051852,-0.017382,0.0031161,0.9985
0.010771,0.018213,0.009692,0.05192,-0.017202,0.0030997,0.9985
0.010756,0.018221,0.0096671,0.051979,-0.016937,0.0030782,0.9985
0.010745,0.01822,0.0097159,0.052073,-0.016625,0.0030128,0.9985
0.010745,0.018235,0.0097236,0.052064,-0.016539,0.0030077,0.9985
0.010786,0.018237,0.0098016,0.0521,-0.016497,0.0029549,0.9985
0.010812,0.018291,0.0098609,0.052103,-0.016588,0.0028745,0.9985
0.010816,0.018326,0.0098607,0.052153,-0.016717,0.0027934,0.9985
0.010883,0.018348,0.0098633,0.052198,-0.016761,0.0027457,0.99849
0.010938,0.01835,0.0097902,0.0521,-0.016684,0.0027086,0.9985
0.011028,0.018364,0.0097847,0.0521,-0.016684,0.0027086,0.9985
0.011082,0.018392,0.009841,0.052251,-0.016885,0.0027118,0.99849
0.011196,0.018405,0.0098664,0.052369,-0.017224,0.0026786,0.99848
0.011282,0.018415,0.0098986,0.052566,-0.017464,0.0026812,0.99846
0.011283,0.018421,0.0099486,0.052666,-0.017535,0.0027655,0.99845
0.011302,0.018407,0.0099998,0.052832,-0.017432,0.0027862,0.99845
0.011303,0.018401,0.010014,0.052905,-0.017339,0.0027365,0.99845
0.011329,0.018384,0.010031,0.052897,-0.017253,0.0027314,0.99845
0.011327,0.018403,0.010037,0.052888,-0.017167,0.0027264,0.99845
0.01133,0.018419,0.010049,0.052935,-0.017206,0.0027258,0.99845
0.011367,0.018446,0.010075,0.052944,-0.017291,0.0027308,0.99844
NaN,NaN,NaN,NaN,NaN,NaN,NaN
