0,0,0,-3.9252e-17,0,3.9252e-17,1
0.00062044,0.0001114,2.9169e-05,5.964e-05,0.00026582,-8.7111e-05,1
0.00074177,0.00012551,9.1033e-05,0.00021189,0.00045257,-0.00018162,1
0.00082524,0.00014265,0.00019637,0.00050306,0.00052074,-0.00028723,1
0.00086992,0.00016333,0.00029775,0.00080102,0.00050307,-0.00039437,1
0.00096888,0.00016813,0.00040869,0.00087726,0.0005092,-0.00053236,1
0.00097091,0.00027591,0.00047144,0.00082204,0.00063828,-0.00056668,1
0.00098239,0.00027868,0.00050155,0.00076895,0.00076364,-0.00056144,1
0.0010294,0.000293,0.0004992,0.00063094,0.00079793,-0.00063772,1
0.0010285,0.00028362,0.00044585,0.00055097,0.00078962,-0.00054601,1
0.00095911,0.00033284,0.00038326,0.000471,0.00078131,-0.0004543,1
0.00098943,0.00032763,0.00034197,0.0003515,0.00072669,-0.00036043,1
0.00099134,0.00029614,0.00027341,0.00037092,0.00055349,-0.00027766,1
0.001014,0.0002896,0.00027011,0.00041443,0.00042748,-0.00041502,1
0.0010065,0.0002936,0.00018324,0.00038168,0.00029534,-0.00041439,1
0.0010475,0.00024939,0.00014815,0.00026309,0.00015643,-0.00040789,1
0.001051,0.0003371,8.9654e-05,0.00015128,-6.8328e-05,-0.00040292,1
0.001049,0.0003053,-2.521e-05,-5.7753e-05,-0.00013188,-0.00034948,1
0.00097346,0.00027181,-0.00012884,-0.00025939,-0.00019111,-0.00020344,1
0.00095764,0.00024847,-0.00026276,-0.00052368,-0.0001256,-0.00018431,1
0.00086754,0.00021811,-0.00035894,-0.00078887,2.4211e-05,-7.7804e-05,1
0.0006785,0.00021636,-0.00048416,-0.00092778,0.0001428,-6.6706e-05,1
0.00062646,0.00018698,-0.00064323,-0.0010599,0.00017555,-5.7139e-05,1
0.00061091,0.00010309,-0.00072651,-0.0011062,0.00021508,-5.344e-05,1
0.00056949,5.083e-05,-0.00086569,-0.0011525,0.00025461,-4.9741e-05,1
0.00058679,1.0325e-05,-0.00094091,-0.0010667,0.00026139,-5.5608e-05,1
0.00060517,-5.0304e-05,-0.00095317,-0.00097409,0.00018233,-6.3007e-05,1
0.00064853,-8.0519e-05,-0.00092997,-0.00084195,0.00014958,-7.2573e-05,1
0.00065426,-7.4134e-05,-0.00095077,-0.00085369,0.00015264,-0.00024425,1
0.00065433,-9.3442e-05,-0.00096437,-0.00089323,0.00010633,-0.00024208,1
0.00065433,-9.3442e-05,-0.00096437,-0.00089323,0.00010633,-0.00024208,1
0.00072053,-4.1681e-05,-0.00090715,-0.00088424,1.6797e-05,-0.00020407,1
0.00067616,3.0192e-05,-0.00087757,-0.00087747,-6.9037e-05,-0.00020561,1
0.0003957,3.2139e-05,-0.00085066,-0.00080864,6.4599e-06,0.00087905,1
0.00032591,5.4052e-05,-0.00078451,-0.0006774,5.8011e-05,0.00095684,1
0.00028274,6.8411e-05,-0.00075063,-0.00053939,2.3727e-05,0.0010331,1
6.7933e-05,3.9813e-05,-0.00068816,-0.00030876,-8.9617e-05,0.001102,1
9.18e-05,6.8835e-05,-0.00058561,-7.7235e-05,-0.00028727,0.0010835,1
0.00018864,0.00012389,-0.00049292,9.2556e-05,-0.00044449,0.0008507,1
0.00016532,0.00022358,-0.00039331,0.0002247,-0.00047724,0.00084113,1
0.00017905,0.00032412,-0.00029188,0.00035684,-0.00050999,0.00083156,1
0.00022508,0.00040947,-0.00011858,0.00057945,-0.00061814,0.00077511,1
0.00024129,0.00050069,6.3528e-05,0.00091907,-0.00059317,0.0007053,1
0.00027636,0.0006014,0.00017893,0.00091907,-0.00059317,0.0007053,1
0.00033114,0.00066541,0.0003801,0.0013489,-0.00016658,0.00050823,1
0.00041278,0.00071663,0.00052774,0.001558,-0.00010302,0.00045482,1
0.00052119,0.00086201,0.00071217,0.0018349,-0.0002559,0.00051999,1
0.00054641,0.00090183,0.000784,0.002027,-0.00049986,0.00050367,1
0.000591,0.00091595,0.00083751,0.0020522,-0.0006746,0.00067228,1
0.0005743,0.00096546,0.00083679,0.0020522,-0.0006746,0.00067228,1
0.00056328,0.00096188,0.00075029,0.0018806,-0.00068816,0.00068402,1
0.00062322,0.0009771,0.00069727,0.0015789,-0.00067263,0.00074482,1
0.00060649,0.0008955,0.00058166,0.0013609,-0.00064665,0.00076026,1
0.0006794,0.00084376,0.00049415,0.0010639,-0.00071329,0.00078003,1
0.00070042,0.00080281,0.00040439,0.00088473,-0.0010337,0.00096103,1
0.00075457,0.00073932,0.00033946,0.00074909,-0.0014801,0.0010046,1
0.0006809,0.00074495,0.00029615,0.00072991,-0.001784,0.0010022,1
0.00073227,0.00070285,0.00029057,0.00074347,-0.0019557,0.00099916,1
0.00074982,0.00070725,0.00030331,0.00074347,-0.0019557,0.00099916,1
0.00077491,0.00067299,0.00034897,0.0008216,-0.0017787,0.0010822,1
0.00077333,0.00068838,0.00036768,0.00084757,-0.0015607,0.0010831,1
0.0010602,0.00069932,0.00037238,0.00092662,-0.0014681,0.0010787,1
0.001077,0.0007027,0.00037133,0.00092076,-0.0014666,0.00099288,1
0.0010441,0.00067,0.00030996,0.00083585,-0.0015577,0.0009114,1
0.00096854,0.00066125,0.00026161,0.00067004,-0.0015728,0.001009,1
0.00092093,0.0006459,0.00017748,0.00062465,-0.0016176,0.00092531,1
0.00080298,0.00065226,0.00010338,0.00061109,-0.0014459,0.00092836,1
0.00076633,0.00066672,5.9009e-05,0.00072075,-0.0012175,0.00088388,1
0.0006576,0.00067143,-5.7962e-05,0.00064732,-0.00083455,0.00089368,1
0.00060008,0.00065965,-0.00015158,0.00052545,-0.00040845,0.00086769,1
0.00052545,0.00061084,-0.00029832,0.00037974,-0.00020402,0.00088031,1
0.00038531,0.00053116,-0.00044216,0.00034915,-0.00033985,0.00092044,1
0.00026693,0.00042154,-0.00065048,0.00028951,-0.00060566,0.0010076,1
0.00017977,0.00034507,-0.00087929,9.7734e-05,-0.00083873,0.0011043,1
-6.4055e-06,0.0002485,-0.0011706,-0.00025211,-0.00091764,0.0016054,1
-0.00015376,0.00021674,-0.001461,-0.00068219,-0.00086722,0.0017221,1
-0.00096917,0.00016087,-0.00172,-0.0011586,-0.00077726,0.0018425,1
-0.0010561,5.7583e-05,-0.0020408,-0.0015387,-0.00076422,0.0020019,1
-0.0011198,-9.2077e-05,-0.0023592,-0.0019135,-0.00084283,0.0021528,1
-0.0012402,-0.00028747,-0.0026879,-0.0023264,-0.00096195,0.0023128,0.99999
-0.0013407,-0.00047682,-0.0030061,-0.0026616,-0.00099424,0.0024616,0.99999
-0.0014575,-0.00065222,-0.0033309,-0.0029797,-0.0011961,0.0026536,0.99999
-0.0015448,-0.00080612,-0.0036667,-0.0032051,-0.001477,0.0028383,0.99999
-0.0016876,-0.00090222,-0.0039958,-0.0034778,-0.001634,0.0031141,0.99999
-0.0018417,-0.00097324,-0.0043021,-0.0038386,-0.0017943,0.0033563,0.99999
-0.0020425,-0.0010034,-0.0046301,-0.0043486,-0.0017521,0.0035646,0.99998
-0.0021701,-0.0010997,-0.0049531,-0.0049477,-0.0016288,0.0038268,0.99998
-0.0023265,-0.0011632,-0.0052239,-0.005462,-0.0015044,0.004076,0.99998
-0.0024171,-0.0012475,-0.0053726,-0.0058918,-0.0013639,0.0042872,0.99997
-0.0025009,-0.0013408,-0.005538,-0.0061443,-0.0013015,0.0044779,0.99997
-0.002621,-0.0014213,-0.0056594,-0.0062579,-0.0013576,0.0046576,0.99997
-0.0026831,-0.0015087,-0.0057382,-0.006193,-0.001486,0.004824,0.99997
-0.0028221,-0.0015537,-0.0058377,-0.0061281,-0.0016144,0.0049904,0.99997
-0.0029254,-0.001583,-0.0059654,-0.0063039,-0.0014557,0.0051374,0.99997
-0.0030359,-0.0016299,-0.0061792,-0.0067206,-0.0010999,0.0051706,0.99996
-0.0030898,-0.0016308,-0.006388,-0.0073122,-0.00066972,0.0052636,0.99996
-0.0032798,-0.0016502,-0.0066523,-0.0079501,-0.00019997,0.0053602,0.99995
-0.0033882,-0.0016773,-0.0068365,-0.0084895,0.0001892,0.0055352,0.99995
-0.0035393,-0.0016812,-0.006938,-0.0088311,0.00033288,0.0057798,0.99994
-0.0036396,-0.0016647,-0.0069728,-0.0089689,0.00013935,0.0060852,0.99994
-0.0038031,-0.0016648,-0.0069484,-0.0088653,-0.00033548,0.0064172,0.99994
-0.0039637,-0.0016463,-0.0069709,-0.008808,-0.00077078,0.0067529,0.99994
-0.0041235,-0.0016074,-0.0069546,-0.0087271,-0.00098444,0.0070502,0.99994
-0.0042533,-0.0015765,-0.0069118,-0.0086596,-0.0010264,0.0073504,0.99993
-0.0043371,-0.0015357,-0.0068888,-0.0087008,-0.00090408,0.0075272,0.99993
-0.0044196,-0.0014731,-0.0068936,-0.0089136,-0.00079531,0.0077157,0.99993
-0.0044612,-0.0014483,-0.0068985,-0.0092149,-0.00068966,0.0078708,0.99993
-0.0044335,-0.0014589,-0.0069214,-0.0094142,-0.00075257,0.0080563,0.99992
-0.0044416,-0.0014241,-0.0068955,-0.0095733,-0.00085349,0.0081524,0.99992
-0.0044229,-0.0013949,-0.0068973,-0.0096338,-0.001035,0.0083268,0.99992
-0.0043407,-0.0013657,-0.0069261,-0.0097835,-0.0012254,0.0084605,0.99992
-0.0043914,-0.0013874,-0.0070321,-0.0099325,-0.0014101,0.0086017,0.99991
-0.004295,-0.0013506,-0.0070469,-0.010125,-0.0015588,0.0087857,0.99991
-0.0042498,-0.0012983,-0.0070397,-0.010278,-0.0016612,0.0089675,0.99991
-0.0041023,-0.0012836,-0.0070057,-0.010392,-0.0017174,0.0091471,0.9999
-0.003999,-0.0012717,-0.0069984,-0.010584,-0.0018661,0.0093311,0.9999
-0.0038718,-0.0012649,-0.0070304,-0.01086,-0.0020196,0.0095677,0.99989
-0.0037468,-0.0012403,-0.0070885,-0.011402,-0.0021096,0.0097766,0.99988
-0.0036499,-0.0012295,-0.0071829,-0.012074,-0.0021647,0.010042,0.99987
-0.0035267,-0.0012251,-0.0072788,-0.012825,-0.0023182,0.010304,0.99986
-0.0033613,-0.0012081,-0.007337,-0.013388,-0.0026277,0.010598,0.99985
-0.0031918,-0.0012611,-0.0073748,-0.013674,-0.0030901,0.010957,0.99984
-0.003006,-0.0013245,-0.0073113,-0.013766,-0.0037102,0.011434,0.99983
-0.002811,-0.0014174,-0.0073057,-0.013772,-0.004329,0.011897,0.99983
-0.0026734,-0.0014859,-0.00732,-0.01387,-0.0048632,0.012376,0.99982
-0.0024919,-0.0015364,-0.0073966,-0.014209,-0.0052002,0.01274,0.9998
-0.002282,-0.0015915,-0.0075672,-0.014812,-0.0054716,0.013123,0.99979
-0.0020301,-0.0016639,-0.0077899,-0.015649,-0.0056263,0.013399,0.99977
-0.001749,-0.0017635,-0.0080077,-0.016747,-0.0057188,0.013732,0.99975
-0.0014833,-0.0018132,-0.0082078,-0.017875,-0.0059416,0.014113,0.99972
-0.0011821,-0.0019046,-0.0083887,-0.018933,-0.006465,0.014525,0.99969
-0.0008808,-0.0019622,-0.0084863,-0.019645,-0.0074417,0.015033,0.99967
-0.00062185,-0.0020281,-0.008528,-0.020051,-0.0088286,0.015734,0.99964
-0.00040877,-0.0021124,-0.0085146,-0.020175,-0.01037,0.016587,0.99961
-0.0002241,-0.0021618,-0.00854,-0.020344,-0.011872,0.017442,0.99957
-0.00014812,-0.0022607,-0.0086076,-0.020699,-0.01313,0.0184,0.99953
-4.4779e-05,-0.0023459,-0.0087944,-0.021454,-0.014288,0.019347,0.99948
9.3477e-05,-0.0024644,-0.0090746,-0.022499,-0.01512,0.020232,0.99943
0.00022065,-0.0026104,-0.0094653,-0.023777,-0.015837,0.02101,0.99937
0.00040128,-0.0027934,-0.0098456,-0.025151,-0.016391,0.021834,0.99931
0.00065681,-0.0029736,-0.010215,-0.026703,-0.016957,0.022585,0.99924
0.00090155,-0.0032099,-0.010564,-0.02816,-0.017601,0.023375,0.99918
0.0012161,-0.0033947,-0.010788,-0.029282,-0.018611,0.024177,0.99911
0.0015333,-0.0035861,-0.010933,-0.030012,-0.020113,0.025072,0.99903
0.0017843,-0.0037546,-0.011007,-0.030462,-0.021851,0.025991,0.99896
0.0020656,-0.003947,-0.011039,-0.030777,-0.023625,0.026939,0.99888
0.0023158,-0.0041042,-0.011167,-0.031167,-0.025097,0.027771,0.99881
0.0026107,-0.004269,-0.011316,-0.031774,-0.026151,0.028451,0.99875
0.0029486,-0.0044413,-0.01155,-0.032763,-0.0268,0.029075,0.99868
0.003261,-0.0046126,-0.011897,-0.034083,-0.027171,0.029639,0.99861
0.0036161,-0.0047869,-0.012251,-0.035643,-0.02734,0.030098,0.99854
0.0040058,-0.0049626,-0.012521,-0.037289,-0.027515,0.030562,0.99846
0.0043356,-0.0051192,-0.01279,-0.038792,-0.027897,0.030966,0.99838
0.0048034,-0.005323,-0.01296,-0.04009,-0.028694,0.031352,0.99829
0.0051936,-0.0054619,-0.012987,-0.040927,-0.030111,0.032043,0.99819
0.0054486,-0.0055896,-0.012964,-0.041335,-0.032194,0.033174,0.99808
0.0056345,-0.0057345,-0.012916,-0.041534,-0.034611,0.034412,0.99794
0.0058768,-0.0058606,-0.012954,-0.04183,-0.036946,0.035619,0.99781
0.0061259,-0.0060107,-0.013066,-0.0426,-0.038797,0.036777,0.99766
0.0063837,-0.006188,-0.013372,-0.043802,-0.040203,0.037846,0.99751
0.0066561,-0.00639,-0.013734,-0.045308,-0.041111,0.038855,0.99737
0.006898,-0.0065936,-0.014144,-0.047038,-0.041907,0.03988,0.99722
0.0072566,-0.00679,-0.01453,-0.048866,-0.042622,0.040827,0.99706
0.0076776,-0.0069667,-0.014792,-0.050595,-0.043503,0.041765,0.9969
0.008066,-0.0071265,-0.014958,-0.051942,-0.044787,0.042759,0.99673
0.0084702,-0.0072462,-0.015056,-0.05295,-0.04652,0.043772,0.99655
0.0088705,-0.0073326,-0.015109,-0.053546,-0.048526,0.044743,0.99638
0.0092681,-0.0074713,-0.015165,-0.054103,-0.050486,0.045713,0.99621
0.0096714,-0.0076407,-0.015335,-0.054815,-0.052238,0.046571,0.99604
0.010084,-0.0078794,-0.015702,-0.055964,-0.053545,0.047245,0.99588
0.010463,-0.008148,-0.016195,-0.057546,-0.054322,0.047915,0.99571
0.01088,-0.0084527,-0.016783,-0.059438,-0.054601,0.048441,0.99556
0.011254,-0.0087618,-0.017401,-0.061644,-0.054687,0.049038,0.99539
0.011614,-0.0090642,-0.017973,-0.06385,-0.054773,0.049635,0.99522
0.011943,-0.0093398,-0.018455,-0.065806,-0.05523,0.050296,0.99503
0.012262,-0.0095769,-0.018841,-0.067411,-0.056224,0.051013,0.99483
0.012602,-0.0098125,-0.019105,-0.068544,-0.057532,0.051904,0.99463
0.012844,-0.010044,-0.01935,-0.069463,-0.059256,0.052957,0.99441
0.013062,-0.010305,-0.019633,-0.070284,-0.061061,0.054041,0.99419
0.013342,-0.010578,-0.019992,-0.071289,-0.062792,0.055051,0.99395
0.013611,-0.010887,-0.020537,-0.072775,-0.064037,0.055928,0.99372
0.013951,-0.011283,-0.021261,-0.074746,-0.064797,0.056634,0.99348
0.014325,-0.011677,-0.022025,-0.07712,-0.064979,0.057201,0.99326
0.014714,-0.012117,-0.022835,-0.079742,-0.064789,0.057752,0.99303
0.015104,-0.012531,-0.023597,-0.082457,-0.064605,0.058174,0.9928
0.01552,-0.012953,-0.024264,-0.085012,-0.064711,0.058668,0.99254
0.015955,-0.013316,-0.024752,-0.087165,-0.06531,0.059435,0.99227
0.016325,-0.013652,-0.025059,-0.088712,-0.066818,0.060359,0.99198
0.016746,-0.01395,-0.025247,-0.089687,-0.068975,0.061323,0.99168
0.017083,-0.014198,-0.025455,-0.090404,-0.071503,0.062388,0.99137
0.017477,-0.01445,-0.025695,-0.091134,-0.074031,0.06338,0.99106
0.017866,-0.014749,-0.026084,-0.092298,-0.076112,0.064185,0.99074
0.018302,-0.015087,-0.026635,-0.093877,-0.077443,0.064855,0.99045
0.018788,-0.015455,-0.027279,-0.095923,-0.077986,0.065357,0.99017
0.019353,-0.015811,-0.027948,-0.098286,-0.077944,0.065667,0.98993
0.019864,-0.016164,-0.028607,-0.10081,-0.07761,0.065953,0.98968
0.020422,-0.016466,-0.029153,-0.10319,-0.07748,0.066045,0.98944
0.021007,-0.016795,-0.029549,-0.10525,-0.077628,0.066161,0.9892
0.021525,-0.017031,-0.029812,-0.10669,-0.078296,0.066439,0.98898
0.022036,-0.017279,-0.03001,-0.10776,-0.079369,0.066773,0.98875
0.022453,-0.017519,-0.030134,-0.10854,-0.080595,0.067124,0.98854
0.022901,-0.017764,-0.030266,-0.10931,-0.081992,0.067471,0.98832
0.02337,-0.018036,-0.030462,-0.11019,-0.083224,0.067791,0.9881
0.023817,-0.018289,-0.030699,-0.11131,-0.084169,0.068044,0.98787
0.024263,-0.018549,-0.031068,-0.11274,-0.084618,0.068237,0.98766
0.024685,-0.018851,-0.03152,-0.11454,-0.08466,0.068325,0.98744
0.025136,-0.019171,-0.031953,-0.1166,-0.084331,0.06836,0.98723
0.025596,-0.019531,-0.032372,-0.11866,-0.083918,0.068531,0.98701
0.025968,-0.019882,-0.032724,-0.12055,-0.083795,0.068809,0.98677
0.026288,-0.020221,-0.032953,-0.1221,-0.084039,0.069317,0.98652
0.026681,-0.020577,-0.033079,-0.12316,-0.084942,0.06992,0.98627
0.027039,-0.02088,-0.03321,-0.12396,-0.086128,0.070661,0.98601
0.027404,-0.021246,-0.033298,-0.12462,-0.087436,0.071442,0.98576
0.027719,-0.021619,-0.033506,-0.12551,-0.088717,0.072248,0.98547
0.028055,-0.022054,-0.033841,-0.12661,-0.089881,0.073057,0.98517
0.028441,-0.022484,-0.03433,-0.1282,-0.090952,0.073872,0.9848
0.028846,-0.022977,-0.034897,-0.13024,-0.091879,0.074631,0.98439
0.029276,-0.023507,-0.035536,-0.13266,-0.092877,0.075474,0.98391
0.029665,-0.024014,-0.036195,-0.13515,-0.093967,0.076405,0.9834
0.03007,-0.024526,-0.036856,-0.13765,-0.095358,0.077416,0.98284
0.030564,-0.025087,-0.037411,-0.13985,-0.097075,0.07849,0.98227
0.030923,-0.025659,-0.037887,-0.14161,-0.098937,0.079754,0.98173
0.031272,-0.02625,-0.038328,-0.143,-0.10094,0.081066,0.98122
0.031663,-0.026876,-0.038748,-0.14431,-0.10295,0.082421,0.98071
0.032041,-0.027535,-0.039187,-0.14571,-0.10487,0.083648,0.98019
0.032446,-0.028263,-0.039778,-0.14748,-0.10655,0.084864,0.97964
0.032889,-0.028996,-0.040478,-0.14966,-0.10805,0.08595,0.97905
0.033329,-0.029732,-0.041219,-0.15214,-0.10922,0.086922,0.97845
0.033847,-0.030478,-0.041912,-0.15471,-0.1104,0.087912,0.97783
0.034332,-0.031184,-0.042642,-0.15731,-0.11161,0.088853,0.97719
0.034853,-0.031871,-0.0433,-0.15972,-0.11308,0.089828,0.97654
0.035386,-0.032513,-0.043844,-0.16181,-0.11483,0.090815,0.9759
0.035918,-0.033099,-0.04429,-0.16352,-0.1168,0.091813,0.97529
0.036428,-0.033645,-0.044669,-0.16492,-0.11897,0.092824,0.9747
0.036905,-0.034185,-0.044944,-0.16618,-0.12126,0.09374,0.97411
0.037429,-0.034724,-0.045249,-0.1675,-0.12351,0.094574,0.97352
0.03793,-0.035243,-0.045594,-0.1688,-0.12554,0.095326,0.97296
0.038427,-0.035797,-0.045964,-0.17036,-0.1272,0.095878,0.97242
0.038942,-0.03637,-0.046368,-0.17215,-0.12827,0.096233,0.97193
0.039397,-0.036927,-0.046797,-0.17396,-0.12878,0.096429,0.97152
0.039839,-0.037498,-0.047265,-0.17584,-0.12882,0.096538,0.97117
0.040226,-0.037989,-0.047658,-0.17764,-0.12863,0.096426,0.97088
0.04061,-0.038422,-0.048081,-0.17941,-0.12832,0.09623,0.97061
0.040955,-0.038852,-0.048437,-0.18103,-0.12812,0.096193,0.97034
0.041226,-0.039251,-0.048763,-0.18265,-0.12823,0.096321,0.97001
0.041449,-0.039621,-0.049118,-0.18403,-0.12871,0.096612,0.96966
0.041661,-0.03997,-0.049457,-0.18532,-0.12949,0.09693,0.96928
0.041889,-0.040332,-0.049798,-0.18651,-0.13051,0.097286,0.96887
0.042055,-0.040654,-0.050066,-0.1876,-0.13162,0.097721,0.96847
0.042264,-0.041043,-0.050458,-0.1887,-0.13264,0.098157,0.96807
0.042368,-0.04145,-0.050929,-0.18985,-0.13354,0.098732,0.96767
0.042452,-0.041946,-0.051455,-0.19118,-0.13419,0.099272,0.96726
0.042562,-0.042474,-0.05206,-0.19272,-0.13452,0.099758,0.96686
0.042616,-0.043016,-0.052725,-0.19468,-0.13456,0.10019,0.96641
0.042698,-0.043527,-0.053402,-0.1969,-0.13453,0.10054,0.96593
0.04279,-0.04397,-0.05392,-0.199,-0.13454,0.10086,0.96547
0.042851,-0.044453,-0.054576,-0.20111,-0.13477,0.10125,0.96496
0.042986,-0.044866,-0.0551,-0.20307,-0.13528,0.10164,0.96443
0.043086,-0.045244,-0.055629,-0.20471,-0.13617,0.10199,0.96392
0.043233,-0.045603,-0.056127,-0.20643,-0.13714,0.10235,0.96338
0.043432,-0.045907,-0.05651,-0.20791,-0.13831,0.1026,0.96287
0.043593,-0.046232,-0.056995,-0.20956,-0.13941,0.10295,0.96231
0.0438,-0.046534,-0.057374,-0.21095,-0.14027,0.1032,0.96186
0.044017,-0.046841,-0.057845,-0.21237,-0.1408,0.10337,0.96145
0.04425,-0.047196,-0.05833,-0.21395,-0.14094,0.10342,0.96107
0.044464,-0.047508,-0.058828,-0.21573,-0.14083,0.10335,0.9607
0.044713,-0.047815,-0.059266,-0.21765,-0.1407,0.1033,0.96029
0.044937,-0.048088,-0.059727,-0.21963,-0.14082,0.1033,0.95982
0.045159,-0.048385,-0.060176,-0.22136,-0.14132,0.10336,0.95935
0.045328,-0.048629,-0.060512,-0.22279,-0.14222,0.10352,0.95887
0.045524,-0.048809,-0.060779,-0.22366,-0.14352,0.10371,0.95845
0.045713,-0.048878,-0.060869,-0.22408,-0.14506,0.10397,0.95809
0.045849,-0.048969,-0.060963,-0.22441,-0.1465,0.10429,0.95776
0.045921,-0.049141,-0.061061,-0.22485,-0.14769,0.10472,0.95743
0.04594,-0.04933,-0.061227,-0.22545,-0.1485,0.10511,0.95712
0.045912,-0.049526,-0.061387,-0.22627,-0.1489,0.10541,0.95683
0.045877,-0.049768,-0.061609,-0.22725,-0.14875,0.10562,0.95659
0.045866,-0.050029,-0.061892,-0.22849,-0.14831,0.10573,0.95636
0.045842,-0.050282,-0.062136,-0.22992,-0.14772,0.10577,0.9561
0.04586,-0.05056,-0.062421,-0.23142,-0.14729,0.10578,0.9558
0.045822,-0.050794,-0.062629,-0.23278,-0.14717,0.10582,0.95549
0.045852,-0.050977,-0.062782,-0.23386,-0.14749,0.10586,0.95517
0.045832,-0.051071,-0.062838,-0.23452,-0.14826,0.10614,0.95486
0.045837,-0.05116,-0.062834,-0.23485,-0.14914,0.10655,0.95459
0.04585,-0.051155,-0.062716,-0.23485,-0.14914,0.10655,0.95459
0.045805,-0.051296,-0.062777,-0.23492,-0.15062,0.10752,0.95424
0.045849,-0.051421,-0.062864,-0.23528,-0.15077,0.10776,0.9541
0.045883,-0.051457,-0.062935,-0.23528,-0.15077,0.10776,0.9541
0.04593,-0.05163,-0.063215,-0.23625,-0.15049,0.10781,0.9539
0.046106,-0.051876,-0.063567,-0.23783,-0.14977,0.10769,0.95363
0.046219,-0.052147,-0.06395,-0.23987,-0.14882,0.10744,0.9533
0.046307,-0.052478,-0.064379,-0.24206,-0.14787,0.10733,0.9529
0.046389,-0.05279,-0.064781,-0.24408,-0.1471,0.10726,0.95251
0.046515,-0.053018,-0.065013,-0.24567,-0.14668,0.10718,0.95218
0.046647,-0.053228,-0.065166,-0.24672,-0.14657,0.10732,0.95191
0.046666,-0.053412,-0.065236,-0.24712,-0.14668,0.10757,0.95176
0.046686,-0.053519,-0.065242,-0.24723,-0.14704,0.10797,0.95163
0.046685,-0.053632,-0.065326,-0.24726,-0.14738,0.10832,0.95153
0.046657,-0.053799,-0.065392,-0.24748,-0.14757,0.1087,0.9514
0.046728,-0.053995,-0.065591,-0.24796,-0.14778,0.109,0.95121
0.046833,-0.05421,-0.065803,-0.24864,-0.14782,0.10919,0.951
0.046957,-0.05444,-0.066038,-0.24946,-0.14774,0.10931,0.95079
0.047162,-0.054694,-0.066244,-0.25028,-0.14767,0.10934,0.95058
0.047414,-0.054917,-0.066451,-0.25106,-0.14763,0.10932,0.95038
0.047695,-0.055164,-0.066594,-0.25162,-0.1477,0.10933,0.95022
0.047899,-0.055385,-0.066735,-0.25186,-0.14789,0.10948,0.95011
0.048089,-0.055554,-0.066825,-0.25177,-0.14818,0.10964,0.95007
0.048358,-0.055699,-0.066906,-0.25166,-0.14861,0.10973,0.95002
0.048561,-0.055808,-0.066975,-0.2516,-0.14921,0.10971,0.94995
0.048664,-0.055873,-0.066989,-0.25198,-0.14983,0.10975,0.94974
0.048876,-0.056051,-0.067199,-0.25243,-0.15063,0.10978,0.94949
0.049135,-0.05626,-0.067484,-0.25286,-0.1516,0.10981,0.94922
0.049245,-0.056409,-0.067634,-0.25319,-0.15235,0.10989,0.949
0.049359,-0.056583,-0.067743,-0.25348,-0.1528,0.10999,0.94884
0.049382,-0.056645,-0.067706,-0.25375,-0.15265,0.11011,0.94878
0.049328,-0.056818,-0.067747,-0.25384,-0.15209,0.11021,0.94884
0.049059,-0.05701,-0.067863,-0.25396,-0.15142,0.1104,0.94889
0.048917,-0.057113,-0.06783,-0.25405,-0.15086,0.1105,0.94894
0.048764,-0.057143,-0.067755,-0.25411,-0.15048,0.11059,0.94897
0.048732,-0.057195,-0.067716,-0.2541,-0.1504,0.1109,0.94896
0.048596,-0.057191,-0.067647,-0.25407,-0.15057,0.11111,0.94891
0.048464,-0.057285,-0.06765,-0.25406,-0.15087,0.11132,0.94884
0.048468,-0.057333,-0.067743,-0.25409,-0.15109,0.11142,0.94879
0.048501,-0.057416,-0.067805,-0.25425,-0.1511,0.11143,0.94874
0.048508,-0.057445,-0.067842,-0.25454,-0.15095,0.11137,0.94869
0.048514,-0.057498,-0.067931,-0.25475,-0.15061,0.11122,0.94871
0.04864,-0.057593,-0.068097,-0.255,-0.15024,0.11102,0.94872
0.048755,-0.057661,-0.06817,-0.2551,-0.14986,0.11073,0.94879
0.048878,-0.0577,-0.068213,-0.25515,-0.14952,0.11052,0.94886
0.048923,-0.057757,-0.068304,-0.25509,-0.14934,0.11038,0.94892
0.048989,-0.05775,-0.06833,-0.25509,-0.14934,0.11033,0.94892
0.049086,-0.057677,-0.068296,-0.25504,-0.14955,0.11024,0.94891
0.04915,-0.057678,-0.06836,-0.2551,-0.1499,0.1102,0.94885
0.04925,-0.057678,-0.068406,-0.25516,-0.15015,0.11012,0.9488
0.049297,-0.057674,-0.068423,-0.2552,-0.15046,0.10999,0.94876
0.049388,-0.05774,-0.068511,-0.25521,-0.15045,0.10972,0.94879
0.049545,-0.057913,-0.068745,-0.25525,-0.1502,0.10951,0.94884
0.049614,-0.058087,-0.06893,-0.25549,-0.14961,0.1091,0.94891
0.049624,-0.058274,-0.069127,-0.25594,-0.1486,0.10875,0.94899
0.049608,-0.058371,-0.069155,-0.25646,-0.14738,0.10846,0.94907
0.049512,-0.058529,-0.069314,-0.25693,-0.14642,0.10828,0.94912
0.049373,-0.05859,-0.069315,-0.25707,-0.14591,0.10821,0.94917
0.049325,-0.058577,-0.069259,-0.2568,-0.1459,0.10832,0.94923
0.049213,-0.058492,-0.069158,-0.25638,-0.14618,0.1085,0.94928
0.049149,-0.058523,-0.069235,-0.25595,-0.14654,0.10868,0.94932
0.049033,-0.058411,-0.069149,-0.25557,-0.14686,0.10877,0.94936
0.049002,-0.058343,-0.069079,-0.2553,-0.14702,0.10879,0.94941
0.048996,-0.058285,-0.068996,-0.2552,-0.1468,0.10874,0.94947
0.048908,-0.058264,-0.069028,-0.25522,-0.14615,0.10857,0.94959
0.048747,-0.058336,-0.069305,-0.25527,-0.14525,0.10827,0.94975
0.048619,-0.058337,-0.069412,-0.25523,-0.14434,0.10797,0.94993
0.048481,-0.058296,-0.069505,-0.25521,-0.14365,0.1077,0.95007
0.048364,-0.058111,-0.069207,-0.25499,-0.14329,0.1076,0.9502
0.048072,-0.057976,-0.069195,-0.25459,-0.1434,0.1077,0.95027
0.047935,-0.05792,-0.069283,-0.25383,-0.14387,0.10801,0.95037
0.047626,-0.057705,-0.069144,-0.2526,-0.14475,0.1086,0.9505
0.047349,-0.057443,-0.068845,-0.25093,-0.14607,0.10937,0.95065
0.047033,-0.057169,-0.068519,-0.24899,-0.14777,0.11027,0.95079
0.046558,-0.057007,-0.068247,-0.24727,-0.14922,0.11108,0.95092
0.046416,-0.05696,-0.068217,-0.24612,-0.14992,0.11171,0.95103
0.046098,-0.057074,-0.068471,-0.24598,-0.14979,0.11209,0.95105
0.045731,-0.057198,-0.068824,-0.24647,-0.14897,0.11223,0.95103
0.045341,-0.05754,-0.069422,-0.24738,-0.14803,0.11219,0.95095
0.045161,-0.057643,-0.069716,-0.24826,-0.14736,0.11219,0.95083
0.045094,-0.057665,-0.069881,-0.24874,-0.14717,0.11223,0.95072
0.045036,-0.057724,-0.070017,-0.24876,-0.14739,0.11241,0.95066
0.044947,-0.057784,-0.070172,-0.24836,-0.1478,0.11259,0.95068
0.044864,-0.057894,-0.070291,-0.24765,-0.14831,0.11287,0.95075
0.044757,-0.058066,-0.070494,-0.24698,-0.14879,0.1132,0.95081
0.044676,-0.058163,-0.070613,-0.2466,-0.14911,0.11343,0.95083
0.044572,-0.05841,-0.070944,-0.24694,-0.14896,0.1135,0.95076
0.044469,-0.058673,-0.071383,-0.24781,-0.14846,0.11349,0.95062
0.044503,-0.059023,-0.072042,-0.24903,-0.14797,0.1133,0.9504
0.04453,-0.059189,-0.072327,-0.25026,-0.1477,0.11324,0.95012
0.044609,-0.059264,-0.072445,-0.25125,-0.1478,0.1131,0.94986
0.044681,-0.059303,-0.072576,-0.25174,-0.14835,0.11306,0.94965
0.044728,-0.059274,-0.072541,-0.25149,-0.14928,0.11321,0.94955
0.044745,-0.059129,-0.072305,-0.25056,-0.1503,0.11347,0.94961
0.044726,-0.058845,-0.071947,-0.24923,-0.15134,0.11382,0.94975
0.0447,-0.058545,-0.071532,-0.24791,-0.15208,0.11406,0.94995
0.044652,-0.05829,-0.071191,-0.24689,-0.15232,0.11409,0.95017
0.044566,-0.058,-0.070916,-0.24632,-0.15211,0.11396,0.95037
0.044476,-0.0578,-0.070769,-0.24616,-0.15162,0.11373,0.95052
0.044472,-0.057638,-0.070596,-0.24618,-0.15106,0.11342,0.95064
0.044519,-0.057423,-0.070356,-0.2462,-0.1505,0.11303,0.95077
0.044473,-0.057243,-0.070145,-0.24616,-0.14994,0.11269,0.95091
0.044423,-0.056985,-0.069902,-0.24591,-0.14953,0.11232,0.95108
0.04436,-0.056716,-0.069643,-0.24542,-0.14916,0.11209,0.95129
0.044248,-0.056378,-0.069306,-0.24463,-0.14889,0.11198,0.95155
0.044111,-0.055968,-0.068952,-0.24367,-0.14871,0.11181,0.95185
0.04397,-0.055561,-0.068507,-0.24265,-0.14855,0.11167,0.95215
0.043859,-0.05515,-0.06808,-0.24158,-0.14862,0.11144,0.95244
0.043761,-0.054744,-0.067633,-0.24074,-0.14856,0.11124,0.95268
0.043676,-0.054339,-0.067188,-0.24,-0.14835,0.11105,0.95292
0.043545,-0.054009,-0.066904,-0.23948,-0.14801,0.11078,0.95314
0.043466,-0.05368,-0.066622,-0.23911,-0.14756,0.11049,0.95334
0.04331,-0.053354,-0.066357,-0.2387,-0.14706,0.11019,0.95355
0.043181,-0.053025,-0.066068,-0.23817,-0.14672,0.11001,0.95375
0.04302,-0.052635,-0.06575,-0.2374,-0.14637,0.10982,0.95402
0.042865,-0.052289,-0.065416,-0.23647,-0.14614,0.1096,0.95431
0.042714,-0.051963,-0.065119,-0.23547,-0.14591,0.10943,0.95461
0.042569,-0.051622,-0.064791,-0.23447,-0.14567,0.10921,0.95492
0.042367,-0.051333,-0.064493,-0.2337,-0.14514,0.10892,0.95522
0.042169,-0.051055,-0.064256,-0.23312,-0.14455,0.10866,0.95549
0.041961,-0.050794,-0.064082,-0.23277,-0.14392,0.10837,0.9557
0.041785,-0.050561,-0.063976,-0.2325,-0.14331,0.10805,0.95589
0.041587,-0.050341,-0.063892,-0.23226,-0.14264,0.1078,0.95608
0.041367,-0.050186,-0.063842,-0.23198,-0.14202,0.1077,0.95625
0.041124,-0.050009,-0.063773,-0.23151,-0.14156,0.10758,0.95645
0.040879,-0.049844,-0.063683,-0.2308,-0.14122,0.10755,0.95667
0.040611,-0.049598,-0.063552,-0.22987,-0.14099,0.10752,0.95693
0.040286,-0.049326,-0.06333,-0.22863,-0.14087,0.10745,0.95726
0.040049,-0.048985,-0.063103,-0.22704,-0.14089,0.10727,0.95765
0.03986,-0.04861,-0.062803,-0.22531,-0.14074,0.10695,0.95812
0.03967,-0.048298,-0.062664,-0.22374,-0.14021,0.10642,0.95862
0.039501,-0.048101,-0.062582,-0.2228,-0.13916,0.10578,0.95907
0.039306,-0.047965,-0.062656,-0.22235,-0.13774,0.105,0.95946
0.039038,-0.047867,-0.062879,-0.22229,-0.13601,0.10422,0.9598
0.038751,-0.047792,-0.063152,-0.22232,-0.1342,0.1034,0.96014
0.038418,-0.047686,-0.063438,-0.22212,-0.1325,0.10265,0.9605
0.038037,-0.047606,-0.063684,-0.22169,-0.13092,0.10205,0.96088
0.037529,-0.047531,-0.063933,-0.22092,-0.12962,0.10156,0.96129
0.037001,-0.047393,-0.064106,-0.21987,-0.12847,0.10116,0.96173
0.036468,-0.04717,-0.064124,-0.21828,-0.12756,0.10086,0.96224
0.035911,-0.047037,-0.06412,-0.21641,-0.12688,0.10057,0.96278
0.035373,-0.046827,-0.064068,-0.21469,-0.12638,0.10047,0.96325
0.034794,-0.046694,-0.064059,-0.21317,-0.12602,0.10043,0.96363
0.034187,-0.046579,-0.064161,-0.21215,-0.12579,0.10039,0.96389
0.03361,-0.046451,-0.064367,-0.21156,-0.12558,0.10033,0.96406
0.032959,-0.04626,-0.064581,-0.21107,-0.12537,0.1003,0.96419
0.032277,-0.046047,-0.06479,-0.21044,-0.12512,0.10024,0.96437
0.03167,-0.045793,-0.064899,-0.20935,-0.1247,0.10015,0.96467
0.031161,-0.045503,-0.064862,-0.20799,-0.12414,0.099951,0.96506
0.030624,-0.045212,-0.064741,-0.20647,-0.1234,0.099695,0.96551
0.030088,-0.04497,-0.064575,-0.20474,-0.12259,0.099379,0.96601
0.029588,-0.044692,-0.064348,-0.20288,-0.12183,0.099006,0.96654
0.029013,-0.044304,-0.064082,-0.20086,-0.12105,0.09849,0.96711
0.028477,-0.043891,-0.063733,-0.19893,-0.12027,0.097943,0.96766
0.027915,-0.043423,-0.06347,-0.19722,-0.11947,0.097407,0.96817
0.027306,-0.042971,-0.063295,-0.19577,-0.11859,0.09685,0.96862
0.026757,-0.04253,-0.063223,-0.19456,-0.11752,0.096239,0.96906
0.026233,-0.042105,-0.06311,-0.19344,-0.11636,0.095534,0.96949
0.025761,-0.041754,-0.062989,-0.19221,-0.11515,0.094872,0.96995
0.025266,-0.041355,-0.062785,-0.19069,-0.11402,0.094315,0.97043
0.024715,-0.041029,-0.062547,-0.18897,-0.11291,0.093746,0.97096
0.024162,-0.040612,-0.06221,-0.18712,-0.11196,0.093288,0.97147
0.023597,-0.04019,-0.06184,-0.18524,-0.11114,0.092656,0.97198
0.023012,-0.039732,-0.061531,-0.18351,-0.11029,0.091862,0.97248
0.022487,-0.039306,-0.061286,-0.18198,-0.10958,0.091224,0.97291
0.021857,-0.038862,-0.061061,-0.18054,-0.109,0.09066,0.9733
0.021275,-0.038418,-0.060855,-0.17903,-0.10851,0.09002,0.97369
0.020776,-0.037976,-0.060562,-0.17741,-0.1081,0.089408,0.97409
0.020354,-0.037561,-0.060199,-0.17592,-0.10734,0.088723,0.9745
0.019919,-0.037189,-0.059861,-0.1745,-0.10629,0.088045,0.97494
0.019436,-0.036877,-0.059559,-0.17308,-0.10507,0.087371,0.97538
0.018933,-0.036546,-0.059245,-0.17151,-0.10367,0.086726,0.97587
0.018477,-0.036197,-0.059001,-0.16974,-0.10285,0.085805,0.97634
0.01797,-0.035837,-0.058742,-0.16825,-0.10123,0.084912,0.97685
0.017553,-0.035484,-0.058534,-0.16684,-0.099616,0.083888,0.97735
0.017232,-0.035179,-0.058245,-0.16557,-0.09814,0.082798,0.9778
0.016962,-0.034901,-0.057988,-0.16432,-0.096879,0.081705,0.97823
0.016812,-0.034644,-0.057649,-0.16304,-0.09596,0.080557,0.97863
0.016664,-0.034379,-0.057303,-0.16166,-0.095209,0.079583,0.97901
0.016534,-0.03404,-0.056888,-0.16004,-0.094573,0.078715,0.97941
0.016437,-0.033738,-0.056541,-0.15837,-0.093975,0.077879,0.97981
0.016271,-0.033362,-0.056131,-0.15658,-0.09324,0.077087,0.98023
0.016143,-0.033016,-0.055854,-0.15499,-0.092346,0.076187,0.98064
0.01601,-0.032617,-0.05561,-0.15355,-0.091242,0.075031,0.98105
0.016037,-0.032246,-0.055419,-0.15236,-0.090022,0.073633,0.98146
0.016077,-0.031925,-0.055207,-0.15136,-0.088727,0.072126,0.98184
0.016218,-0.031653,-0.054853,-0.15034,-0.087603,0.070616,0.98221
0.016304,-0.031329,-0.054458,-0.14904,-0.08672,0.06917,0.98259
0.016417,-0.030984,-0.053901,-0.14748,-0.086209,0.067911,0.98296
0.016435,-0.030537,-0.053235,-0.14558,-0.086064,0.066797,0.98333
0.016398,-0.03002,-0.05246,-0.14316,-0.086361,0.065865,0.98372
0.016335,-0.029484,-0.051695,-0.14041,-0.086849,0.064934,0.98414
0.016353,-0.028924,-0.050906,-0.13751,-0.087241,0.063921,0.98458
0.016398,-0.028482,-0.050156,-0.13475,-0.087338,0.062909,0.98502
0.016447,-0.028138,-0.049515,-0.13246,-0.087123,0.061904,0.98541
0.016462,-0.027875,-0.048952,-0.13071,-0.086599,0.060852,0.98575
0.01652,-0.02771,-0.048543,-0.12947,-0.085808,0.059808,0.98605
0.016572,-0.027498,-0.048164,-0.12856,-0.084869,0.058825,0.98631
0.016619,-0.02722,-0.047747,-0.12766,-0.084017,0.057852,0.98656
0.016667,-0.026911,-0.047255,-0.12647,-0.08349,0.056979,0.98681
0.016734,-0.026535,-0.046646,-0.12473,-0.083659,0.056185,0.98706
0.016778,-0.026087,-0.045875,-0.12224,-0.084554,0.055542,0.98733
0.016849,-0.025602,-0.044946,-0.11909,-0.085923,0.055022,0.98763
0.016955,-0.025111,-0.043953,-0.11542,-0.087729,0.054538,0.98793
0.017093,-0.024611,-0.042961,-0.1117,-0.089355,0.053928,0.98825
0.017189,-0.024195,-0.042103,-0.10831,-0.090529,0.053259,0.98855
0.017333,-0.023765,-0.041367,-0.10578,-0.090898,0.052447,0.98884
0.017436,-0.023439,-0.04089,-0.10402,-0.090544,0.051533,0.9891
0.017575,-0.023191,-0.040558,-0.10281,-0.08971,0.050491,0.98936
0.017668,-0.022892,-0.04028,-0.10183,-0.088763,0.049512,0.9896
0.017685,-0.022628,-0.040111,-0.10089,-0.087776,0.048574,0.98983
0.017599,-0.022336,-0.039909,-0.099814,-0.086823,0.047675,0.99006
0.017449,-0.02199,-0.03961,-0.098241,-0.086138,0.046826,0.99032
0.017274,-0.021699,-0.039172,-0.096109,-0.085758,0.046097,0.9906
0.017094,-0.021372,-0.038519,-0.093253,-0.086064,0.045702,0.99086
0.016853,-0.021084,-0.03781,-0.090019,-0.087166,0.045492,0.99107
0.016589,-0.020842,-0.037057,-0.086795,-0.088483,0.045402,0.99125
0.016327,-0.020626,-0.036509,-0.0842,-0.089504,0.045464,0.99138
0.016047,-0.020509,-0.036173,-0.082349,-0.089887,0.04545,0.9915
0.015797,-0.020363,-0.036019,-0.081209,-0.089672,0.045281,0.99162
0.015584,-0.020186,-0.035976,-0.080387,-0.088873,0.044921,0.99178
0.015387,-0.020087,-0.035983,-0.079618,-0.087949,0.044566,0.99194
0.015231,-0.019964,-0.035917,-0.078664,-0.087099,0.044284,0.9921
0.015103,-0.019863,-0.035762,-0.077189,-0.086687,0.044181,0.99226
0.01491,-0.019838,-0.035558,-0.075193,-0.086715,0.044209,0.99241
0.014731,-0.019768,-0.035205,-0.072645,-0.087046,0.044271,0.99257
0.014518,-0.01984,-0.035379,-0.072645,-0.087046,0.044271,0.99257
0.014216,-0.019678,-0.034701,-0.067856,-0.087298,0.044309,0.99288
0.013917,-0.019661,-0.03464,-0.066243,-0.086833,0.04432,0.99303
0.013696,-0.019664,-0.034717,-0.065379,-0.085989,0.044053,0.99317
0.013515,-0.019684,-0.034977,-0.064984,-0.08483,0.043554,0.99332
0.013306,-0.019749,-0.035371,-0.064984,-0.08483,0.043554,0.99332
0.013322,-0.019744,-0.035569,-0.06491,-0.082392,0.042445,0.99358
0.013288,-0.019808,-0.035749,-0.064395,-0.081656,0.04198,0.99369
0.013231,-0.01979,-0.035833,-0.063418,-0.081233,0.041566,0.99381
0.013161,-0.01973,-0.035815,-0.061967,-0.081291,0.041152,0.99391
0.012971,-0.019751,-0.036159,-0.061967,-0.081291,0.041152,0.99391
0.01294,-0.019615,-0.035899,-0.0588,-0.081476,0.040353,0.99412
0.012781,-0.019568,-0.036138,-0.057672,-0.08095,0.03971,0.99426
0.012631,-0.019594,-0.036617,-0.057672,-0.08095,0.03971,0.99426
0.012565,-0.019609,-0.037025,-0.057303,-0.079788,0.038869,0.9944
0.01252,-0.01968,-0.037498,-0.057488,-0.078234,0.037985,0.99455
0.012511,-0.01974,-0.03797,-0.057974,-0.076661,0.037169,0.99468
0.012513,-0.019788,-0.038353,-0.058294,-0.075465,0.03647,0.99477
0.012421,-0.019796,-0.038603,-0.058055,-0.075051,0.035972,0.99484
0.01232,-0.019692,-0.038668,-0.057147,-0.075281,0.035688,0.99488
0.012152,-0.019567,-0.038641,-0.05564,-0.075856,0.035483,0.99493
0.011927,-0.019472,-0.038645,-0.05373,-0.076617,0.035296,0.99499
0.011686,-0.01941,-0.038658,-0.0515,-0.077093,0.034995,0.99508
0.01141,-0.019331,-0.038689,-0.0494,-0.077145,0.034584,0.99519
0.011151,-0.019271,-0.038846,-0.047844,-0.076501,0.034,0.99534
0.011032,-0.019202,-0.038963,-0.046692,-0.075365,0.033143,0.99551
0.010967,-0.019131,-0.039069,-0.045868,-0.074036,0.032186,0.99568
0.010915,-0.019064,-0.039125,-0.045287,-0.072898,0.031244,0.99582
0.010792,-0.018908,-0.039157,-0.044679,-0.072018,0.030383,0.99594
0.010611,-0.018808,-0.039216,-0.04395,-0.071476,0.029642,0.99603
0.010454,-0.018653,-0.039164,-0.042851,-0.071166,0.02896,0.99612
0.010252,-0.018546,-0.039088,-0.041167,-0.071114,0.028272,0.99622
0.010039,-0.018492,-0.038991,-0.039101,-0.07099,0.027559,0.99633
0.0098109,-0.018429,-0.038964,-0.036982,-0.070514,0.026761,0.99647
0.0095614,-0.018388,-0.038937,-0.034914,-0.069521,0.025848,0.99663
0.0093564,-0.01833,-0.038936,-0.033154,-0.068115,0.024694,0.99682
0.0091641,-0.018227,-0.038848,-0.031548,-0.066504,0.023428,0.99701
0.009016,-0.018053,-0.038673,-0.030014,-0.06507,0.022157,0.99718
0.00883,-0.017934,-0.038437,-0.02826,-0.064139,0.021006,0.99732
0.0086518,-0.017774,-0.038151,-0.026251,-0.063579,0.019957,0.99743
0.0084128,-0.017616,-0.037791,-0.023962,-0.063256,0.018933,0.99753
0.0081227,-0.017499,-0.037513,-0.021669,-0.062933,0.017948,0.99762
0.0077645,-0.01739,-0.037284,-0.019649,-0.062289,0.017166,0.99772
0.0073645,-0.017263,-0.037078,-0.017732,-0.061309,0.016521,0.99782
0.0069935,-0.017155,-0.036945,-0.016051,-0.060045,0.015942,0.99794
0.0065305,-0.017011,-0.03682,-0.014403,-0.058829,0.015451,0.99804
0.0061179,-0.016789,-0.03662,-0.012699,-0.057653,0.015089,0.99814
0.0057532,-0.016564,-0.036374,-0.011151,-0.056663,0.014774,0.99822
0.0054613,-0.016388,-0.036127,-0.0096189,-0.055977,0.014504,0.99828
0.0051296,-0.016252,-0.035919,-0.0079284,-0.055582,0.014305,0.99832
0.0048843,-0.016151,-0.035644,-0.0058011,-0.055324,0.013989,0.99835
0.0046718,-0.01603,-0.035321,-0.0032436,-0.055116,0.013555,0.99838
0.0043965,-0.015975,-0.035057,-0.00069605,-0.054736,0.013171,0.99841
0.004136,-0.015902,-0.034849,0.0017013,-0.054067,0.012841,0.99845
0.0039319,-0.015804,-0.034675,0.003865,-0.053198,0.012489,0.9985
0.0037219,-0.015689,-0.034557,0.0057113,-0.052309,0.01198,0.99854
0.0036225,-0.015551,-0.034498,0.0074679,-0.051425,0.011399,0.99858
0.003547,-0.015499,-0.034466,0.0092205,-0.05054,0.010771,0.99862
0.0034761,-0.01541,-0.034404,0.011226,-0.049718,0.0099516,0.99865
0.0034936,-0.015311,-0.034256,0.013477,-0.048873,0.0089434,0.99867
0.0036183,-0.015224,-0.033948,0.016085,-0.048172,0.0079086,0.99868
0.003718,-0.015154,-0.03362,0.018868,-0.047456,0.0069085,0.99867
0.0037635,-0.015125,-0.03331,0.021693,-0.046779,0.0058581,0.99865
0.0038142,-0.015043,-0.033047,0.024258,-0.046036,0.004834,0.99863
0.0038218,-0.014987,-0.03291,0.026422,-0.045196,0.0038315,0.99862
0.0038124,-0.014913,-0.032869,0.028349,-0.044157,0.0027617,0.99862
0.0038056,-0.014781,-0.032869,0.029992,-0.042878,0.0015889,0.99863
0.003718,-0.014618,-0.032898,0.031564,-0.041386,0.00029066,0.99864
0.003726,-0.014537,-0.0329,0.033077,-0.039766,-0.0011278,0.99866
0.0036982,-0.014435,-0.032881,0.034701,-0.0384,-0.0024312,0.99866
0.0036612,-0.014379,-0.032832,0.036245,-0.037434,-0.0034752,0.99864
0.0035528,-0.014363,-0.032789,0.037759,-0.036906,-0.004257,0.9986
0.0034094,-0.014282,-0.032818,0.038851,-0.036418,-0.0048442,0.99857
0.0031663,-0.014176,-0.033046,0.039201,-0.035689,-0.0052443,0.99858
0.0029914,-0.014028,-0.033369,0.03883,-0.034757,-0.0057711,0.99862
0.0028596,-0.013831,-0.033758,0.03826,-0.033973,-0.0061997,0.99867
0.0027174,-0.013636,-0.034178,0.037969,-0.033511,-0.0067379,0.99869
0.0026208,-0.013466,-0.034533,0.037897,-0.033157,-0.0074188,0.9987
0.0028717,-0.013466,-0.034595,0.037889,-0.03254,-0.008061,0.99872
0.0028271,-0.013359,-0.034936,0.037617,-0.031773,-0.0085966,0.99875
0.0024753,-0.01316,-0.03536,0.037516,-0.031386,-0.0089762,0.99876
0.0023836,-0.013093,-0.035551,0.038106,-0.031894,-0.009236,0.99872
0.0022885,-0.013001,-0.035781,0.038605,-0.032413,-0.0094958,0.99868
0.0024184,-0.013039,-0.03588,0.03913,-0.032711,-0.0097947,0.99865
0.0023401,-0.012983,-0.03621,0.03927,-0.032522,-0.010061,0.99865
0.0019437,-0.01276,-0.036788,0.039173,-0.032048,-0.010307,0.99867
0.0019365,-0.012742,-0.037175,0.039301,-0.031771,-0.010658,0.99867
0.0021939,-0.012802,-0.037392,0.039488,-0.031621,-0.010928,0.99866
0.0021636,-0.012811,-0.037708,0.039801,-0.031502,-0.011293,0.99865
0.002225,-0.012819,-0.037989,0.040268,-0.031758,-0.01176,0.99861
0.0023276,-0.012782,-0.038143,0.040972,-0.032213,-0.012159,0.99857
0.0024009,-0.012835,-0.038268,0.041905,-0.032696,-0.012402,0.99851
0.0024311,-0.012908,-0.038338,0.043079,-0.032899,-0.012612,0.99845
0.0024038,-0.012983,-0.038461,0.044145,-0.032765,-0.012764,0.99841
0.0023831,-0.013064,-0.038604,0.044996,-0.032302,-0.013076,0.99838
0.0024153,-0.01313,-0.038841,0.045618,-0.031808,-0.013584,0.99836
0.0024797,-0.013243,-0.039081,0.046053,-0.031326,-0.014298,0.99835
0.0025169,-0.013299,-0.039281,0.046614,-0.030959,-0.015195,0.99832
0.0026505,-0.013419,-0.039419,0.047362,-0.030835,-0.016195,0.99827
0.0027617,-0.013506,-0.039468,0.048322,-0.030736,-0.017295,0.99821
0.0029127,-0.013594,-0.039499,0.049228,-0.030511,-0.01839,0.99815
0.0030482,-0.013668,-0.039494,0.050113,-0.029943,-0.019393,0.99811
0.0030571,-0.013646,-0.039482,0.050961,-0.029252,-0.020173,0.99807
0.0030732,-0.013609,-0.039483,0.051782,-0.028694,-0.020867,0.99803
0.0030089,-0.013612,-0.039546,0.052219,-0.028042,-0.021361,0.99801
0.0029152,-0.013562,-0.039645,0.052345,-0.027287,-0.021791,0.99802
0.0028052,-0.01356,-0.039788,0.052254,-0.026423,-0.022119,0.99804
0.0026506,-0.013533,-0.039968,0.051953,-0.025703,-0.022521,0.99806
0.0025008,-0.013461,-0.040159,0.051547,-0.025209,-0.022832,0.99809
0.0023446,-0.013437,-0.040322,0.051154,-0.02489,-0.023106,0.99811
0.0022452,-0.013386,-0.04042,0.050958,-0.024732,-0.023222,0.99812
0.0022,-0.013322,-0.040467,0.051043,-0.024725,-0.023228,0.99812
0.0021605,-0.013304,-0.040403,0.051496,-0.02486,-0.023169,0.99809
0.0020937,-0.01327,-0.040305,0.051975,-0.024782,-0.023028,0.99808
0.0019735,-0.013257,-0.040284,0.052275,-0.024629,-0.022914,0.99807
0.0018723,-0.013255,-0.040231,0.052247,-0.024285,-0.022908,0.99808
0.0017642,-0.013238,-0.040344,0.051909,-0.023837,-0.022879,0.99811
0.0017044,-0.013231,-0.040437,0.05135,-0.023448,-0.022968,0.99814
0.0016882,-0.013192,-0.040504,0.050764,-0.023191,-0.023011,0.99818
0.0016583,-0.013182,-0.040615,0.050278,-0.023102,-0.023022,0.9982
0.0016883,-0.013182,-0.04065,0.050028,-0.023208,-0.023007,0.99821
0.0017822,-0.013199,-0.040584,0.050101,-0.023507,-0.022929,0.9982
0.0018839,-0.013229,-0.040473,0.050484,-0.023997,-0.022921,0.99817
0.0020376,-0.013283,-0.040342,0.050985,-0.024259,-0.022913,0.99814
0.0021049,-0.013292,-0.040207,0.051498,-0.024215,-0.022988,0.99811
0.0021332,-0.013296,-0.040138,0.051866,-0.023966,-0.023051,0.9981
0.0021681,-0.01331,-0.040086,0.051905,-0.023527,-0.02322,0.9981
0.0021672,-0.013291,-0.040106,0.05159,-0.023028,-0.023451,0.99813
0.0022057,-0.013226,-0.040192,0.051152,-0.022669,-0.023721,0.99815
0.002255,-0.013247,-0.040247,0.050607,-0.022537,-0.023901,0.99818
0.0023555,-0.013239,-0.040288,0.050175,-0.022658,-0.024005,0.99819
0.0025434,-0.013204,-0.040276,0.049848,-0.022942,-0.024073,0.9982
0.0026315,-0.013203,-0.04026,0.049698,-0.023216,-0.024026,0.99821
0.0027401,-0.013171,-0.040262,0.049733,-0.023648,-0.023993,0.99819
0.0028681,-0.01312,-0.040154,0.049984,-0.024016,-0.02397,0.99817
0.0029228,-0.01312,-0.040192,0.050031,-0.02414,-0.024061,0.99817
0.0028892,-0.013104,-0.040258,0.049868,-0.023934,-0.024265,0.99817
0.0028777,-0.013086,-0.04036,0.049435,-0.023575,-0.02449,0.9982
0.002921,-0.013073,-0.040498,0.048884,-0.023357,-0.024668,0.99823
0.0029862,-0.013098,-0.040564,0.048313,-0.023358,-0.024762,0.99825
0.0030534,-0.013092,-0.040638,0.047657,-0.02337,-0.024808,0.99828
0.0030161,-0.013026,-0.040713,0.047143,-0.023411,-0.024774,0.99831
0.0030379,-0.012929,-0.040722,0.046761,-0.023403,-0.024621,0.99833
0.0030392,-0.012898,-0.040774,0.046601,-0.02342,-0.024437,0.99834
0.003042,-0.01282,-0.040765,0.046717,-0.023586,-0.024229,0.99834
0.0029997,-0.012833,-0.040727,0.047079,-0.023732,-0.024169,0.99832
0.0030493,-0.01284,-0.040684,0.047375,-0.023662,-0.024229,0.9983
0.0030483,-0.012896,-0.040651,0.047612,-0.023468,-0.024329,0.99829
0.0031075,-0.012903,-0.040596,0.047665,-0.023198,-0.024543,0.99829
0.0032511,-0.01289,-0.040556,0.047464,-0.023039,-0.024745,0.9983
0.0032998,-0.012854,-0.040565,0.047097,-0.022979,-0.024938,0.99831
0.0033895,-0.012789,-0.040554,0.046651,-0.022924,-0.02508,0.99833
0.003466,-0.012746,-0.040568,0.046297,-0.022867,-0.0251,0.99835
0.0035534,-0.012669,-0.040534,0.046204,-0.022788,-0.025093,0.99836
0.0036183,-0.012615,-0.040508,0.04629,-0.022781,-0.025099,0.99835
0.0036663,-0.0126,-0.040439,0.046586,-0.022712,-0.025159,0.99834
0.0037311,-0.012584,-0.040375,0.046875,-0.022559,-0.025176,0.99833
0.0038351,-0.012578,-0.040325,0.047172,-0.022576,-0.025283,0.99831
0.0038502,-0.012515,-0.04025,0.047422,-0.022467,-0.025339,0.9983
0.0039413,-0.012539,-0.040131,0.047395,-0.022208,-0.02542,0.99831
0.0040242,-0.012572,-0.040123,0.047212,-0.022137,-0.025453,0.99832
0.0040511,-0.012518,-0.040091,0.047047,-0.022236,-0.025443,0.99832
0.0041377,-0.0125,-0.040015,0.046844,-0.022383,-0.025431,0.99833
0.0041593,-0.012396,-0.039939,0.046678,-0.022398,-0.025333,0.99834
0.0041517,-0.012327,-0.039884,0.046604,-0.022408,-0.025156,0.99835
0.0041685,-0.012295,-0.03987,0.046484,-0.02238,-0.024934,0.99836
0.0041884,-0.012241,-0.039794,0.046415,-0.022389,-0.024711,0.99837
0.0042805,-0.01218,-0.039729,0.046527,-0.022641,-0.024635,0.99836
0.0043976,-0.012181,-0.039604,0.046877,-0.023177,-0.02458,0.99833
0.0044892,-0.01216,-0.039544,0.047136,-0.023718,-0.024605,0.9983
0.0046091,-0.012145,-0.039443,0.047244,-0.024056,-0.024662,0.99829
0.0047235,-0.012141,-0.039432,0.047075,-0.024239,-0.024826,0.99829
0.0047907,-0.012093,-0.039494,0.046762,-0.024304,-0.025024,0.9983
0.004863,-0.012039,-0.039545,0.04627,-0.024213,-0.025121,0.99832
0.0048898,-0.011975,-0.039603,0.045831,-0.024245,-0.025265,0.99834
0.0049475,-0.011881,-0.039591,0.04547,-0.024187,-0.025371,0.99835
0.0049952,-0.011854,-0.039586,0.045292,-0.024117,-0.025318,0.99836
0.0050009,-0.011805,-0.039516,0.045304,-0.024117,-0.025186,0.99836
0.0050165,-0.011787,-0.039414,0.045486,-0.024104,-0.025067,0.99836
0.0050035,-0.011858,-0.03935,0.045754,-0.024086,-0.024912,0.99835
0.0049535,-0.011902,-0.039266,0.045856,-0.02408,-0.0247,0.99835
0.004963,-0.011993,-0.039233,0.045921,-0.024211,-0.024493,0.99835
0.0049544,-0.012035,-0.039248,0.045696,-0.024493,-0.024309,0.99836
0.0048884,-0.012134,-0.039369,0.045209,-0.024796,-0.024153,0.99838
0.0049208,-0.012228,-0.039517,0.044459,-0.025034,-0.023978,0.99841
0.0049663,-0.012336,-0.039756,0.043485,-0.025245,-0.023873,0.99845
0.0050287,-0.012445,-0.040013,0.042373,-0.025424,-0.023805,0.99849
0.0050398,-0.012605,-0.040302,0.041307,-0.025556,-0.023693,0.99854
0.0050974,-0.01268,-0.040496,0.040629,-0.0257,-0.023608,0.99856
0.0051568,-0.012778,-0.040616,0.040291,-0.025647,-0.023371,0.99859
0.0051653,-0.012842,-0.040651,0.040234,-0.025658,-0.022976,0.9986
0.0051433,-0.01296,-0.040697,0.040262,-0.025663,-0.022587,0.9986
0.0051175,-0.013025,-0.040641,0.040218,-0.025848,-0.022155,0.99861
0.0050866,-0.013095,-0.040691,0.039958,-0.026093,-0.021795,0.99862
0.0050597,-0.013113,-0.040747,0.03945,-0.026531,-0.021466,0.99864
0.005095,-0.013121,-0.040851,0.038818,-0.027105,-0.021258,0.99865
0.0051251,-0.013116,-0.04094,0.038002,-0.02761,-0.021041,0.99867
0.0052119,-0.013116,-0.041116,0.036903,-0.027874,-0.020929,0.99871
0.0052703,-0.013091,-0.041347,0.035496,-0.02773,-0.020968,0.99876
0.0053117,-0.013108,-0.041604,0.034006,-0.027027,-0.020989,0.99884
0.0053145,-0.013132,-0.041881,0.032672,-0.026051,-0.020971,0.99891
0.0053031,-0.013161,-0.04206,0.031712,-0.025309,-0.02081,0.99896
0.0053055,-0.01321,-0.042079,0.031188,-0.025095,-0.020598,0.99899
0.0053241,-0.013261,-0.042062,0.030962,-0.025292,-0.020326,0.99899
0.0053076,-0.01328,-0.041998,0.030757,-0.025749,-0.020019,0.99899
0.0052831,-0.013345,-0.041989,0.030275,-0.02605,-0.019817,0.99901
0.0051641,-0.013325,-0.042029,0.029412,-0.026036,-0.019717,0.99903
0.004992,-0.013335,-0.042222,0.027994,-0.025632,-0.01966,0.99909
0.0048173,-0.013253,-0.04248,0.026149,-0.024871,-0.019702,0.99915
0.0047322,-0.013182,-0.042774,0.024163,-0.023987,-0.019813,0.99922
0.0045741,-0.013128,-0.042904,0.022541,-0.023251,-0.019824,0.99928
0.0044677,-0.01304,-0.042896,0.021597,-0.023244,-0.019632,0.9993
0.0044192,-0.013006,-0.042708,0.021568,-0.024079,-0.019123,0.99929
0.0043177,-0.012967,-0.042381,0.021927,-0.025235,-0.018385,0.99927
0.0041853,-0.013038,-0.042134,0.022141,-0.02627,-0.017723,0.99925
0.0040275,-0.013097,-0.041979,0.021913,-0.026775,-0.017196,0.99925
0.0038618,-0.013186,-0.041973,0.021112,-0.026802,-0.016882,0.99928
0.0037725,-0.013247,-0.042038,0.019938,-0.026682,-0.016759,0.9993
0.0037467,-0.013279,-0.042129,0.018495,-0.026495,-0.016703,0.99934
0.0037112,-0.013278,-0.04224,0.017066,-0.026565,-0.016738,0.99936
0.0037813,-0.013229,-0.0422,0.015897,-0.027179,-0.016757,0.99936
0.0039456,-0.013178,-0.04204,0.015057,-0.028464,-0.016549,0.99934
0.0039971,-0.013091,-0.041849,0.014434,-0.030164,-0.016229,0.99931
0.0040939,-0.013055,-0.041719,0.013711,-0.0317,-0.015899,0.99928
0.0041606,-0.013048,-0.041671,0.01264,-0.032787,-0.015672,0.99926
0.0042089,-0.013082,-0.041709,0.011335,-0.033196,-0.015547,0.99926
0.004298,-0.013124,-0.041825,0.009771,-0.033146,-0.015525,0.99928
0.0044357,-0.013175,-0.041967,0.0079604,-0.032814,-0.015574,0.99931
0.0045777,-0.01319,-0.042035,0.0062977,-0.032684,-0.01563,0.99932
0.0048134,-0.013191,-0.042042,0.0048917,-0.033098,-0.015717,0.99932
0.0049762,-0.013211,-0.041991,0.00376,-0.034055,-0.015611,0.99929
0.0051421,-0.013236,-0.041834,0.0028455,-0.035431,-0.015352,0.99925
0.0052887,-0.013237,-0.041639,0.0019958,-0.036934,-0.014927,0.9992
0.0053579,-0.013256,-0.041449,0.0012676,-0.038214,-0.014375,0.99917
0.0053952,-0.013248,-0.041198,0.00060206,-0.038975,-0.013562,0.99915
0.0054371,-0.013255,-0.040978,-0.00011395,-0.039047,-0.01269,0.99916
0.0054184,-0.013216,-0.040741,-0.001267,-0.038506,-0.01178,0.99919
0.0054438,-0.013212,-0.040632,-0.0029645,-0.03766,-0.010869,0.99923
0.0054332,-0.013206,-0.040512,-0.0046376,-0.037243,-0.010098,0.99924
0.0055616,-0.013146,-0.040295,-0.0060075,-0.037576,-0.0095755,0.99923
0.0057071,-0.013135,-0.040099,-0.0074547,-0.03865,-0.0091435,0.99918
0.0059344,-0.013123,-0.039829,-0.0087966,-0.039889,-0.0086346,0.99913
0.0061208,-0.01309,-0.039589,-0.010396,-0.041148,-0.008108,0.99907
0.0062901,-0.013079,-0.039325,-0.012052,-0.042283,-0.0076222,0.999
0.0064315,-0.013044,-0.039187,-0.013942,-0.043133,-0.0070702,0.99895
0.0065826,-0.013027,-0.039064,-0.01599,-0.04352,-0.0063691,0.9989
0.0067023,-0.012966,-0.039007,-0.018454,-0.043467,-0.0055471,0.99887
0.0068092,-0.012949,-0.038955,-0.021298,-0.043094,-0.004821,0.99883
0.0069648,-0.012924,-0.039076,-0.024597,-0.042495,-0.0041468,0.99879
0.0071134,-0.012944,-0.039171,-0.028065,-0.042079,-0.0036356,0.99871
0.0072924,-0.012937,-0.039208,-0.03104,-0.042488,-0.0032153,0.99861
0.0076176,-0.012892,-0.038977,-0.033228,-0.044132,-0.002865,0.99847
0.0078939,-0.012837,-0.038646,-0.034937,-0.046261,-0.0024277,0.99832
0.0081706,-0.012775,-0.038249,-0.036474,-0.048292,-0.0019148,0.99817
0.0084008,-0.012728,-0.037881,-0.038043,-0.049892,-0.001348,0.99803
0.0085746,-0.012726,-0.037682,-0.039927,-0.050654,-0.00061615,0.99792
0.0088328,-0.012639,-0.037059,-0.039927,-0.050654,-0.00061615,0.99792
0.00884,-0.012772,-0.037412,-0.044689,-0.050046,0.00086331,0.99775
0.0090117,-0.012827,-0.037295,-0.047553,-0.049579,0.0013798,0.99764
0.0092763,-0.012684,-0.036574,-0.047553,-0.049579,0.0013798,0.99764
0.0094831,-0.012657,-0.03631,-0.050356,-0.04997,0.0017951,0.99748
0.0097745,-0.012588,-0.035942,-0.052818,-0.051374,0.0021676,0.99728
0.010029,-0.012543,-0.035549,-0.054915,-0.053485,0.0026388,0.99705
0.010209,-0.012457,-0.035082,-0.056775,-0.05588,0.0030899,0.99682
0.010375,-0.012431,-0.034642,-0.058313,-0.057822,0.0036969,0.99662
0.010473,-0.012398,-0.034188,-0.059685,-0.059017,0.0044345,0.99646
0.010533,-0.012406,-0.033775,-0.061119,-0.05927,0.0053605,0.99635
0.010533,-0.012399,-0.033328,-0.062659,-0.058625,0.0063911,0.99629
0.010587,-0.012388,-0.032895,-0.064617,-0.057706,0.0073749,0.99621
0.010582,-0.012366,-0.032559,-0.067024,-0.057124,0.0083388,0.99608
0.010682,-0.012348,-0.032197,-0.06969,-0.05729,0.0090994,0.99588
0.010783,-0.012318,-0.031844,-0.07221,-0.058308,0.0097532,0.99564
0.010968,-0.012307,-0.031459,-0.07454,-0.059963,0.010512,0.99536
0.011114,-0.012347,-0.031111,-0.076494,-0.06185,0.011367,0.99508
0.011152,-0.012357,-0.030788,-0.078014,-0.063621,0.012413,0.99484
0.011233,-0.012371,-0.030543,-0.079483,-0.06448,0.01338,0.99466
0.011299,-0.012394,-0.030356,-0.081214,-0.064318,0.014253,0.99452
0.011363,-0.012391,-0.030227,-0.083361,-0.063407,0.014991,0.99439
0.011446,-0.012387,-0.029982,-0.08546,-0.062535,0.015725,0.99425
0.011658,-0.012266,-0.029448,-0.086811,-0.062777,0.016558,0.99411
0.011965,-0.012122,-0.028767,-0.087351,-0.064516,0.017451,0.99393
0.012303,-0.011957,-0.027933,-0.08732,-0.06721,0.018544,0.99374
0.01296,-0.011823,-0.027341,-0.08759,-0.069884,0.019657,0.99351
0.012738,-0.011768,-0.026786,-0.088489,-0.071866,0.020705,0.99327
0.012977,-0.011681,-0.026496,-0.089987,-0.072855,0.021719,0.99304
0.01322,-0.011662,-0.026412,-0.09186,-0.073048,0.022597,0.99283
0.013615,-0.011623,-0.02629,-0.093879,-0.072559,0.023454,0.99266
0.014246,-0.011406,-0.025774,-0.095885,-0.071681,0.024267,0.99251
0.014389,-0.011493,-0.026075,-0.097752,-0.071006,0.024983,0.99236
0.014793,-0.011425,-0.025834,-0.099173,-0.071034,0.025745,0.9922
0.015207,-0.011348,-0.025526,-0.10031,-0.071861,0.02647,0.992
0.015505,-0.011294,-0.025227,-0.10144,-0.073337,0.027281,0.99176
0.01618,-0.011248,-0.024785,-0.10289,-0.075095,0.028157,0.99145
0.016164,-0.011374,-0.024803,-0.10458,-0.076871,0.029088,0.99111
0.016479,-0.011471,-0.024785,-0.10639,-0.078225,0.03008,0.99079
0.016737,-0.011572,-0.024883,-0.10839,-0.078859,0.03114,0.99049
0.01699,-0.01173,-0.025036,-0.11065,-0.078559,0.032105,0.99023
0.01723,-0.011838,-0.025211,-0.11325,-0.077331,0.032884,0.99001
0.017401,-0.012026,-0.025442,-0.1161,-0.075645,0.033648,0.98978
0.017596,-0.012148,-0.025525,-0.11864,-0.074627,0.034467,0.98953
0.01774,-0.012231,-0.02546,-0.12057,-0.074775,0.03527,0.98926
0.01787,-0.012286,-0.025245,-0.12212,-0.076193,0.036157,0.98893
0.017984,-0.01236,-0.025063,-0.1237,-0.078305,0.03717,0.98853
0.01812,-0.012472,-0.024925,-0.12561,-0.080698,0.03821,0.98805
0.018248,-0.012605,-0.024997,-0.128,-0.082908,0.039198,0.98752
0.01844,-0.012721,-0.025206,-0.13085,-0.084585,0.039974,0.98698
0.018665,-0.012921,-0.025557,-0.13407,-0.08538,0.040651,0.98645
0.018712,-0.013173,-0.026,-0.13756,-0.085121,0.041847,0.98594
0.018813,-0.013395,-0.026423,-0.14132,-0.084096,0.042554,0.98547
0.018823,-0.013564,-0.026708,-0.1451,-0.083201,0.043298,0.98496
0.018846,-0.013731,-0.026954,-0.14886,-0.08343,0.044293,0.98434
0.018777,-0.013835,-0.027056,-0.15231,-0.085195,0.045687,0.98359
0.018718,-0.013966,-0.027073,-0.15536,-0.088316,0.047295,0.98276
0.018679,-0.01404,-0.027033,-0.15788,-0.092219,0.048896,0.98193
0.01829,-0.014323,-0.02746,-0.15976,-0.096201,0.050224,0.98117
0.018367,-0.014324,-0.027323,-0.16155,-0.099397,0.051251,0.98051
0.019162,-0.014005,-0.026743,-0.16386,-0.10129,0.052081,0.97989
0.018842,-0.014221,-0.026963,-0.16699,-0.10205,0.054639,0.97914
0.018371,-0.014558,-0.027599,-0.17108,-0.10169,0.055325,0.97843
0.01795,-0.015083,-0.028489,-0.17553,-0.10117,0.056046,0.97766
0.018259,-0.014968,-0.028169,-0.17978,-0.10129,0.057013,0.97682
0.018538,-0.015132,-0.028375,-0.18325,-0.10279,0.058292,0.97594
0.018389,-0.015207,-0.028218,-0.18554,-0.1059,0.060237,0.97506
0.01781,-0.015123,-0.027465,-0.18696,-0.1098,0.061591,0.97427
0.017657,-0.015043,-0.026983,-0.18789,-0.11379,0.06272,0.97356
0.017509,-0.014995,-0.026578,-0.18903,-0.11707,0.063749,0.97288
0.017876,-0.014981,-0.026414,-0.19059,-0.11925,0.064867,0.97224
0.017554,-0.015003,-0.026187,-0.19266,-0.12043,0.065945,0.97161
0.016721,-0.015182,-0.026199,-0.19516,-0.12086,0.067032,0.97098
0.0165,-0.015279,-0.026272,-0.19803,-0.12072,0.068102,0.97035
0.016265,-0.015366,-0.026347,-0.20114,-0.12037,0.0692,0.96967
0.016498,-0.015435,-0.026364,-0.20444,-0.12026,0.070353,0.96891
0.016249,-0.015566,-0.026435,-0.20753,-0.12073,0.071447,0.96812
0.015124,-0.016058,-0.02684,-0.2101,-0.1218,0.072356,0.96736
0.014948,-0.016018,-0.026645,-0.21209,-0.12323,0.073079,0.96669
0.014727,-0.015972,-0.026345,-0.21342,-0.12475,0.073972,0.96613
0.015017,-0.015847,-0.026048,-0.21447,-0.12594,0.074926,0.96567
0.014806,-0.015763,-0.025782,-0.21599,-0.12622,0.075323,0.96527
0.014024,-0.015895,-0.025871,-0.21825,-0.12572,0.076262,0.96475
0.013801,-0.01599,-0.026011,-0.22138,-0.12464,0.077149,0.96411
0.013597,-0.016169,-0.026211,-0.22521,-0.12351,0.078062,0.96329
0.013804,-0.016309,-0.026391,-0.22952,-0.12285,0.078968,0.96228
0.013848,-0.01651,-0.026662,-0.23374,-0.12285,0.079295,0.96124
0.01359,-0.016732,-0.026762,-0.23742,-0.12378,0.07992,0.96017
0.013659,-0.016786,-0.02669,-0.24041,-0.1253,0.080569,0.95917
0.013706,-0.016816,-0.026581,-0.24271,-0.127,0.08141,0.9583
0.014021,-0.016784,-0.026462,-0.24461,-0.1285,0.082267,0.95754
0.013951,-0.01681,-0.026338,-0.2466,-0.12928,0.083227,0.95684
0.013515,-0.016997,-0.02647,-0.24896,-0.12926,0.084098,0.95616
0.013424,-0.01715,-0.026645,-0.25196,-0.12877,0.084937,0.95536
0.013375,-0.017363,-0.026875,-0.25536,-0.12816,0.085724,0.95447
0.013582,-0.0175,-0.026968,-0.25891,-0.1277,0.086358,0.95352
0.013669,-0.017719,-0.027183,-0.26217,-0.12764,0.086786,0.9526
0.013598,-0.017913,-0.027269,-0.26455,-0.12817,0.087438,0.95181
0.013681,-0.017974,-0.027065,-0.26623,-0.12905,0.08806,0.95116
0.013773,-0.017948,-0.026743,-0.26734,-0.12999,0.088554,0.95068
0.014032,-0.017913,-0.026494,-0.26815,-0.13077,0.089058,0.9503
0.013995,-0.017886,-0.026181,-0.26883,-0.13133,0.089547,0.94998
0.013787,-0.017859,-0.025778,-0.26957,-0.13168,0.090311,0.94965
0.013781,-0.017887,-0.025573,-0.27068,-0.13189,0.091072,0.94923
0.01377,-0.017967,-0.025483,-0.2723,-0.13195,0.091874,0.94869
0.013964,-0.018063,-0.025424,-0.27439,-0.13186,0.092373,0.94805
0.014091,-0.018242,-0.025553,-0.2768,-0.13144,0.092248,0.94741
0.014135,-0.018496,-0.025864,-0.279,-0.13097,0.092369,0.94682
0.014288,-0.018632,-0.025961,-0.28084,-0.13056,0.092458,0.94633
0.014476,-0.018739,-0.025955,-0.28223,-0.1303,0.09263,0.94593
0.014638,-0.018748,-0.025784,-0.28307,-0.13018,0.092833,0.94568
0.014755,-0.018698,-0.025571,-0.28342,-0.13051,0.093175,0.94549
0.014861,-0.01865,-0.025277,-0.2834,-0.13137,0.093781,0.94532
0.014913,-0.018591,-0.024964,-0.28334,-0.13249,0.094551,0.94511
0.014984,-0.018601,-0.024801,-0.28384,-0.13352,0.095425,0.94472
0.015115,-0.018659,-0.024749,-0.28504,-0.13441,0.096225,0.94415
0.015181,-0.018854,-0.024843,-0.28691,-0.13492,0.096836,0.94345
0.015128,-0.01927,-0.02544,-0.28942,-0.13493,0.097242,0.94264
0.015296,-0.019637,-0.02589,-0.29229,-0.13441,0.097468,0.94181
0.015395,-0.020026,-0.026338,-0.29525,-0.1336,0.097716,0.94097
0.015619,-0.020298,-0.026304,-0.29799,-0.13285,0.098059,0.94018
0.015712,-0.020653,-0.026671,-0.30025,-0.13238,0.098496,0.93948
0.015785,-0.020887,-0.026874,-0.3019,-0.13236,0.099005,0.9389
0.015634,-0.021175,-0.027093,-0.30294,-0.13277,0.099756,0.93843
0.015616,-0.021283,-0.026991,-0.30358,-0.13359,0.10069,0.93801
0.015769,-0.021332,-0.026859,-0.30445,-0.13476,0.10164,0.93745
0.015859,-0.021544,-0.026915,-0.30598,-0.13588,0.10195,0.93676
0.015869,-0.021789,-0.027106,-0.30798,-0.13681,0.10248,0.93591
0.015863,-0.022128,-0.027399,-0.31042,-0.13722,0.10307,0.93498
0.015879,-0.022566,-0.027759,-0.31306,-0.13702,0.10371,0.93406
0.015857,-0.022985,-0.028112,-0.31558,-0.13623,0.10431,0.93326
0.015789,-0.023411,-0.028536,-0.31782,-0.13519,0.10492,0.93258
0.015748,-0.023768,-0.028836,-0.31967,-0.13397,0.10515,0.9321
0.015717,-0.024018,-0.029097,-0.32107,-0.13297,0.10547,0.93172
0.015669,-0.024215,-0.029195,-0.32208,-0.13247,0.10588,0.9314
0.015561,-0.024384,-0.029208,-0.32297,-0.13253,0.10658,0.931
0.01549,-0.024557,-0.02911,-0.324,-0.13302,0.10737,0.93048
0.015419,-0.024734,-0.029053,-0.32517,-0.1337,0.10827,0.92987
0.015359,-0.024968,-0.02901,-0.3265,-0.13416,0.10914,0.92924
0.015285,-0.025211,-0.029005,-0.32808,-0.13417,0.11005,0.92857
0.015251,-0.025541,-0.029113,-0.32996,-0.13368,0.11075,0.9279
0.01522,-0.02586,-0.029306,-0.33194,-0.1328,0.11126,0.92725
0.015159,-0.02616,-0.02955,-0.33385,-0.13175,0.11167,0.92667
0.015173,-0.026429,-0.029836,-0.33546,-0.13072,0.11201,0.92619
0.015157,-0.026705,-0.030022,-0.33667,-0.12989,0.11226,0.92584
0.015086,-0.02686,-0.030148,-0.33743,-0.1292,0.11251,0.92563
0.015113,-0.027015,-0.030193,-0.33807,-0.12881,0.11281,0.92542
0.015121,-0.027122,-0.030119,-0.33863,-0.12875,0.1133,0.92516
0.015163,-0.027248,-0.030127,-0.33933,-0.12914,0.1138,0.92479
0.015203,-0.027379,-0.03013,-0.34019,-0.12966,0.11419,0.92435
0.015277,-0.027491,-0.030176,-0.3412,-0.13011,0.11442,0.92389
0.015404,-0.027583,-0.030238,-0.34237,-0.13034,0.11466,0.92339
0.015517,-0.027728,-0.030314,-0.34353,-0.13036,0.11482,0.92293
0.01565,-0.027889,-0.030459,-0.3447,-0.13021,0.11489,0.92251
0.015735,-0.028053,-0.030583,-0.3457,-0.12996,0.11486,0.92218
0.015856,-0.028155,-0.03073,-0.34629,-0.12969,0.11474,0.92201
0.015958,-0.028158,-0.030723,-0.34636,-0.12948,0.11453,0.92204
0.016066,-0.028123,-0.030603,-0.34603,-0.12963,0.11455,0.92214
0.016125,-0.028033,-0.03044,-0.34541,-0.13016,0.11452,0.9223
0.016208,-0.0279,-0.030212,-0.34477,-0.13111,0.11454,0.9224
0.01631,-0.027765,-0.030062,-0.34424,-0.13229,0.11457,0.92243
0.016417,-0.027676,-0.029912,-0.34423,-0.13319,0.11443,0.92232
0.016479,-0.027721,-0.029915,-0.34487,-0.13365,0.11449,0.92201
0.016438,-0.027921,-0.030098,-0.34609,-0.13355,0.11457,0.92155
0.016407,-0.028108,-0.030309,-0.34754,-0.13307,0.11472,0.92106
0.016417,-0.028378,-0.030497,-0.34883,-0.13232,0.11494,0.92065
0.016456,-0.028524,-0.030677,-0.34973,-0.13116,0.11446,0.92053
0.016426,-0.028623,-0.030734,-0.34993,-0.13048,0.1147,0.92053
0.016403,-0.028563,-0.030613,-0.34923,-0.13023,0.11491,0.9208
0.016421,-0.028316,-0.030269,-0.34776,-0.13046,0.11515,0.92129
0.016397,-0.027997,-0.029792,-0.34586,-0.13122,0.11539,0.92187
0.016431,-0.027624,-0.029318,-0.34379,-0.1324,0.11545,0.92247
0.016541,-0.027279,-0.028925,-0.3421,-0.13364,0.11536,0.92293
0.016612,-0.027042,-0.02865,-0.34119,-0.13437,0.11522,0.92318
0.01672,-0.026949,-0.02855,-0.34121,-0.13437,0.11505,0.92319
0.016786,-0.026995,-0.02855,-0.34192,-0.13367,0.11481,0.92306
0.016857,-0.027082,-0.028603,-0.34297,-0.13261,0.11466,0.92284
0.016984,-0.02714,-0.028656,-0.34372,-0.13157,0.11448,0.92274
0.017101,-0.027149,-0.02866,-0.34396,-0.13081,0.11434,0.92277
0.017166,-0.02705,-0.028549,-0.34341,-0.13057,0.11428,0.92302
0.017323,-0.026814,-0.028266,-0.34229,-0.13076,0.11413,0.92342
0.017392,-0.026565,-0.027935,-0.34083,-0.13142,0.11402,0.92389
0.017511,-0.026289,-0.02756,-0.33933,-0.13249,0.11383,0.92431
0.017699,-0.026072,-0.027273,-0.33824,-0.13377,0.1137,0.92454
0.01796,-0.025913,-0.027083,-0.33798,-0.13487,0.11354,0.92449
0.018129,-0.025937,-0.027093,-0.33866,-0.13525,0.11343,0.9242
0.018229,-0.026134,-0.02727,-0.34026,-0.13408,0.11333,0.9238
0.01833,-0.026366,-0.027557,-0.34183,-0.13297,0.11328,0.92339
0.018399,-0.02659,-0.027857,-0.34306,-0.13148,0.11327,0.92314
0.018466,-0.026725,-0.028035,-0.3437,-0.13006,0.1133,0.9231
0.018503,-0.026772,-0.028063,-0.34369,-0.12902,0.11344,0.92324
0.018611,-0.02668,-0.027905,-0.34268,-0.12919,0.11343,0.92359
0.018612,-0.026584,-0.027709,-0.34171,-0.12939,0.11355,0.9239
0.01859,-0.026477,-0.02756,-0.34065,-0.13015,0.11357,0.92418
0.018626,-0.026412,-0.027288,-0.34,-0.13119,0.11359,0.92428
0.018667,-0.026388,-0.027219,-0.33978,-0.13187,0.11352,0.92427
0.018478,-0.026513,-0.027141,-0.33969,-0.13265,0.11521,0.92398
0.018408,-0.026578,-0.027216,-0.34008,-0.13207,0.11517,0.92392
0.018393,-0.026611,-0.027325,-0.34046,-0.13119,0.11508,0.92392
0.018345,-0.02663,-0.027467,-0.34072,-0.13026,0.11507,0.92396
0.018345,-0.026699,-0.027605,-0.34073,-0.12961,0.11504,0.92405
0.018334,-0.026709,-0.027742,-0.34046,-0.12921,0.11492,0.92422
0.018331,-0.026759,-0.027845,-0.34002,-0.12927,0.11487,0.92438
0.018379,-0.026747,-0.027892,-0.33945,-0.12971,0.11473,0.92455
0.018405,-0.026713,-0.027922,-0.33875,-0.13041,0.11461,0.92472
0.018533,-0.026639,-0.02794,-0.33776,-0.1316,0.11433,0.92495
0.018553,-0.026658,-0.027933,-0.33742,-0.13214,0.11429,0.925
0.018611,-0.026722,-0.028015,-0.33758,-0.13232,0.11431,0.92491
0.018559,-0.026915,-0.028252,-0.3384,-0.13185,0.1143,0.92468
0.018448,-0.027139,-0.028535,-0.33942,-0.13087,0.11437,0.92444
0.018363,-0.027358,-0.028865,-0.34042,-0.12968,0.11439,0.92424
0.018198,-0.027569,-0.029084,-0.34105,-0.12855,0.11476,0.92412
0.01808,-0.027779,-0.029382,-0.34137,-0.12771,0.11475,0.92412
0.018095,-0.02792,-0.029517,-0.34141,-0.12728,0.11476,0.92416
0.018049,-0.028024,-0.029655,-0.34117,-0.1274,0.11482,0.92422
0.017965,-0.028064,-0.029739,-0.34078,-0.12789,0.11487,0.92429
0.017953,-0.028058,-0.029863,-0.34057,-0.12835,0.11437,0.92437
0.017858,-0.0281,-0.029955,-0.34045,-0.12869,0.11444,0.92436
0.017799,-0.028188,-0.030031,-0.34057,-0.12865,0.11458,0.9243
0.017665,-0.02833,-0.030181,-0.3409,-0.1282,0.11475,0.92422
0.017521,-0.028494,-0.030366,-0.34143,-0.12733,0.11485,0.92413
0.017361,-0.028661,-0.030605,-0.34199,-0.12637,0.11492,0.92405
0.017265,-0.028721,-0.030854,-0.34202,-0.12594,0.11488,0.9241
0.017184,-0.028862,-0.031112,-0.34215,-0.12543,0.11494,0.92412
0.017117,-0.028965,-0.031257,-0.34199,-0.12525,0.11506,0.92419
0.017069,-0.029002,-0.031398,-0.34153,-0.1254,0.11509,0.92433
0.017037,-0.02903,-0.031483,-0.34104,-0.12576,0.11495,0.92448
0.017013,-0.029002,-0.031532,-0.34029,-0.12675,0.11475,0.92465
0.01695,-0.029035,-0.031514,-0.34014,-0.12743,0.11481,0.9246
0.016903,-0.029056,-0.031577,-0.3402,-0.12778,0.11477,0.92453
0.016828,-0.02909,-0.031696,-0.34055,-0.12763,0.11485,0.92442
0.01676,-0.029147,-0.031802,-0.34116,-0.1271,0.11483,0.92427
0.016649,-0.02926,-0.031953,-0.34173,-0.12644,0.11489,0.92414
0.016607,-0.029375,-0.032093,-0.34206,-0.1259,0.11501,0.92408
0.016593,-0.02947,-0.032201,-0.34217,-0.12556,0.11507,0.92407
0.016521,-0.029493,-0.032279,-0.34199,-0.12547,0.11514,0.92414
0.016532,-0.029409,-0.032276,-0.34168,-0.12554,0.11481,0.92429
0.016504,-0.029352,-0.032208,-0.34101,-0.1258,0.11492,0.92449
0.016545,-0.029224,-0.032103,-0.33998,-0.1266,0.11484,0.92477
0.016517,-0.029146,-0.03199,-0.33958,-0.12689,0.11494,0.92486
0.016472,-0.029079,-0.031927,-0.33965,-0.12698,0.11494,0.92483
0.016415,-0.029147,-0.031984,-0.34015,-0.1267,0.11486,0.92469
0.016391,-0.029195,-0.0321,-0.34082,-0.12635,0.11489,0.92449
0.016391,-0.02928,-0.032158,-0.34145,-0.12604,0.11491,0.92429
0.016389,-0.029324,-0.032225,-0.34189,-0.12589,0.11491,0.92415
0.016373,-0.029321,-0.032237,-0.34198,-0.1259,0.11496,0.92411
0.016356,-0.029255,-0.032204,-0.34155,-0.12596,0.11496,0.92426
0.016294,-0.02911,-0.032097,-0.34071,-0.12604,0.11501,0.92456
0.016298,-0.02894,-0.031953,-0.33972,-0.12603,0.115,0.92492
0.0162,-0.028812,-0.031787,-0.3388,-0.12581,0.11496,0.92529
0.016165,-0.028823,-0.031779,-0.3388,-0.12581,0.11496,0.92529
0.016084,-0.028687,-0.031566,-0.33818,-0.12539,0.11485,0.92559
0.016029,-0.028635,-0.031432,-0.3379,-0.12495,0.1147,0.92577
0.015988,-0.028557,-0.031311,-0.33786,-0.12443,0.11452,0.92588
0.015924,-0.028497,-0.031199,-0.33792,-0.12391,0.11432,0.92595
0.015861,-0.028417,-0.031103,-0.33793,-0.12335,0.11414,0.92604
0.015785,-0.028275,-0.030997,-0.33737,-0.12315,0.11383,0.92631
0.015696,-0.028045,-0.030796,-0.33631,-0.12304,0.11363,0.92674
0.015574,-0.027876,-0.030584,-0.33518,-0.12238,0.11345,0.92726
0.015407,-0.027665,-0.030374,-0.33382,-0.12157,0.11322,0.92788
0.015304,-0.027459,-0.030155,-0.33229,-0.12063,0.11291,0.92859
0.015292,-0.027208,-0.029906,-0.33043,-0.12013,0.1123,0.92939
0.015302,-0.027034,-0.029577,-0.32877,-0.11914,0.11183,0.93017
0.015232,-0.026815,-0.02934,-0.32694,-0.11821,0.11131,0.93099
0.015197,-0.026533,-0.029041,-0.32488,-0.11758,0.11072,0.93186
0.015181,-0.026206,-0.028651,-0.32256,-0.11723,0.11033,0.93276
0.015109,-0.025902,-0.028349,-0.32017,-0.11719,0.11005,0.93362
0.015026,-0.025604,-0.028117,-0.31782,-0.11697,0.10962,0.9345
0.014964,-0.02536,-0.027958,-0.31558,-0.11654,0.10922,0.93536
0.014914,-0.025111,-0.027814,-0.31313,-0.11566,0.10878,0.93634
0.014897,-0.024932,-0.027645,-0.31053,-0.11414,0.10824,0.93746
0.014906,-0.02478,-0.027531,-0.30785,-0.11222,0.10756,0.93865
0.01497,-0.024612,-0.027438,-0.30527,-0.11012,0.10676,0.93983
0.015008,-0.024478,-0.02736,-0.30298,-0.10827,0.10591,0.94088
0.015063,-0.02438,-0.027315,-0.3012,-0.10673,0.10509,0.94172
0.015106,-0.024312,-0.027309,-0.29967,-0.10565,0.10448,0.9424
0.015127,-0.024198,-0.027242,-0.29837,-0.10497,0.10396,0.94295
0.015212,-0.02415,-0.027235,-0.29712,-0.10442,0.10338,0.94347
0.015297,-0.024082,-0.027266,-0.29594,-0.10387,0.10282,0.94396
0.015374,-0.024043,-0.027335,-0.29462,-0.10323,0.10218,0.94451
0.015501,-0.023999,-0.027408,-0.29304,-0.1024,0.10161,0.94516
0.015606,-0.024006,-0.02752,-0.29144,-0.10135,0.10103,0.94582
0.015714,-0.024041,-0.027667,-0.28977,-0.10005,0.1004,0.94654
0.01578,-0.024042,-0.027859,-0.28837,-0.098666,0.099805,0.94718
0.015777,-0.02415,-0.028166,-0.28723,-0.097387,0.099145,0.94773
0.015722,-0.024207,-0.028461,-0.28638,-0.096253,0.098509,0.94817
0.015694,-0.024291,-0.028833,-0.28574,-0.095391,0.097928,0.9485
0.015599,-0.024448,-0.029255,-0.2852,-0.094926,0.097713,0.94874
0.015679,-0.024612,-0.029641,-0.28468,-0.094457,0.09701,0.94901
0.015775,-0.024757,-0.029987,-0.28396,-0.094236,0.096331,0.94932
0.015892,-0.024897,-0.030268,-0.28297,-0.094172,0.095757,0.94968
0.015938,-0.025024,-0.030624,-0.28177,-0.094053,0.09521,0.9501
0.01602,-0.025094,-0.030926,-0.28038,-0.093707,0.094609,0.95061
0.016,-0.025165,-0.031301,-0.27899,-0.093101,0.093912,0.95114
0.015975,-0.025229,-0.031721,-0.27764,-0.092324,0.093183,0.95169
0.015983,-0.025334,-0.032149,-0.27643,-0.091425,0.092427,0.9522
0.016037,-0.025509,-0.032618,-0.27544,-0.09041,0.091647,0.95266
0.015928,-0.025839,-0.03315,-0.2746,-0.089457,0.0918,0.95298
0.016043,-0.026113,-0.033718,-0.27404,-0.088162,0.090887,0.95335
0.016186,-0.026367,-0.034261,-0.27324,-0.087326,0.089687,0.95377
0.016308,-0.0266,-0.034753,-0.27235,-0.085924,0.08866,0.95424
0.016424,-0.026734,-0.035181,-0.27097,-0.084709,0.08763,0.95484
0.016545,-0.026787,-0.035506,-0.26895,-0.083277,0.086021,0.95568
0.016606,-0.026755,-0.035628,-0.2662,-0.082198,0.085257,0.95662
0.016636,-0.026767,-0.035778,-0.26333,-0.081198,0.084474,0.95756
0.016598,-0.026769,-0.035934,-0.26088,-0.08018,0.083786,0.95838
0.016593,-0.02689,-0.036258,-0.2591,-0.079203,0.083156,0.959
0.01647,-0.027083,-0.036635,-0.25804,-0.078363,0.083245,0.95935
0.016413,-0.027273,-0.037118,-0.25752,-0.077245,0.082598,0.95963
0.016456,-0.027535,-0.037662,-0.2573,-0.075884,0.081812,0.95987
0.01645,-0.027767,-0.038242,-0.25688,-0.074295,0.080956,0.96018
0.016496,-0.028007,-0.038837,-0.25604,-0.072593,0.080116,0.9606
0.016456,-0.028112,-0.039315,-0.25443,-0.070759,0.079298,0.96123
0.016427,-0.02817,-0.039689,-0.25211,-0.06875,0.07837,0.96207
0.016906,-0.027711,-0.039222,-0.24922,-0.066834,0.077398,0.96303
0.016941,-0.027693,-0.039406,-0.24638,-0.065352,0.076373,0.96395
0.016554,-0.028152,-0.040232,-0.24414,-0.064554,0.075311,0.96465
0.016664,-0.028218,-0.040483,-0.24261,-0.064493,0.074521,0.96511
0.016789,-0.028388,-0.040851,-0.24179,-0.06491,0.073874,0.96533
0.017239,-0.028272,-0.040801,-0.24157,-0.065537,0.073232,0.96539
0.017322,-0.028517,-0.04137,-0.24159,-0.065789,0.07262,0.96542
0.017043,-0.02906,-0.042426,-0.24147,-0.065602,0.072042,0.9655
0.017067,-0.029295,-0.042985,-0.24097,-0.064872,0.071487,0.96572
0.017431,-0.029198,-0.04308,-0.24021,-0.063564,0.070827,0.96604
0.01738,-0.029402,-0.043696,-0.23935,-0.061862,0.070203,0.96641
0.017416,-0.029588,-0.044249,-0.23854,-0.060118,0.069496,0.96678
0.017429,-0.029738,-0.044739,-0.23793,-0.058688,0.068857,0.96706
0.017491,-0.029951,-0.045238,-0.23757,-0.057835,0.068091,0.96725
0.017575,-0.030126,-0.045683,-0.23725,-0.057896,0.06767,0.96736
0.017722,-0.030274,-0.046041,-0.23705,-0.058656,0.067296,0.96739
0.017873,-0.030433,-0.046476,-0.23677,-0.059801,0.06695,0.96741
0.018014,-0.030517,-0.046836,-0.23629,-0.061107,0.066628,0.96747
0.018168,-0.03052,-0.047128,-0.23553,-0.06218,0.066281,0.96761
0.018226,-0.030486,-0.047421,-0.23439,-0.06271,0.065956,0.96787
0.018257,-0.030462,-0.047765,-0.23305,-0.062535,0.065579,0.96823
0.018328,-0.030409,-0.048009,-0.23143,-0.061735,0.065011,0.96871
0.018323,-0.03032,-0.048243,-0.22964,-0.060446,0.064306,0.96927
0.018129,-0.030325,-0.048466,-0.22779,-0.0593,0.064768,0.96974
0.018191,-0.030249,-0.048621,-0.2262,-0.058154,0.064034,0.97023
0.018231,-0.030276,-0.048762,-0.22478,-0.057495,0.063439,0.97064
0.018328,-0.030305,-0.048911,-0.22346,-0.057316,0.062806,0.971
0.018358,-0.030249,-0.048995,-0.22211,-0.057482,0.062204,0.97134
0.018354,-0.030189,-0.049111,-0.2206,-0.05777,0.061629,0.9717
0.018324,-0.03006,-0.049201,-0.21887,-0.057868,0.061091,0.97212
0.018273,-0.029951,-0.049288,-0.21686,-0.057645,0.060444,0.97262
0.018255,-0.029826,-0.049431,-0.21462,-0.05706,0.059642,0.9732
0.018211,-0.029722,-0.049587,-0.21234,-0.056039,0.058805,0.97381
0.018252,-0.029699,-0.049778,-0.21029,-0.054765,0.057471,0.97441
0.018191,-0.029713,-0.049987,-0.20852,-0.053691,0.056724,0.97489
0.01812,-0.029757,-0.0501,-0.20693,-0.053103,0.05603,0.9753
0.018094,-0.029711,-0.050138,-0.20517,-0.053458,0.055438,0.97569
0.018117,-0.02957,-0.050057,-0.20314,-0.054921,0.055073,0.97606
0.018514,-0.029262,-0.049964,-0.20074,-0.056771,0.053096,0.97656
0.018535,-0.029056,-0.049773,-0.19778,-0.059259,0.053117,0.97701
0.018553,-0.028789,-0.049583,-0.19428,-0.061323,0.053101,0.97759
0.018584,-0.028512,-0.049375,-0.19031,-0.06253,0.052882,0.9783
0.018646,-0.028256,-0.049162,-0.18617,-0.062771,0.052445,0.97911
0.01866,-0.028087,-0.049046,-0.18245,-0.062173,0.051967,0.97987
0.018686,-0.028044,-0.04907,-0.17967,-0.060904,0.051576,0.98048
0.018698,-0.028108,-0.049264,-0.17801,-0.059319,0.051156,0.98091
0.018597,-0.028257,-0.049654,-0.17714,-0.057698,0.050671,0.98119
0.018543,-0.028338,-0.050012,-0.17654,-0.056398,0.050199,0.98139
0.018472,-0.028449,-0.050427,-0.17589,-0.055615,0.049852,0.98157
0.018461,-0.02844,-0.050688,-0.17469,-0.055313,0.049407,0.98183
0.018465,-0.028413,-0.050812,-0.17273,-0.055348,0.048851,0.9822
0.018508,-0.028256,-0.05079,-0.17004,-0.055461,0.048239,0.98269
0.018502,-0.028097,-0.050726,-0.16684,-0.05554,0.047536,0.98327
0.018354,-0.027989,-0.050624,-0.1635,-0.055533,0.047655,0.98383
0.018378,-0.027909,-0.05056,-0.16059,-0.055197,0.047033,0.98435
0.018366,-0.027871,-0.050564,-0.15832,-0.054691,0.046501,0.98477
0.018234,-0.027863,-0.050712,-0.15671,-0.0541,0.046032,0.98509
0.018217,-0.027847,-0.050971,-0.1558,-0.053468,0.045533,0.98529
0.017861,-0.027966,-0.051291,-0.15524,-0.0531,0.046627,0.98535
0.017877,-0.027937,-0.051556,-0.15476,-0.052583,0.045981,0.98548
0.017904,-0.02788,-0.051707,-0.15391,-0.052471,0.045307,0.98565
0.017902,-0.02779,-0.05173,-0.15235,-0.052877,0.044782,0.98589
0.017877,-0.027652,-0.05154,-0.14989,-0.053741,0.04444,0.98624
0.017676,-0.027473,-0.051158,-0.14656,-0.05521,0.045066,0.98663
0.017709,-0.027178,-0.050646,-0.14285,-0.056897,0.044834,0.98709
0.017638,-0.026964,-0.050217,-0.1393,-0.058682,0.044743,0.9875
0.017592,-0.026759,-0.049931,-0.13647,-0.060169,0.044588,0.98781
0.017493,-0.026581,-0.049758,-0.13445,-0.061109,0.044455,0.98804
0.017346,-0.026527,-0.049818,-0.13321,-0.06154,0.044397,0.98818
0.017285,-0.026517,-0.050066,-0.1325,-0.061443,0.044123,0.98829
0.017206,-0.026493,-0.050329,-0.13175,-0.060823,0.043681,0.98845
0.017098,-0.026469,-0.05062,-0.13088,-0.059761,0.043235,0.98865
0.017006,-0.026459,-0.050839,-0.12946,-0.05853,0.042661,0.98894
0.016803,-0.02644,-0.050829,-0.1274,-0.057483,0.042949,0.98925
0.016668,-0.026359,-0.050754,-0.12506,-0.056793,0.042422,0.98961
0.016572,-0.026381,-0.050623,-0.12265,-0.056794,0.042188,0.98992
0.016408,-0.026371,-0.050493,-0.12044,-0.057502,0.042139,0.99016
0.016163,-0.026402,-0.05049,-0.1186,-0.058671,0.042243,0.99031
0.015739,-0.02648,-0.050555,-0.11719,-0.05989,0.043682,0.99034
0.015565,-0.026488,-0.050761,-0.11638,-0.06035,0.043613,0.99041
0.01546,-0.026601,-0.051142,-0.11611,-0.060112,0.043464,0.99046
0.015316,-0.026708,-0.051637,-0.11621,-0.059077,0.043092,0.99053
0.015234,-0.02686,-0.052107,-0.11629,-0.057824,0.042721,0.99061
0.014814,-0.027062,-0.052442,-0.11564,-0.057025,0.044425,0.99066
0.014785,-0.027094,-0.052547,-0.114,-0.056517,0.044219,0.99089
0.014753,-0.027095,-0.052479,-0.11165,-0.056389,0.04395,0.99117
0.014649,-0.027101,-0.052341,-0.10911,-0.056336,0.043754,0.99147
0.014514,-0.027105,-0.052251,-0.10702,-0.05614,0.043551,0.99171
0.014237,-0.027186,-0.052319,-0.10563,-0.055874,0.043883,0.99186
0.014088,-0.027227,-0.052543,-0.10493,-0.055297,0.043404,0.99199
0.014053,-0.027245,-0.052815,-0.10452,-0.054565,0.042689,0.99211
0.014059,-0.027217,-0.053098,-0.10409,-0.0537,0.041792,0.99224
0.014153,-0.027148,-0.05332,-0.10346,-0.052603,0.040799,0.9924
0.013928,-0.027128,-0.05341,-0.10222,-0.051705,0.04172,0.99254
0.013987,-0.02701,-0.053388,-0.10049,-0.050577,0.041036,0.9928
0.013988,-0.026871,-0.053226,-0.098172,-0.049625,0.040521,0.99311
0.013949,-0.02674,-0.052958,-0.095416,-0.048727,0.04011,0.99343
0.013745,-0.026658,-0.052784,-0.092737,-0.047836,0.039741,0.99375
0.013382,-0.02659,-0.052675,-0.090508,-0.046855,0.03989,0.99399
0.01307,-0.026585,-0.052767,-0.08908,-0.045705,0.039321,0.9942
0.012785,-0.026604,-0.053054,-0.088531,-0.044443,0.038736,0.99433
0.012556,-0.026604,-0.053356,-0.088532,-0.043352,0.038099,0.9944
0.012262,-0.026625,-0.053719,-0.088775,-0.042367,0.037563,0.99444
0.01166,-0.026784,-0.053978,-0.08883,-0.041834,0.039273,0.99439
0.011326,-0.026765,-0.054207,-0.088607,-0.041385,0.039215,0.99443
0.010969,-0.026711,-0.054217,-0.087826,-0.041244,0.039423,0.9945
0.010514,-0.026685,-0.054166,-0.086618,-0.041294,0.039895,0.99459
0.010151,-0.026543,-0.054006,-0.085318,-0.041422,0.040408,0.99467
0.0091464,-0.026599,-0.053989,-0.084168,-0.041689,0.043584,0.99462
0.0087001,-0.026593,-0.054151,-0.083774,-0.041449,0.043904,0.99465
0.0083068,-0.026709,-0.054488,-0.084154,-0.040874,0.04407,0.99464
0.0078977,-0.026888,-0.055063,-0.085308,-0.040048,0.043994,0.99458
0.0075729,-0.027075,-0.055625,-0.08677,-0.039201,0.043853,0.99449
0.0073269,-0.027267,-0.056199,-0.088342,-0.038407,0.044034,0.99438
0.0071065,-0.027426,-0.056614,-0.089377,-0.037834,0.044119,0.9943
0.0068866,-0.02756,-0.056932,-0.089809,-0.037611,0.04437,0.99426
0.0067137,-0.027642,-0.057043,-0.089421,-0.037846,0.044733,0.99427
0.0065087,-0.027722,-0.05704,-0.088483,-0.03839,0.045132,0.99431
0.0062486,-0.027802,-0.056999,-0.087497,-0.039111,0.046003,0.99433
0.0060656,-0.027869,-0.057014,-0.086841,-0.039586,0.046164,0.99436
0.0059672,-0.027978,-0.057162,-0.086789,-0.039711,0.046159,0.99436
0.0059633,-0.028083,-0.057392,-0.087419,-0.039497,0.046031,0.99432
0.0059633,-0.028211,-0.057626,-0.088337,-0.03904,0.04585,0.99427
0.0055879,-0.028395,-0.057877,-0.089332,-0.038798,0.048019,0.99409
0.0056775,-0.028489,-0.058137,-0.09025,-0.038342,0.04779,0.99403
0.0057387,-0.02857,-0.058327,-0.090657,-0.03824,0.047646,0.99401
0.0058018,-0.028601,-0.058349,-0.090369,-0.038566,0.047709,0.99402
0.0058031,-0.028596,-0.058314,-0.089707,-0.039126,0.047869,0.99405
0.0055963,-0.02867,-0.058219,-0.088969,-0.039781,0.049025,0.99403
0.0055324,-0.028675,-0.058177,-0.08868,-0.040022,0.049174,0.99404
0.0054981,-0.028718,-0.058223,-0.08889,-0.04008,0.049236,0.99402
0.0054878,-0.02884,-0.058387,-0.089624,-0.040007,0.049285,0.99395
0.0055265,-0.028914,-0.058521,-0.090633,-0.039862,0.049326,0.99386
0.0055702,-0.028975,-0.058743,-0.091799,-0.039733,0.049548,0.99375
0.0056752,-0.029072,-0.058947,-0.09305,-0.039697,0.049593,0.99363
0.005771,-0.029182,-0.0592,-0.094124,-0.039732,0.049722,0.99352
0.0058392,-0.029266,-0.059368,-0.094675,-0.039816,0.049805,0.99346
0.0058943,-0.029304,-0.059373,-0.094543,-0.040157,0.05005,0.99345
0.0059304,-0.02939,-0.059346,-0.094051,-0.040645,0.050356,0.99346
0.0059981,-0.029455,-0.059334,-0.093697,-0.041099,0.050537,0.99347
0.0060433,-0.02956,-0.059394,-0.093847,-0.041284,0.050678,0.99344
0.0061349,-0.029701,-0.059507,-0.094443,-0.041413,0.050727,0.99337
0.006264,-0.029835,-0.059666,-0.095242,-0.041603,0.050825,0.99328
0.0063526,-0.030002,-0.059784,-0.096073,-0.041755,0.051146,0.99318
0.0064475,-0.030152,-0.059941,-0.096865,-0.04203,0.051291,0.99309
0.0065943,-0.03025,-0.06,-0.097278,-0.042234,0.051315,0.99304
0.0067154,-0.030312,-0.060013,-0.097298,-0.042538,0.051362,0.99302
0.0068557,-0.03036,-0.059937,-0.096918,-0.042943,0.05137,0.99304
0.0068219,-0.030412,-0.059768,-0.096134,-0.043639,0.052474,0.99303
0.0069842,-0.030451,-0.059549,-0.095191,-0.044131,0.052444,0.9931
0.0071822,-0.030472,-0.059344,-0.09434,-0.044545,0.052325,0.99317
0.0074255,-0.030468,-0.059086,-0.093777,-0.044718,0.052152,0.99322
0.0075986,-0.030503,-0.058978,-0.093713,-0.044624,0.051929,0.99324
0.0074652,-0.03057,-0.058866,-0.093916,-0.044531,0.053471,0.99315
0.0076676,-0.030568,-0.058773,-0.094336,-0.044342,0.053243,0.99313
0.00783,-0.030522,-0.058628,-0.094534,-0.044265,0.053,0.99312
0.0080271,-0.030499,-0.058472,-0.094633,-0.04427,0.052787,0.99313
0.0081735,-0.030452,-0.058269,-0.094542,-0.044435,0.052693,0.99313
0.0080941,-0.030418,-0.058079,-0.094218,-0.044595,0.053404,0.99312
0.0081064,-0.030329,-0.057877,-0.093714,-0.044948,0.053405,0.99315
0.0082402,-0.030239,-0.057621,-0.09298,-0.045415,0.053426,0.9932
0.0082694,-0.030125,-0.057402,-0.092567,-0.045688,0.053482,0.99322
0.0083736,-0.029972,-0.057233,-0.092462,-0.045939,0.053473,0.99322
0.0084168,-0.029877,-0.057112,-0.092711,-0.046044,0.053536,0.99319
0.0085225,-0.029783,-0.057004,-0.093006,-0.04611,0.053554,0.99315
0.0085923,-0.029649,-0.056877,-0.09313,-0.046247,0.053475,0.99314
0.0087362,-0.029538,-0.056654,-0.092961,-0.046405,0.053243,0.99316
0.0089251,-0.029407,-0.056435,-0.092608,-0.046637,0.053035,0.99319
0.0089902,-0.029337,-0.05616,-0.091971,-0.046768,0.053335,0.99323
0.0091322,-0.029222,-0.055849,-0.091231,-0.046844,0.053274,0.9933
0.0092216,-0.029034,-0.055428,-0.090143,-0.047065,0.053104,0.9934
0.0092634,-0.028914,-0.055153,-0.089508,-0.046889,0.053102,0.99346
0.0093508,-0.028794,-0.054863,-0.08914,-0.046645,0.053081,0.99351
0.0093621,-0.028699,-0.054673,-0.089121,-0.046341,0.053035,0.99353
0.0094614,-0.028606,-0.05449,-0.089272,-0.046219,0.052923,0.99353
0.0095488,-0.028503,-0.054377,-0.089424,-0.046098,0.052714,0.99353
0.0096545,-0.028405,-0.054289,-0.0893,-0.046301,0.052398,0.99355
0.0097612,-0.028372,-0.054237,-0.089183,-0.046333,0.052171,0.99357
0.0098478,-0.02834,-0.054158,-0.08904,-0.046061,0.05203,0.9936
0.0098403,-0.028317,-0.054085,-0.08904,-0.046061,0.05203,0.9936
0.0098143,-0.028293,-0.053985,-0.088476,-0.045586,0.051999,0.99368
0.0097658,-0.028281,-0.053879,-0.0882,-0.045655,0.052151,0.99369
0.0097378,-0.028299,-0.053766,-0.088141,-0.045782,0.052232,0.99368
0.0097454,-0.028277,-0.053685,-0.088141,-0.045782,0.052232,0.99368
0.0096487,-0.028262,-0.053661,-0.088173,-0.046221,0.052486,0.99365
0.0095923,-0.028269,-0.053699,-0.088244,-0.046876,0.052617,0.9936
0.0095088,-0.028268,-0.053836,-0.088611,-0.047119,0.052687,0.99356
0.0095587,-0.028269,-0.053931,-0.089024,-0.047324,0.052712,0.99351
0.0095181,-0.02828,-0.054109,-0.089443,-0.047441,0.052786,0.99346
0.0095295,-0.028269,-0.054224,-0.089745,-0.047421,0.052806,0.99343
0.0095438,-0.028296,-0.054274,-0.08983,-0.047427,0.05286,0.99342
0.0095234,-0.028333,-0.054272,-0.089639,-0.047502,0.053018,0.99343
0.0094776,-0.028343,-0.054238,-0.089396,-0.047703,0.053171,0.99343
0.0093926,-0.028312,-0.054158,-0.088956,-0.04815,0.053346,0.99344
0.0092308,-0.028323,-0.054124,-0.088594,-0.048604,0.053708,0.99343
0.0091409,-0.028291,-0.054111,-0.088456,-0.049115,0.053817,0.99341
0.0090336,-0.028222,-0.054075,-0.088376,-0.0495,0.053941,0.99339
0.0089773,-0.028142,-0.05407,-0.088429,-0.049851,0.054026,0.99337
0.0088599,-0.02809,-0.054134,-0.08854,-0.04999,0.054118,0.99334
0.0088156,-0.028054,-0.054136,-0.088586,-0.049951,0.054121,0.99334
0.0087429,-0.028046,-0.054095,-0.088454,-0.049899,0.054247,0.99335
0.0086134,-0.027953,-0.053963,-0.088073,-0.050134,0.054428,0.99336
0.0085101,-0.027915,-0.053902,-0.087626,-0.050667,0.05465,0.99336
0.0083814,-0.027826,-0.05379,-0.087199,-0.051504,0.054821,0.99335
0.008177,-0.027792,-0.053761,-0.087249,-0.051991,0.05543,0.99328
0.0081141,-0.027745,-0.053789,-0.08751,-0.052316,0.055663,0.99323
0.0079865,-0.027712,-0.053851,-0.087883,-0.052389,0.05582,0.99318
0.0078841,-0.02765,-0.053904,-0.088184,-0.052283,0.056024,0.99315
0.0078199,-0.027599,-0.05388,-0.088452,-0.052045,0.05613,0.99313
0.0077501,-0.02752,-0.053855,-0.088511,-0.051833,0.056184,0.99314
0.007645,-0.027405,-0.053713,-0.088248,-0.05173,0.05634,0.99316
0.0075536,-0.02732,-0.053562,-0.08775,-0.051912,0.056428,0.99319
0.0074075,-0.027264,-0.053483,-0.087519,-0.05194,0.056584,0.9932
0.0072418,-0.027186,-0.053427,-0.087367,-0.052061,0.056793,0.99319
0.0069113,-0.027187,-0.053391,-0.087434,-0.052258,0.058102,0.9931
0.0068591,-0.0271,-0.053347,-0.087538,-0.052398,0.058278,0.99307
0.0067698,-0.027022,-0.053283,-0.08753,-0.052875,0.058492,0.99304
0.0067488,-0.026894,-0.053181,-0.087359,-0.053254,0.058648,0.99302
0.0066487,-0.026847,-0.053153,-0.087155,-0.053586,0.058716,0.99302
0.0065215,-0.026772,-0.053087,-0.086838,-0.053915,0.059169,0.993
0.0064222,-0.026701,-0.05307,-0.086595,-0.054201,0.059235,0.993
0.0063599,-0.026666,-0.053044,-0.08649,-0.054367,0.059312,0.993
0.0063003,-0.026581,-0.052953,-0.086391,-0.054448,0.05939,0.993
0.0063017,-0.026537,-0.052881,-0.086109,-0.054687,0.059406,0.99301
0.0062251,-0.026438,-0.052789,-0.08582,-0.054928,0.059556,0.99301
0.0061354,-0.026353,-0.052713,-0.085675,-0.055048,0.059631,0.99301
0.0060641,-0.026254,-0.052721,-0.085839,-0.055062,0.059727,0.99299
0.0059875,-0.026191,-0.052712,-0.086074,-0.055253,0.059874,0.99295
0.0058685,-0.026137,-0.052753,-0.086243,-0.055658,0.0601,0.9929
0.005791,-0.026059,-0.052722,-0.086202,-0.055918,0.0604,0.99287
0.0056963,-0.026015,-0.052702,-0.086214,-0.056138,0.060618,0.99285
0.0056718,-0.0259,-0.052533,-0.086023,-0.056213,0.060776,0.99285
0.0055792,-0.025794,-0.052356,-0.085569,-0.056269,0.061002,0.99287
0.0055328,-0.025689,-0.052147,-0.085044,-0.056148,0.061178,0.99291
0.0054761,-0.025645,-0.051986,-0.08465,-0.056078,0.061324,0.99294
0.0054203,-0.025578,-0.051858,-0.084341,-0.056014,0.061476,0.99296
0.0053417,-0.025516,-0.051787,-0.084386,-0.055889,0.061614,0.99295
0.0053328,-0.025364,-0.051667,-0.08451,-0.055942,0.061671,0.99294
0.0054258,-0.025296,-0.051602,-0.084661,-0.056127,0.061715,0.99291
0.0057156,-0.025067,-0.051509,-0.08464,-0.056453,0.060452,0.99297
0.0058021,-0.024926,-0.051367,-0.084562,-0.056838,0.060479,0.99296
0.0058691,-0.024833,-0.051175,-0.084024,-0.057058,0.060478,0.99299
0.0059607,-0.024728,-0.050922,-0.083498,-0.057106,0.060529,0.99303
0.0060184,-0.024639,-0.050668,-0.083026,-0.057029,0.060585,0.99307
0.0061085,-0.024527,-0.050413,-0.082482,-0.057335,0.060534,0.9931
0.0062522,-0.02438,-0.050182,-0.082128,-0.057567,0.060374,0.99312
0.0063229,-0.024286,-0.049979,-0.082135,-0.057566,0.060289,0.99313
0.0064342,-0.024179,-0.049804,-0.082227,-0.057571,0.06021,0.99313
0.0064686,-0.024116,-0.04978,-0.08226,-0.057703,0.06021,0.99312
0.0065828,-0.024041,-0.049617,-0.082254,-0.057874,0.060074,0.99311
0.0066596,-0.023922,-0.049373,-0.082188,-0.058087,0.060152,0.9931
0.0066452,-0.023908,-0.049312,-0.082036,-0.058293,0.060274,0.9931
