0,0,0,-7.8505e-17,-1.1102e-16,0,1
-6.053e-05,5.9767e-05,0.00012142,0.00011131,0.0001446,-8.3035e-06,1
-4.0961e-05,0.00016385,0.00021282,0.00028192,0.0001668,-5.4352e-06,1
-3.7154e-05,0.00024125,0.00032734,0.00046363,0.00010369,4.4033e-06,1
-3.8539e-05,0.00035586,0.00040832,0.00057388,-5.1619e-05,5.6879e-05,1
-7.3569e-05,0.00044036,0.00048902,0.00067994,-0.00020416,0.00015755,1
-0.00018682,0.000553,0.00053699,0.00068541,-0.00027973,0.00029803,1
-0.0002396,0.0006618,0.00066509,0.00074183,-0.00038819,0.0004798,1
-0.00031045,0.00077193,0.00077276,0.00076806,-0.00062739,0.00071952,1
-0.00042942,0.00088026,0.00086697,0.00088104,-0.00086249,0.00087539,1
-0.00052267,0.00096009,0.0009725,0.00090035,-0.0010191,0.0010599,1
-0.00059652,0.001061,0.0010213,0.00091692,-0.00118,0.0012074,1
-0.00069327,0.0011468,0.0011643,0.0010365,-0.0011068,0.0013766,1
-0.00077372,0.0011892,0.0012861,0.0012538,-0.0011147,0.001469,1
-0.00083383,0.0012115,0.0013915,0.0014643,-0.0010401,0.0015062,1
-0.00093253,0.0012981,0.0015417,0.0016595,-0.00087743,0.0015846,1
-0.0010209,0.0013336,0.0016599,0.0018657,-0.00080008,0.0016701,1
-0.0011261,0.0014139,0.0017812,0.0020253,-0.00069259,0.001666,1
-0.0012441,0.0014982,0.0018247,0.002087,-0.00050391,0.0017388,1
-0.0013864,0.0015223,0.0018484,0.0021045,-0.00028089,0.0017591,1
-0.0015161,0.0016033,0.0018509,0.0021636,-9.6425e-05,0.0017949,1
-0.0016298,0.0016621,0.0018814,0.0023105,0.00010335,0.0018691,1
-0.0017112,0.0016834,0.0019248,0.0025099,0.00026325,0.0018993,1
-0.001765,0.0017954,0.0020103,0.0027161,0.00034061,0.0019847,0.99999
-0.0018826,0.001903,0.0020885,0.0030078,0.00042908,0.0020716,0.99999
-0.0020047,0.0019756,0.0021414,0.0031548,0.00062886,0.0021458,0.99999
-0.0021557,0.0020383,0.002218,0.0032535,0.00086574,0.0022159,0.99999
-0.0022937,0.0021344,0.0022517,0.0032696,0.0010957,0.0023214,0.99999
-0.0024383,0.0021863,0.00229,0.0032544,0.0011838,0.0023628,0.99999
-0.0025891,0.0022854,0.0023821,0.003253,0.0011907,0.002448,0.99999
-0.0026851,0.0024005,0.0024675,0.0033108,0.0010753,0.0025445,0.99999
-0.0027506,0.0024741,0.0026105,0.0034017,0.0010109,0.0026865,0.99999
-0.0028141,0.00257,0.0027062,0.0034017,0.0010109,0.0026865,0.99999
-0.0028742,0.0026451,0.0029226,0.0039431,0.0015332,0.0028693,0.99999
-0.0028435,0.0027611,0.0031087,0.0043406,0.0018418,0.0028074,0.99998
-0.0028285,0.0028598,0.0033467,0.0046486,0.0021422,0.0027923,0.99998
-0.0027653,0.0029339,0.0035086,0.0046486,0.0021422,0.0027923,0.99998
-0.0027041,0.0029947,0.0037152,0.0048509,0.0022881,0.0026519,0.99998
-0.0026212,0.0030652,0.0038897,0.0051053,0.0023941,0.0024674,0.99998
-0.0025601,0.0031094,0.0040766,0.0053754,0.0023283,0.0023082,0.99998
-0.0024374,0.0031696,0.0042417,0.0055366,0.0021219,0.0021942,0.99998
-0.0022917,0.0032416,0.0044258,0.0057436,0.0018743,0.0020474,0.99998
-0.0020893,0.0032674,0.0045511,0.0059459,0.0017132,0.0018824,0.99998
-0.0019187,0.0033186,0.0047171,0.0061307,0.0016363,0.0017217,0.99998
-0.0017723,0.0033326,0.0048519,0.006344,0.0016969,0.0015883,0.99998
-0.0016026,0.0033348,0.0049749,0.0065366,0.0019212,0.0013557,0.99998
-0.0014551,0.0033378,0.0051336,0.0067774,0.0021084,0.0011272,0.99997
-0.0012825,0.0032991,0.0052848,0.0070665,0.0022585,0.000903,0.99997
-0.00113,0.0032673,0.0054495,0.007222,0.0024346,0.00067312,0.99997
-0.00094974,0.003206,0.0055432,0.0072921,0.0025996,0.0004418,0.99997
-0.0008047,0.0032576,0.0056589,0.0073622,0.0027646,0.00021048,0.99997
-0.00062311,0.0032762,0.0057467,0.0074324,0.0029296,-2.0839e-05,0.99997
-0.00044729,0.003289,0.0058268,0.0075025,0.0030946,-0.00025215,0.99997
-0.00030904,0.0033119,0.0059069,0.007534,0.0032183,-0.00039539,0.99997
-0.00013196,0.0032741,0.0059368,0.0077077,0.0032266,-0.00056314,0.99996
-2.0462e-05,0.0032415,0.0059688,0.007895,0.0031537,-0.0006868,0.99996
0.00014808,0.0032374,0.0060106,0.0079834,0.003151,-0.00085599,0.99996
0.00025686,0.0031525,0.0059707,0.008067,0.0032347,-0.0010432,0.99996
0.00038654,0.0031153,0.0059293,0.0080961,0.0033543,-0.0012236,0.99996
0.00052327,0.0030553,0.0059081,0.0080697,0.0035935,-0.0014633,0.99996
0.00064102,0.003003,0.0058693,0.0079817,0.003951,-0.0017513,0.99996
0.00075401,0.0029712,0.0058421,0.0079237,0.0044392,-0.0020972,0.99996
0.00081692,0.0029267,0.0058101,0.0077692,0.0050016,-0.0024516,0.99995
0.00094013,0.0028898,0.0057707,0.0075664,0.005601,-0.0028101,0.99995
0.0010199,0.0028278,0.0057805,0.0074697,0.0060478,-0.0030679,0.99995
0.0011297,0.0027979,0.0058601,0.007577,0.006261,-0.003302,0.99995
0.001174,0.0027874,0.0059045,0.0078756,0.0063327,-0.003434,0.99994
0.0010848,0.0027835,0.0058699,0.0081023,0.0066191,-0.0034987,0.99994
0.0010597,0.0027654,0.0058576,0.0082562,0.0071092,-0.0036189,0.99993
0.0010335,0.0027532,0.0058646,0.0084496,0.0076515,-0.0037045,0.99993
0.00097538,0.002727,0.0058717,0.0085553,0.0081787,-0.0038289,0.99992
0.00089518,0.0027096,0.0058035,0.0084349,0.008803,-0.0040153,0.99992
0.00086309,0.0026535,0.0057425,0.0080931,0.0094383,-0.004246,0.99991
0.00076834,0.0026757,0.0056169,0.0077705,0.0099167,-0.0042921,0.99991
0.00069303,0.0026704,0.0055328,0.0076036,0.010199,-0.0043186,0.99991
0.00061864,0.0026838,0.0054735,0.0076518,0.010469,-0.0042901,0.99991
0.00050053,0.0026872,0.0054334,0.0076952,0.010825,-0.0042792,0.9999
0.0004112,0.0027079,0.0054014,0.0077266,0.011256,-0.004398,0.9999
0.00036653,0.0027363,0.0054516,0.007766,0.011615,-0.0043392,0.99989
0.00028557,0.002756,0.0054775,0.007913,0.011815,-0.0042649,0.99989
0.00021696,0.0027793,0.0054438,0.0080244,0.01196,-0.0042733,0.99989
0.0001698,0.0028272,0.0054299,0.0080211,0.012346,-0.004352,0.99988
7.926e-05,0.0028226,0.0053958,0.007847,0.013017,-0.0044092,0.99987
-4.3513e-06,0.0029068,0.0053726,0.0075201,0.013871,-0.0046566,0.99986
-6.1218e-05,0.0029674,0.0054294,0.0072882,0.014658,-0.0048103,0.99985
-5.0119e-05,0.0030514,0.0055426,0.0073418,0.014918,-0.0049152,0.99985
-8.9231e-05,0.0031011,0.0056487,0.0077189,0.014711,-0.0048513,0.99985
-0.00014202,0.0031441,0.0056855,0.0080454,0.014537,-0.0048289,0.99985
-0.00021991,0.0031935,0.0056913,0.0081828,0.014815,-0.004847,0.99985
-0.00033673,0.0032485,0.0056868,0.0082204,0.015553,-0.0049522,0.99983
-0.0003972,0.0032685,0.0057019,0.0081592,0.016363,-0.0051031,0.99982
-0.00044889,0.0032758,0.0056822,0.0080536,0.017206,-0.0053062,0.99981
-0.00046245,0.003311,0.0056665,0.0078826,0.017863,-0.005534,0.99979
-0.00052267,0.0033316,0.0056115,0.0075818,0.018543,-0.0058155,0.99978
-0.00051798,0.0033339,0.0055285,0.0072154,0.019346,-0.0060975,0.99977
-0.00058517,0.0033468,0.0054462,0.0068031,0.020189,-0.0063463,0.99975
-0.00061696,0.0033312,0.0053922,0.0065023,0.021176,-0.0066035,0.99973
-0.00069774,0.0033493,0.0053485,0.0061888,0.022256,-0.0067822,0.99971
-0.00076182,0.003335,0.0053326,0.0059346,0.023213,-0.0069498,0.99969
-0.00076969,0.0033778,0.0053441,0.0058347,0.023981,-0.0070125,0.99967
-0.00068439,0.0033827,0.0053446,0.0058178,0.024449,-0.0071355,0.99966
-0.00069284,0.0033661,0.0052421,0.0056231,0.024976,-0.0073161,0.99965
-0.00080922,0.0033299,0.0049897,0.0052083,0.025816,-0.0076024,0.99962
-0.00077632,0.0032599,0.0046875,0.0044875,0.027038,-0.0080608,0.99959
-0.0007438,0.0031579,0.0042712,0.0034938,0.028694,-0.0086464,0.99954
-0.00064226,0.0030606,0.0038684,0.0021723,0.030822,-0.0093529,0.99948
-0.00072062,0.0029234,0.0032994,0.00063252,0.033653,-0.010168,0.99938
-0.00075954,0.0028187,0.0028872,-0.0010715,0.037061,-0.011157,0.99925
-0.00074779,0.0026836,0.0025866,-0.0026147,0.040569,-0.012235,0.9991
-0.0007879,0.002638,0.0024732,-0.0035422,0.043325,-0.012808,0.99897
-0.00075755,0.0026074,0.0024872,-0.0037597,0.04501,-0.013203,0.99889
-0.00078322,0.0025685,0.0025067,-0.003612,0.045883,-0.013439,0.99885
-0.0008483,0.002525,0.0023799,-0.0035972,0.046473,-0.013705,0.99882
-0.00031092,0.0026151,0.0023017,-0.0039009,0.047348,-0.015865,0.99874
-0.00037436,0.0025092,0.0018474,-0.0047526,0.048889,-0.016475,0.99866
-0.00034714,0.0023374,0.0013087,-0.0061202,0.051347,-0.017332,0.99851
-0.00035442,0.0021809,0.00069987,-0.0077911,0.054803,-0.018275,0.9983
-0.00040857,0.0020205,0.00014656,-0.0095234,0.058681,-0.019327,0.99804
8.3181e-06,0.001975,-0.00028256,-0.010989,0.062768,-0.022483,0.99771
2.6142e-05,0.0018617,-0.00058079,-0.012332,0.066653,-0.023525,0.99742
2.4885e-05,0.0017977,-0.00074631,-0.013298,0.070027,-0.024442,0.99716
7.862e-07,0.0017435,-0.00082046,-0.013972,0.072797,-0.025256,0.99693
-1.5325e-05,0.0016979,-0.00080146,-0.014319,0.075094,-0.025949,0.99674
0.00039616,0.0017562,-0.0008302,-0.014266,0.076957,-0.028826,0.99652
0.00042195,0.0017208,-0.00084106,-0.014263,0.078603,-0.029508,0.99637
0.00049273,0.0017095,-0.00085968,-0.014261,0.080248,-0.03019,0.99622
0.00058176,0.0017014,-0.00094088,-0.014313,0.082009,-0.030929,0.99605
0.00065724,0.0017342,-0.00096346,-0.014443,0.083982,-0.031677,0.99586
0.00078802,0.001719,-0.0010556,-0.014674,0.086033,-0.032386,0.99566
0.00083046,0.0016976,-0.0010804,-0.014912,0.088169,-0.033063,0.99544
0.00085381,0.0016813,-0.0011722,-0.015192,0.090262,-0.03369,0.99523
0.0009315,0.0016411,-0.0011925,-0.015447,0.092185,-0.034265,0.99503
0.00091507,0.0016106,-0.001238,-0.015625,0.093824,-0.034769,0.99486
0.0011868,0.0016313,-0.0012457,-0.0156,0.095091,-0.036337,0.99468
0.0012158,0.0015942,-0.0012639,-0.015646,0.0961,-0.036712,0.99457
0.0012856,0.00159,-0.0012599,-0.015537,0.096915,-0.037069,0.99448
0.0013511,0.0016147,-0.0012549,-0.015381,0.0977,-0.037336,0.9944
0.0013997,0.0016115,-0.0012792,-0.015254,0.098732,-0.037669,0.99428
0.0015053,0.0016026,-0.0013396,-0.015167,0.10002,-0.038015,0.99414
0.0014939,0.0015937,-0.0014472,-0.015224,0.10173,-0.038434,0.99395
0.0014923,0.0015541,-0.0015557,-0.015361,0.10372,-0.038963,0.99372
0.0015107,0.0015012,-0.0017544,-0.015735,0.10617,-0.039744,0.99343
0.0014462,0.0014439,-0.0020344,-0.016431,0.10909,-0.040778,0.99306
0.001497,0.0014027,-0.0022642,-0.017197,0.11225,-0.042521,0.99262
0.0013798,0.001354,-0.0024753,-0.017922,0.11533,-0.043645,0.99221
0.001294,0.0013059,-0.0025557,-0.018338,0.11811,-0.044747,0.99182
0.0011909,0.0012941,-0.0025658,-0.018396,0.12047,-0.045598,0.9915
0.0011105,0.001303,-0.002545,-0.018188,0.12249,-0.046291,0.99122
0.0012957,0.0013315,-0.0026296,-0.01754,0.1243,-0.048612,0.9909
0.00099692,0.0012977,-0.0028226,-0.017065,0.12628,-0.049084,0.99063
0.00064587,0.0012537,-0.0031948,-0.01723,0.12935,-0.049715,0.9902
0.00013205,0.0011393,-0.0037165,-0.018348,0.13395,-0.050763,0.98952
-0.00037599,0.0010225,-0.0043511,-0.020195,0.1397,-0.052107,0.98862
-0.00080809,0.00091648,-0.0049348,-0.022027,0.14534,-0.053699,0.98768
-0.0011957,0.00075965,-0.0053158,-0.023866,0.151,-0.055072,0.98671
-0.0016766,0.00064002,-0.0055277,-0.025221,0.15569,-0.056331,0.98588
-0.0019544,0.00062942,-0.0055296,-0.025898,0.15926,-0.057335,0.98523
-0.0021657,0.00060767,-0.0054652,-0.026111,0.16174,-0.058138,0.98477
-0.0018523,0.00078886,-0.0053395,-0.025194,0.16291,-0.061185,0.98442
-0.0021066,0.0008995,-0.0052421,-0.024694,0.16403,-0.061592,0.98422
-0.0024242,0.00097433,-0.0052279,-0.024041,0.16497,-0.061896,0.98406
-0.0027689,0.0010116,-0.005361,-0.023784,0.16687,-0.062396,0.98371
-0.0031724,0.0010641,-0.005581,-0.024308,0.16966,-0.063174,0.98318
-0.0036435,0.0010964,-0.0060133,-0.025601,0.17324,-0.064096,0.98246
-0.0042975,0.00095739,-0.0069519,-0.027457,0.17739,-0.065228,0.98159
-0.0048132,0.00086312,-0.007595,-0.029429,0.1817,-0.066366,0.98067
-0.0053455,0.00074849,-0.0081111,-0.03113,0.18565,-0.067478,0.9798
-0.0056689,0.00073253,-0.008359,-0.032296,0.1889,-0.068411,0.97908
-0.0060105,0.00071531,-0.0086905,-0.032855,0.19131,-0.06959,0.97851
-0.0063917,0.00076378,-0.0086438,-0.032856,0.19286,-0.070154,0.97816
-0.0065015,0.00087823,-0.0085574,-0.03256,0.19383,-0.070633,0.97795
-0.0067114,0.00095313,-0.0084976,-0.031997,0.19422,-0.071038,0.97786
-0.0070785,0.0010119,-0.0087023,-0.031619,0.19467,-0.071406,0.97776
-0.0071336,0.001136,-0.008753,-0.031401,0.19539,-0.072915,0.97751
-0.0075101,0.0011924,-0.0089703,-0.03188,0.19657,-0.073371,0.97722
-0.0079882,0.001138,-0.0094444,-0.032841,0.19839,-0.07396,0.97678
-0.0085608,0.0010768,-0.010003,-0.034269,0.20101,-0.074727,0.97613
-0.0089372,0.0010527,-0.01038,-0.035942,0.20411,-0.075735,0.97535
-0.0094313,0.00098223,-0.010989,-0.037586,0.20732,-0.076922,0.97452
-0.0099835,0.00090926,-0.011503,-0.038831,0.21017,-0.077738,0.97379
-0.010861,0.00086184,-0.01191,-0.039521,0.21247,-0.078426,0.97321
-0.011166,0.00091335,-0.012044,-0.039636,0.21419,-0.078995,0.97279
-0.011537,0.00086775,-0.012233,-0.039457,0.21539,-0.079404,0.97249
-0.011754,0.00092146,-0.012269,-0.039001,0.21621,-0.080304,0.97226
-0.012099,0.00094668,-0.012368,-0.038767,0.217,-0.080558,0.97207
-0.012462,0.00094203,-0.012469,-0.038701,0.21807,-0.080874,0.97181
-0.013243,0.00092109,-0.01259,-0.038767,0.21969,-0.081131,0.97142
-0.013752,0.00090381,-0.012844,-0.039311,0.2222,-0.081568,0.97079
-0.01415,0.00089378,-0.013254,-0.040091,0.22577,-0.083401,0.96978
-0.014812,0.00082736,-0.013704,-0.041442,0.22985,-0.084053,0.9687
-0.015476,0.00077427,-0.014154,-0.042756,0.23398,-0.084706,0.9676
-0.015853,0.00069417,-0.014563,-0.043753,0.23772,-0.085247,0.9666
-0.016475,0.00061851,-0.014807,-0.044308,0.24083,-0.085663,0.96576
-0.017002,0.00059086,-0.014951,-0.044427,0.2431,-0.085948,0.96517
-0.017446,0.00059114,-0.014981,-0.044222,0.24466,-0.086152,0.96476
-0.017889,0.00062035,-0.014943,-0.044035,0.24573,-0.086286,0.96449
-0.018147,0.00070527,-0.014861,-0.043774,0.24665,-0.086459,0.96425
-0.018533,0.0007601,-0.014837,-0.043469,0.24754,-0.086671,0.96401
-0.018721,0.0009108,-0.014847,-0.043123,0.24879,-0.087892,0.9636
-0.019161,0.0009896,-0.014943,-0.04335,0.25061,-0.088154,0.96309
-0.019596,0.0010681,-0.015125,-0.043976,0.25302,-0.08849,0.9624
-0.019834,0.001082,-0.015301,-0.044668,0.25586,-0.088888,0.96158
-0.020287,0.0011466,-0.015397,-0.04529,0.25879,-0.089331,0.96073
-0.020704,0.0011906,-0.01542,-0.045626,0.26159,-0.089679,0.95992
-0.021087,0.0012445,-0.015412,-0.045634,0.26398,-0.090092,0.95923
-0.021384,0.0013418,-0.015316,-0.045354,0.26586,-0.090474,0.95868
-0.021832,0.0013925,-0.015165,-0.044862,0.26727,-0.090964,0.95827
-0.021999,0.0015177,-0.014911,-0.044087,0.26825,-0.091303,0.958
-0.021979,0.0017555,-0.014677,-0.042957,0.26897,-0.092789,0.95771
-0.022078,0.0019482,-0.014407,-0.04228,0.26973,-0.093075,0.9575
-0.022223,0.0021152,-0.014219,-0.041879,0.27054,-0.093365,0.95725
-0.022202,0.0023193,-0.014003,-0.041542,0.27149,-0.093532,0.95698
-0.022348,0.0025034,-0.013818,-0.041339,0.27246,-0.093616,0.95671
-0.022251,0.0026936,-0.013673,-0.040863,0.2734,-0.0946,0.95636
-0.022403,0.0027603,-0.013535,-0.040642,0.27422,-0.094504,0.95615
-0.022545,0.0028638,-0.013377,-0.040291,0.2748,-0.094354,0.95601
-0.022729,0.002993,-0.013191,-0.039727,0.27513,-0.094277,0.95595
-0.022832,0.003095,-0.013033,-0.039128,0.27521,-0.09423,0.95595
-0.022928,0.0031493,-0.012878,-0.038552,0.27517,-0.09405,0.95601
-0.022948,0.0032668,-0.012723,-0.038038,0.27494,-0.094032,0.95609
-0.022946,0.0033805,-0.012603,-0.037548,0.27459,-0.093967,0.95622
-0.022971,0.0034039,-0.012593,-0.037184,0.27423,-0.093949,0.95634
-0.022929,0.0034165,-0.012541,-0.037221,0.27419,-0.093947,0.95635
-0.023018,0.0033869,-0.012615,-0.037672,0.27425,-0.093609,0.95635
-0.023086,0.0033258,-0.012719,-0.03814,0.27445,-0.093453,0.95629
-0.023151,0.0033256,-0.012793,-0.038509,0.27452,-0.093241,0.95627
-0.02436,0.0033436,-0.012829,-0.038683,0.27451,-0.092986,0.95629
-0.024395,0.0033398,-0.012792,-0.03866,0.27436,-0.092764,0.95636
-0.02442,0.0033024,-0.012772,-0.038668,0.27409,-0.092363,0.95648
-0.024413,0.0033265,-0.012783,-0.038537,0.27384,-0.09231,0.95656
-0.024332,0.0033087,-0.012726,-0.038364,0.27356,-0.092295,0.95665
-0.024306,0.0033308,-0.012654,-0.038153,0.27303,-0.092396,0.9568
-0.024167,0.0033204,-0.012694,-0.037936,0.27248,-0.092542,0.95695
-0.023967,0.00332,-0.012687,-0.037757,0.27188,-0.092686,0.95711
-0.023817,0.0033824,-0.012656,-0.037748,0.27157,-0.092717,0.9572
-0.023716,0.0034071,-0.012682,-0.037892,0.27137,-0.092754,0.95725
-0.023892,0.003401,-0.012717,-0.038151,0.27134,-0.092797,0.95724
-0.023855,0.0034364,-0.01275,-0.038469,0.27142,-0.092848,0.9572
-0.023851,0.0034596,-0.012779,-0.038642,0.27139,-0.092977,0.95719
-0.023804,0.0034719,-0.012814,-0.038739,0.27117,-0.092925,0.95725
-0.023783,0.0034605,-0.012814,-0.038638,0.2708,-0.092779,0.95738
-0.023681,0.0034058,-0.012775,-0.03851,0.27025,-0.092668,0.95755
-0.023577,0.0034037,-0.012741,-0.038376,0.26964,-0.092593,0.95773
-0.023474,0.0034402,-0.012757,-0.038173,0.26893,-0.092907,0.95791
-0.023413,0.0034348,-0.012772,-0.038101,0.26814,-0.092696,0.95815
-0.023334,0.0034334,-0.01274,-0.037919,0.26726,-0.092442,0.95843
-0.023586,0.0034897,-0.012714,-0.037784,0.26635,-0.092183,0.95871
-0.023531,0.0034671,-0.012712,-0.0377,0.26578,-0.091939,0.9589
-0.023547,0.0034773,-0.01276,-0.03771,0.26526,-0.091787,0.95906
-0.023492,0.0034834,-0.012745,-0.037597,0.26481,-0.091722,0.95919
-0.023403,0.0034821,-0.012742,-0.037398,0.26436,-0.091656,0.95933
-0.023454,0.0034772,-0.012752,-0.037136,0.26379,-0.091627,0.9595
-0.023331,0.0034568,-0.012742,-0.036812,0.2631,-0.091549,0.95971
-0.02323,0.0034605,-0.012643,-0.036438,0.26237,-0.091553,0.95992
-0.023133,0.0034769,-0.012596,-0.036084,0.2615,-0.091383,0.96019
-0.023016,0.0034957,-0.012502,-0.035778,0.26061,-0.091207,0.96046
-0.022865,0.0035346,-0.01241,-0.035541,0.25961,-0.091071,0.96075
-0.022766,0.0035879,-0.012337,-0.035327,0.25849,-0.090802,0.96109
-0.022646,0.0036361,-0.012232,-0.035327,0.25849,-0.090802,0.96109
-0.022191,0.0037234,-0.01217,-0.034784,0.25732,-0.092037,0.9613
-0.022082,0.0037571,-0.012193,-0.03441,0.25511,-0.091455,0.96196
-0.021994,0.0037478,-0.012226,-0.034174,0.25412,-0.091233,0.96225
-0.021734,0.0037838,-0.012201,-0.033926,0.25304,-0.091092,0.96256
-0.021556,0.003773,-0.01222,-0.033926,0.25304,-0.091092,0.96256
-0.021349,0.0037943,-0.012179,-0.033604,0.25181,-0.09099,0.9629
-0.021038,0.0038082,-0.012175,-0.032793,0.24845,-0.090475,0.96385
-0.020702,0.0037986,-0.012115,-0.032248,0.24655,-0.09016,0.96439
-0.0204,0.0038373,-0.01197,-0.031564,0.24462,-0.089886,0.96493
-0.020112,0.0038884,-0.011804,-0.031564,0.24462,-0.089886,0.96493
-0.019712,0.0039375,-0.011575,-0.030804,0.24248,-0.089517,0.96553
-0.019294,0.0040795,-0.011268,-0.029078,0.23792,-0.088537,0.9668
-0.01928,0.00413,-0.011059,-0.029078,0.23792,-0.088537,0.9668
-0.018925,0.0042363,-0.010915,-0.028322,0.23579,-0.088121,0.96739
-0.018636,0.0043074,-0.010777,-0.027749,0.23401,-0.087811,0.96786
-0.018452,0.0043437,-0.01069,-0.027471,0.23271,-0.087182,0.96824
-0.018183,0.0043297,-0.010694,-0.027285,0.23174,-0.087087,0.96849
-0.018188,0.0043623,-0.010685,-0.027144,0.23111,-0.087055,0.96865
-0.01793,0.0043641,-0.010681,-0.027097,0.23047,-0.087105,0.96879
-0.017676,0.0043768,-0.01066,-0.027026,0.22973,-0.087113,0.96897
-0.017422,0.0044337,-0.010524,-0.026895,0.22882,-0.086805,0.96922
-0.017054,0.0044658,-0.010394,-0.026619,0.22756,-0.086695,0.96953
-0.016911,0.0045388,-0.010141,-0.026171,0.22602,-0.086483,0.96992
-0.016525,0.0046616,-0.0098855,-0.025497,0.2241,-0.086115,0.97042
-0.016121,0.004785,-0.0095469,-0.024611,0.22195,-0.085733,0.97097
-0.015677,0.0049345,-0.0091923,-0.023648,0.21958,-0.085254,0.97157
-0.015243,0.0050606,-0.0088116,-0.022541,0.21711,-0.084766,0.9722
-0.015276,0.0051851,-0.0084483,-0.021471,0.21459,-0.08436,0.97282
-0.014787,0.0053227,-0.0080788,-0.020443,0.21203,-0.083821,0.97345
-0.014288,0.0054128,-0.0077808,-0.019591,0.20952,-0.083333,0.97405
-0.013807,0.0055128,-0.0075626,-0.018888,0.20711,-0.083107,0.9746
-0.013357,0.0055796,-0.0073345,-0.018394,0.20493,-0.082769,0.9751
-0.012646,0.0056492,-0.0071951,-0.018153,0.20296,-0.082398,0.97555
-0.012265,0.0056832,-0.007064,-0.017896,0.20119,-0.08204,0.97595
-0.011898,0.005736,-0.0069365,-0.01765,0.19951,-0.081687,0.97633
-0.011466,0.0057829,-0.0067379,-0.01726,0.19772,-0.081324,0.97673
-0.011068,0.0058477,-0.0064714,-0.016676,0.19579,-0.080821,0.97717
-0.010982,0.0059195,-0.006162,-0.015969,0.19361,-0.080344,0.97765
-0.01056,0.0059809,-0.0057936,-0.015152,0.19128,-0.079815,0.97817
-0.010117,0.0060193,-0.0054743,-0.01436,0.18882,-0.079276,0.9787
-0.0096033,0.0061139,-0.0051796,-0.013603,0.18629,-0.078906,0.97923
-0.0091062,0.0061591,-0.0048503,-0.012944,0.18385,-0.078456,0.97973
-0.008689,0.0062316,-0.0045938,-0.012475,0.18147,-0.077924,0.98022
-0.0082371,0.0062636,-0.0043818,-0.012247,0.17928,-0.077408,0.98067
-0.0078235,0.0063288,-0.0042056,-0.012085,0.17721,-0.076896,0.98109
-0.0074912,0.006298,-0.0039757,-0.011997,0.17531,-0.075748,0.98152
-0.0069793,0.0063465,-0.0037221,-0.011632,0.17339,-0.075372,0.9819
-0.0065258,0.006384,-0.0033296,-0.011114,0.17127,-0.074895,0.98231
-0.0060286,0.0064626,-0.0028052,-0.010314,0.16872,-0.074387,0.9828
-0.0054959,0.0065437,-0.0022538,-0.0091662,0.16554,-0.07366,0.98341
-0.0049371,0.0067026,-0.0015389,-0.0077779,0.16188,-0.072642,0.9841
-0.0042512,0.0068103,-0.0007647,-0.0060432,0.15765,-0.071714,0.98487
-0.0029172,0.0069953,3.6242e-05,-0.0040686,0.15294,-0.070705,0.98569
-0.0021244,0.0071743,0.0007507,-0.0022204,0.14786,-0.069672,0.98655
-0.001386,0.0073092,0.0013421,-0.00067757,0.14278,-0.068769,0.98736
-0.00061253,0.0074409,0.0017814,0.00045735,0.13808,-0.067849,0.98809
0.00014743,0.0075398,0.0021685,0.0013481,0.13387,-0.066961,0.98873
0.00073821,0.0076464,0.0025461,0.0020827,0.13015,-0.066066,0.98929
0.001426,0.0077011,0.0028767,0.0026766,0.12678,-0.065145,0.98979
0.0020905,0.0078146,0.0033444,0.0033928,0.12346,-0.064224,0.99026
0.0026238,0.0078577,0.0038747,0.0041735,0.11992,-0.062463,0.99081
0.0032992,0.0079563,0.0044998,0.0054572,0.11595,-0.061315,0.99135
0.0040223,0.0080782,0.005196,0.0071051,0.11125,-0.060195,0.99194
0.0047556,0.0082247,0.0058913,0.0088321,0.10625,-0.059091,0.99254
0.0054796,0.0083789,0.0065263,0.010379,0.1013,-0.058079,0.99311
0.0062269,0.0084977,0.0070438,0.011517,0.096797,-0.057321,0.99359
0.0069486,0.00863,0.0075171,0.012431,0.092925,-0.0566,0.99399
0.0074647,0.0087363,0.0079245,0.013107,0.089536,-0.05592,0.99433
0.0081628,0.0088476,0.00833,0.013772,0.086539,-0.055223,0.99462
0.0088353,0.0089978,0.0087532,0.014389,0.083887,-0.054506,0.99488
0.0094165,0.0091696,0.0092079,0.014948,0.081296,-0.053489,0.99514
0.010025,0.0093033,0.0097531,0.015711,0.078527,-0.052845,0.99539
0.010497,0.0094578,0.010375,0.016687,0.075446,-0.052086,0.99565
0.011104,0.0095849,0.011012,0.01798,0.071961,-0.05142,0.99592
0.011666,0.0097403,0.011654,0.01931,0.068216,-0.05078,0.99619
0.012273,0.0098881,0.012202,0.020456,0.06453,-0.050188,0.99644
0.012809,0.010032,0.012608,0.021142,0.061028,-0.049832,0.99667
0.013342,0.010165,0.012969,0.021457,0.05803,-0.049649,0.99685
0.013931,0.010347,0.013355,0.021805,0.055401,-0.049274,0.99701
0.014494,0.010509,0.01381,0.022492,0.052831,-0.048722,0.99716
0.015038,0.010714,0.014362,0.023444,0.050224,-0.047949,0.99731
0.015505,0.010876,0.01495,0.024632,0.047435,-0.047148,0.99746
0.016,0.01105,0.015554,0.025951,0.044324,-0.046193,0.99761
0.016397,0.011234,0.016141,0.027325,0.040787,-0.045203,0.99777
0.016751,0.011402,0.016723,0.028509,0.037012,-0.044152,0.99793
0.017093,0.011533,0.017166,0.029476,0.033244,-0.043193,0.99808
0.017429,0.011625,0.01755,0.030054,0.02977,-0.042304,0.99821
0.017728,0.011775,0.017868,0.030356,0.026425,-0.041519,0.99833
0.017536,0.011739,0.017701,0.030502,0.02327,-0.040838,0.99843
0.018385,0.011989,0.01839,0.030546,0.020196,-0.040071,0.99853
0.018605,0.012101,0.018668,0.030831,0.017264,-0.039011,0.99861
0.018852,0.012253,0.019078,0.031468,0.014288,-0.037978,0.99868
0.018417,0.01224,0.019099,0.032514,0.011155,-0.036836,0.99873
0.018552,0.012414,0.0197,0.033908,0.0076884,-0.035532,0.99876
0.01921,0.012735,0.020763,0.035345,0.0038764,-0.034239,0.99878
0.019311,0.012912,0.021325,0.036534,-0.00010592,-0.032499,0.9988
0.019417,0.013084,0.021761,0.037359,-0.0039187,-0.031298,0.9988
0.01892,0.013069,0.021775,0.037692,-0.0072891,-0.030317,0.9988
0.01918,0.013266,0.022155,0.037942,-0.0103,-0.029632,0.99879
0.019496,0.013417,0.022509,0.038136,-0.013208,-0.029169,0.99876
0.019801,0.013604,0.022906,0.03856,-0.016222,-0.028776,0.99871
0.02017,0.013758,0.023327,0.039289,-0.019241,-0.028376,0.99864
0.020389,0.01396,0.023843,0.040487,-0.02222,-0.027707,0.99855
0.020539,0.014129,0.024407,0.04214,-0.025377,-0.026754,0.99843
0.02059,0.014322,0.024965,0.043989,-0.028385,-0.025846,0.99829
0.020617,0.014469,0.025416,0.045534,-0.03107,-0.024799,0.99817
0.020609,0.014659,0.02579,0.046544,-0.033663,-0.023897,0.99806
0.020731,0.014774,0.026066,0.047119,-0.036227,-0.023057,0.99797
0.020818,0.014921,0.026335,0.04764,-0.039064,-0.022235,0.99785
0.020841,0.015057,0.026618,0.048328,-0.042188,-0.021471,0.99771
0.020954,0.015209,0.026882,0.049104,-0.04564,-0.021062,0.99753
0.02113,0.015347,0.027211,0.049936,-0.049206,-0.020555,0.99733
0.021439,0.015493,0.027552,0.050869,-0.052861,-0.020258,0.9971
0.021651,0.015676,0.027909,0.052006,-0.056444,-0.019867,0.99685
0.021819,0.01585,0.028299,0.053402,-0.059677,-0.019371,0.9966
0.02197,0.015998,0.028627,0.054929,-0.062555,-0.019034,0.99635
0.02201,0.016112,0.029016,0.056427,-0.064861,-0.018618,0.99612
0.021966,0.016212,0.029432,0.057788,-0.066754,-0.018287,0.99593
0.021933,0.016337,0.029799,0.059057,-0.068649,-0.017777,0.99573
0.02197,0.01644,0.030245,0.060552,-0.070954,-0.017314,0.99549
0.021951,0.016513,0.030703,0.062269,-0.073659,-0.016765,0.9952
0.021998,0.016568,0.031159,0.064106,-0.07663,-0.016401,0.99486
0.022133,0.016649,0.031636,0.066003,-0.079729,-0.016112,0.9945
0.02223,0.0166,0.03206,0.067661,-0.082643,-0.015891,0.99415
0.022379,0.016631,0.032485,0.069056,-0.085203,-0.015658,0.99384
0.022515,0.016704,0.032765,0.07024,-0.08777,-0.015783,0.99354
0.022649,0.016762,0.032962,0.071168,-0.090369,-0.015913,0.99323
0.023089,0.016887,0.03317,0.071682,-0.09313,-0.016203,0.99294
0.023271,0.016963,0.033273,0.072069,-0.096258,-0.016601,0.99261
0.0235,0.017036,0.033426,0.07248,-0.099955,-0.01698,0.9922
0.02353,0.017064,0.033508,0.072936,-0.10374,-0.016912,0.99178
0.023629,0.017079,0.033591,0.073473,-0.1075,-0.01667,0.99135
0.023489,0.017093,0.03365,0.074047,-0.11088,-0.016162,0.99094
0.023353,0.017077,0.033821,0.075012,-0.11362,-0.015255,0.99057
0.023133,0.017024,0.033995,0.076183,-0.11557,-0.014167,0.99027
0.022972,0.016963,0.034248,0.077436,-0.11711,-0.013071,0.99001
0.022785,0.0169,0.03453,0.078497,-0.1185,-0.011993,0.98977
0.022532,0.016834,0.034776,0.079094,-0.12,-0.010956,0.98956
0.022405,0.016771,0.034913,0.079246,-0.12179,-0.0099469,0.98934
0.022283,0.016783,0.034919,0.078894,-0.12366,-0.0092501,0.98914
0.022372,0.016823,0.034887,0.078236,-0.12546,-0.0089208,0.98897
0.022463,0.016892,0.0348,0.077486,-0.12721,-0.0087229,0.98881
0.022759,0.016948,0.034766,0.076983,-0.12884,-0.0085757,0.98864
0.022828,0.016992,0.034753,0.076719,-0.13032,-0.0081751,0.98847
0.022968,0.017007,0.034785,0.076899,-0.13159,-0.0073504,0.98829
0.023048,0.017062,0.034867,0.077177,-0.13222,-0.0064496,0.98819
0.023175,0.017058,0.034862,0.077183,-0.13235,-0.0059127,0.98818
0.023388,0.017034,0.034849,0.076849,-0.13215,-0.0055459,0.98823
0.023537,0.017019,0.03486,0.07648,-0.13199,-0.0052722,0.98828
0.023751,0.017051,0.034936,0.076392,-0.13238,-0.0050613,0.98824
0.023863,0.017073,0.034966,0.076292,-0.13301,-0.0050416,0.98816
0.023968,0.017054,0.035019,0.07619,-0.13363,-0.0049365,0.98809
0.024232,0.017058,0.035068,0.076162,-0.13415,-0.0047997,0.98802
0.024268,0.017014,0.0351,0.076112,-0.13449,-0.0045915,0.98798
0.024301,0.017035,0.035151,0.076141,-0.13441,-0.004253,0.98799
0.024386,0.017077,0.035118,0.075991,-0.13384,-0.004533,0.98808
0.024329,0.017107,0.035139,0.075956,-0.13285,-0.0041929,0.98821
0.024131,0.01711,0.035253,0.076169,-0.13213,-0.0038247,0.98829
0.024106,0.017137,0.035457,0.076682,-0.13212,-0.0034197,0.98826
0.024071,0.017134,0.035617,0.077267,-0.13272,-0.0030401,0.98813
0.024012,0.017155,0.035711,0.077589,-0.13327,-0.0028425,0.98803
0.023933,0.017159,0.035704,0.07741,-0.13321,-0.0029004,0.98806
0.023825,0.017134,0.035561,0.07698,-0.1325,-0.0030654,0.98818
0.023757,0.017144,0.035463,0.076564,-0.13154,-0.0030874,0.98834
0.023643,0.017172,0.03546,0.076476,-0.13084,-0.0028502,0.98845
0.023623,0.017208,0.03556,0.076853,-0.13073,-0.0027247,0.98843
0.023555,0.017223,0.03561,0.077277,-0.13073,-0.0022249,0.9884
0.023535,0.017233,0.035631,0.077408,-0.13042,-0.0018646,0.98843
0.023392,0.017185,0.035547,0.077369,-0.12975,-0.0016713,0.98852
0.023283,0.017187,0.035454,0.077145,-0.12895,-0.0017136,0.98864
0.02319,0.017188,0.035449,0.077086,-0.12844,-0.0018037,0.98871
0.023112,0.017211,0.035586,0.077389,-0.12844,-0.001758,0.98869
0.023046,0.017309,0.03571,0.077722,-0.12869,-0.0016804,0.98863
0.022947,0.017388,0.035787,0.078069,-0.12873,-0.0014861,0.9886
0.022894,0.017447,0.03582,0.078101,-0.12828,-0.0013971,0.98866
0.022744,0.017413,0.035759,0.078006,-0.12754,-0.00086678,0.98876
0.02273,0.017402,0.035665,0.077707,-0.12685,-0.00094073,0.98887
0.022697,0.017377,0.035653,0.07759,-0.1266,-0.00092596,0.98891
0.022714,0.017429,0.035681,0.077631,-0.12694,-0.00093518,0.98887
0.022735,0.01744,0.035721,0.077727,-0.1274,-0.00079973,0.9888
0.022796,0.017459,0.035743,0.077632,-0.12766,-0.0010775,0.98877
0.022768,0.01745,0.035717,0.077431,-0.12742,-0.0011123,0.98882
0.023036,0.01753,0.035676,0.077344,-0.12704,-0.0011926,0.98888
0.022992,0.017551,0.035592,0.077254,-0.12665,-0.0011505,0.98893
0.023004,0.017596,0.035542,0.077164,-0.12627,-0.0010973,0.98899
0.023054,0.017613,0.035539,0.077035,-0.12593,-0.0010042,0.98904
0.023088,0.017576,0.035505,0.076915,-0.12568,-0.00085596,0.98908
0.023347,0.017546,0.035445,0.076817,-0.12559,-0.00077906,0.9891
0.02337,0.017513,0.03539,0.076673,-0.12548,-0.00075453,0.98913
0.023359,0.017509,0.03538,0.076615,-0.12536,-0.00076572,0.98915
0.023457,0.017528,0.035386,0.076581,-0.12536,-0.0012928,0.98915
0.023477,0.017578,0.03537,0.076642,-0.12548,-0.0014151,0.98913
0.024013,0.017606,0.035309,0.07655,-0.12543,-0.001546,0.98914
0.02406,0.017591,0.035229,0.076444,-0.12489,-0.0016885,0.98922
0.024089,0.017535,0.035149,0.076306,-0.12407,-0.0017775,0.98933
0.02407,0.017459,0.03514,0.076295,-0.12327,-0.001594,0.98943
0.024111,0.017433,0.035157,0.076326,-0.12282,-0.001505,0.98949
0.024118,0.017409,0.035241,0.076378,-0.12254,-0.001402,0.98952
0.024097,0.017434,0.03524,0.076318,-0.12241,-0.0013279,0.98954
0.024081,0.017426,0.035237,0.076223,-0.12234,-0.0013363,0.98956
0.024068,0.017451,0.035167,0.076092,-0.12232,-0.0014273,0.98957
0.024077,0.017442,0.035117,0.075835,-0.12236,-0.0014316,0.98958
0.024119,0.017447,0.035086,0.075608,-0.12226,-0.0014938,0.98961
0.024154,0.017404,0.035035,0.075464,-0.12215,-0.0015064,0.98964
0.024145,0.017394,0.035032,0.075548,-0.12213,-0.0014197,0.98963
0.02421,0.017415,0.035067,0.075748,-0.12231,-0.0017441,0.9896
0.02413,0.017373,0.035054,0.075895,-0.12249,-0.0015057,0.98956
0.023791,0.017337,0.035016,0.075825,-0.12227,-0.0014386,0.98959
0.023722,0.017305,0.034901,0.075614,-0.12195,-0.0014804,0.98965
0.023727,0.017307,0.034894,0.075403,-0.12163,-0.0015112,0.98971
0.023827,0.01732,0.034913,0.075279,-0.12163,-0.0018691,0.98971
0.02388,0.017345,0.034967,0.075302,-0.12182,-0.0019776,0.98969
0.02383,0.017298,0.034973,0.075181,-0.12188,-0.0020616,0.98969
0.023831,0.017338,0.035004,0.075133,-0.12185,-0.0020658,0.9897
0.02382,0.017324,0.035019,0.075217,-0.12183,-0.001979,0.9897
0.023801,0.017337,0.035095,0.075481,-0.12187,-0.0018824,0.98967
0.023798,0.017363,0.035153,0.075737,-0.12184,-0.0018781,0.98965
0.023825,0.017379,0.035184,0.075945,-0.12176,-0.0018409,0.98965
0.023767,0.017393,0.035181,0.076038,-0.12145,-0.0018632,0.98968
0.023749,0.017401,0.035191,0.075921,-0.12081,-0.0019754,0.98977
0.02377,0.017402,0.035172,0.075584,-0.12011,-0.002443,0.98988
0.02379,0.017414,0.035154,0.075213,-0.11951,-0.0026449,0.98998
0.023773,0.017449,0.035169,0.075098,-0.11927,-0.0027154,0.99001
0.02377,0.017489,0.035267,0.075359,-0.11964,-0.0027548,0.98995
0.023804,0.017515,0.035415,0.075617,-0.11999,-0.0026716,0.98989
0.023773,0.01754,0.035415,0.075702,-0.11997,-0.0026329,0.98988
0.023697,0.01753,0.035379,0.075724,-0.11945,-0.0025882,0.98994
0.023417,0.017534,0.035368,0.075765,-0.11869,-0.002582,0.99003
0.023361,0.017593,0.035314,0.075653,-0.11776,-0.0026699,0.99015
0.023339,0.017592,0.035264,0.075554,-0.11691,-0.0027989,0.99026
0.023354,0.017632,0.035186,0.07527,-0.11593,-0.0032488,0.9904
0.023364,0.017586,0.035079,0.074747,-0.11476,-0.0036826,0.99057
0.023364,0.017564,0.034959,0.074186,-0.11364,-0.0041136,0.99074
0.023381,0.017487,0.034878,0.07373,-0.11268,-0.0044811,0.99088
0.023362,0.01749,0.034787,0.073473,-0.11195,-0.0047766,0.99098
0.023312,0.017488,0.034769,0.073599,-0.11152,-0.0050276,0.99102
0.023282,0.01753,0.034786,0.073808,-0.11107,-0.0052025,0.99105
0.023142,0.017538,0.034779,0.073965,-0.11019,-0.0053645,0.99114
0.023056,0.017539,0.034718,0.073947,-0.10893,-0.0055336,0.99128
0.022974,0.017455,0.034563,0.073803,-0.10735,-0.0057323,0.99146
0.022926,0.017392,0.034443,0.073643,-0.10599,-0.0059514,0.99162
0.022851,0.01734,0.034338,0.073529,-0.10466,-0.0061289,0.99177
0.023016,0.017258,0.034264,0.073429,-0.10382,-0.0062953,0.99186
0.022885,0.017202,0.034113,0.07338,-0.10339,-0.0064264,0.99191
0.022749,0.017166,0.033974,0.073153,-0.10292,-0.0066528,0.99197
0.022666,0.017122,0.033782,0.072759,-0.10171,-0.0073918,0.99212
0.022551,0.01704,0.033547,0.072354,-0.10048,-0.0076935,0.99228
0.022477,0.016982,0.033268,0.072042,-0.098929,-0.0080656,0.99245
0.022386,0.01691,0.033108,0.07192,-0.097529,-0.0083729,0.9926
0.022378,0.016823,0.033013,0.071867,-0.096334,-0.0086618,0.99271
0.022322,0.016755,0.032913,0.071786,-0.095272,-0.0089408,0.99282
0.022301,0.0167,0.032835,0.071786,-0.095272,-0.0089408,0.99282
0.022609,0.016629,0.032669,0.071183,-0.093442,-0.0096494,0.99303
0.02253,0.016569,0.03247,0.070545,-0.092424,-0.010064,0.99317
0.022455,0.016544,0.0323,0.069934,-0.091265,-0.010499,0.99331
0.022385,0.016476,0.032104,0.069934,-0.091265,-0.010499,0.99331
0.02241,0.016431,0.031745,0.06893,-0.089356,-0.011224,0.99355
0.022495,0.016349,0.031372,0.067889,-0.086792,-0.011879,0.99384
0.02251,0.016208,0.031004,0.066807,-0.083889,-0.012658,0.99415
0.022501,0.016103,0.03077,0.066164,-0.081393,-0.013258,0.9944
0.022429,0.016013,0.030696,0.066105,-0.079819,-0.013615,0.99452
0.022355,0.015901,0.030653,0.066214,-0.078902,-0.013829,0.99458
0.022187,0.015847,0.0306,0.066172,-0.078177,-0.014032,0.99464
0.022049,0.01579,0.030459,0.06569,-0.077043,-0.014365,0.99476
0.02186,0.015759,0.030137,0.064746,-0.075323,-0.014806,0.99494
0.021741,0.015688,0.029725,0.06337,-0.072884,-0.015458,0.99521
0.021656,0.015626,0.029272,0.061729,-0.069711,-0.016263,0.99552
0.021626,0.015519,0.028909,0.060237,-0.066338,-0.017041,0.99583
0.021537,0.015445,0.028634,0.059265,-0.063356,-0.017506,0.99608
0.021412,0.01537,0.028497,0.059002,-0.061214,-0.017665,0.99622
0.021291,0.015292,0.028542,0.059326,-0.059986,-0.017592,0.99628
0.02133,0.015259,0.028528,0.059716,-0.059181,-0.018478,0.99629
0.021313,0.015182,0.028413,0.059777,-0.057909,-0.018549,0.99636
0.021104,0.01508,0.028105,0.059102,-0.055936,-0.019001,0.9965
0.020925,0.014993,0.027723,0.057718,-0.053113,-0.019722,0.99672
0.020732,0.014913,0.027268,0.05593,-0.049839,-0.020662,0.99698
0.020744,0.014916,0.026925,0.05436,-0.04685,-0.022223,0.99717
0.020633,0.014862,0.026661,0.053421,-0.044831,-0.022819,0.9973
0.020465,0.014876,0.026588,0.053101,-0.043975,-0.023077,0.99735
0.020308,0.01485,0.026566,0.053392,-0.043893,-0.023028,0.99734
0.020108,0.014835,0.026609,0.053828,-0.043916,-0.022929,0.99732
0.019821,0.014816,0.026557,0.054047,-0.043233,-0.022939,0.99734
0.019478,0.014768,0.026399,0.053874,-0.04186,-0.022976,0.99741
0.019236,0.014706,0.026234,0.0534,-0.039799,-0.02321,0.99751
0.019033,0.014649,0.026,0.052618,-0.037346,-0.02353,0.99764
0.018905,0.014631,0.02578,0.051676,-0.035014,-0.02397,0.99776
0.018819,0.014609,0.025574,0.050865,-0.033018,-0.024465,0.99786
0.018792,0.014593,0.025441,0.050117,-0.031532,-0.024871,0.99794
0.018701,0.014556,0.02526,0.049544,-0.030405,-0.025157,0.99799
0.018614,0.014484,0.025146,0.049318,-0.029629,-0.025444,0.99802
0.018468,0.014375,0.025059,0.04918,-0.028517,-0.025545,0.99806
0.018195,0.014272,0.024905,0.048937,-0.026996,-0.025242,0.99812
0.018071,0.014195,0.024746,0.048605,-0.025051,-0.0255,0.99818
0.017914,0.014096,0.024444,0.047916,-0.022683,-0.025888,0.99826
0.017821,0.014002,0.024138,0.047004,-0.019912,-0.02636,0.99835
0.0177,0.013904,0.023768,0.045718,-0.016937,-0.026945,0.99845
0.017615,0.013814,0.023403,0.044214,-0.013954,-0.027621,0.99854
0.01753,0.013688,0.02303,0.04264,-0.011141,-0.028105,0.99863
0.01748,0.013485,0.022583,0.041138,-0.0085375,-0.028617,0.99871
0.017322,0.01335,0.022209,0.039911,-0.006069,-0.029064,0.99876
0.017194,0.013242,0.021824,0.038866,-0.0036636,-0.029501,0.9988
0.017034,0.013098,0.021437,0.038007,-0.0010171,-0.029952,0.99883
0.01698,0.012975,0.02112,0.037203,0.0018977,-0.030431,0.99884
0.01683,0.012857,0.020799,0.036636,0.0046216,-0.030918,0.99884
0.01671,0.012742,0.020608,0.03635,0.0072094,-0.031397,0.99882
0.016663,0.012717,0.020495,0.036275,0.00917,-0.031859,0.99879
0.016526,0.012685,0.020392,0.036205,0.010704,-0.031684,0.99878
0.016482,0.012669,0.020281,0.035952,0.012027,-0.032186,0.99876
0.016446,0.012641,0.020004,0.035277,0.013588,-0.032843,0.99875
0.01649,0.01259,0.019646,0.034246,0.015569,-0.033675,0.99872
0.016476,0.012491,0.019118,0.032926,0.01808,-0.034509,0.9987
0.016415,0.012374,0.018505,0.031473,0.021252,-0.035053,0.99866
0.016313,0.012198,0.017798,0.029562,0.025281,-0.036145,0.99859
0.016214,0.012029,0.017076,0.027533,0.029861,-0.037235,0.99848
0.016172,0.011884,0.016564,0.026132,0.033971,-0.038107,0.99835
0.016119,0.011842,0.016357,0.025831,0.036944,-0.038643,0.99824
0.01611,0.011822,0.016349,0.02639,0.038658,-0.038849,0.99815
0.016025,0.011798,0.016462,0.027269,0.039593,-0.038946,0.99808
0.015972,0.011778,0.016493,0.027951,0.040369,-0.039076,0.99803
0.015858,0.011767,0.016332,0.028096,0.04162,-0.039475,0.99796
0.01576,0.011691,0.015919,0.027381,0.04412,-0.040329,0.99784
0.015593,0.011527,0.015186,0.025723,0.048176,-0.041452,0.99765
0.015319,0.011312,0.014241,0.023273,0.053586,-0.042901,0.99737
0.015084,0.011065,0.013297,0.020513,0.059682,-0.044535,0.99701
0.014903,0.010872,0.01244,0.017974,0.065384,-0.045999,0.99664
0.014755,0.010684,0.011808,0.01616,0.069861,-0.047051,0.99632
0.01462,0.010597,0.011441,0.015309,0.073004,-0.047774,0.99607
0.015144,0.010537,0.011274,0.015175,0.074996,-0.048266,0.9959
0.015044,0.010488,0.01121,0.015388,0.076344,-0.048661,0.99577
0.014884,0.010408,0.011065,0.015533,0.077583,-0.049183,0.99565
0.014776,0.010363,0.010866,0.015361,0.079211,-0.04982,0.99549
0.014652,0.01029,0.01044,0.014624,0.081489,-0.050645,0.99528
0.014548,0.010191,0.0098708,0.013278,0.084745,-0.051896,0.99496
0.014648,0.010068,0.0093496,0.011341,0.088825,-0.053302,0.99456
0.014562,0.0099337,0.008686,0.0093621,0.09317,-0.054634,0.99411
0.014312,0.0097826,0.0080624,0.0078936,0.096984,-0.055708,0.99369
0.014428,0.0097867,0.0080673,0.0074425,0.09936,-0.056313,0.99343
0.014758,0.0098422,0.0082484,0.0080463,0.10004,-0.056475,0.99335
0.014751,0.0099517,0.0085788,0.0092634,0.099427,-0.056282,0.99341
0.014738,0.010039,0.0089365,0.010722,0.098325,-0.056093,0.99351
0.014731,0.010109,0.0092456,0.012086,0.097288,-0.055998,0.99361
0.014687,0.010153,0.0093297,0.013234,0.096864,-0.056118,0.99363
0.014655,0.010169,0.0092743,0.013657,0.097656,-0.056645,0.99351
0.014528,0.010103,0.0089266,0.013116,0.099772,-0.057623,0.99325
0.014501,0.010042,0.0083969,0.011834,0.10282,-0.058847,0.99289
0.014419,0.0099123,0.0077815,0.010144,0.10632,-0.0602,0.99246
0.014351,0.0097762,0.007179,0.0085185,0.10964,-0.061317,0.99204
0.014247,0.009662,0.0067381,0.0075496,0.11231,-0.062252,0.99169
0.014125,0.0095667,0.0064081,0.0072014,0.11422,-0.062944,0.99143
0.013981,0.009487,0.006188,0.0074026,0.11533,-0.063491,0.99127
0.01374,0.009397,0.0060585,0.0079534,0.11642,-0.063856,0.99111
0.013514,0.0093122,0.0058841,0.0083941,0.11766,-0.064275,0.99094
0.013263,0.0091918,0.0055501,0.0083425,0.11935,-0.064824,0.9907
0.012872,0.0090273,0.0049699,0.0074582,0.12196,-0.065612,0.99034
0.012467,0.0087875,0.0041223,0.0056942,0.12561,-0.066661,0.98982
0.012058,0.0085086,0.003175,0.0032595,0.12999,-0.067936,0.98918
0.011682,0.0081792,0.0021682,0.00068699,0.13439,-0.069168,0.98851
0.012391,0.0079179,0.001253,-0.0017395,0.13868,-0.070262,0.98784
0.012009,0.0076252,0.00044238,-0.0037347,0.14235,-0.071174,0.98725
0.011657,0.0073621,-0.00014947,-0.0051031,0.14526,-0.07185,0.98677
0.011268,0.0071233,-0.00077125,-0.0059203,0.14767,-0.072446,0.98636
0.010823,0.0069127,-0.0012785,-0.0065404,0.14994,-0.073071,0.98597
0.01019,0.0066219,-0.0019407,-0.007515,0.15284,-0.073784,0.98546
0.0096404,0.0062941,-0.0027685,-0.0092151,0.15683,-0.074569,0.98476
0.0090195,0.0059273,-0.0037449,-0.011714,0.16185,-0.075689,0.98384
0.0083597,0.0055327,-0.0047958,-0.014781,0.16745,-0.076973,0.98276
0.0078156,0.0051741,-0.0058063,-0.017959,0.1732,-0.078221,0.98161
0.0073737,0.0048303,-0.0066735,-0.020879,0.17831,-0.079205,0.98056
0.0068928,0.0045642,-0.0073728,-0.02315,0.18256,-0.080126,0.97965
0.006481,0.0043153,-0.0078993,-0.024506,0.1859,-0.080851,0.97893
0.0061411,0.0041489,-0.0082475,-0.025159,0.18863,-0.081405,0.97835
0.0057329,0.0040079,-0.0085445,-0.025483,0.19118,-0.082198,0.97777
0.0056516,0.0037975,-0.0089776,-0.026212,0.19412,-0.082932,0.97712
0.0051152,0.0035534,-0.0095636,-0.027465,0.19796,-0.083938,0.97622
0.0044734,0.0032662,-0.010289,-0.02946,0.20295,-0.085184,0.97503
0.0038468,0.0029349,-0.011079,-0.032086,0.2087,-0.086736,0.9736
0.0032336,0.002655,-0.011863,-0.034877,0.21464,-0.088336,0.97206
0.0026891,0.0024211,-0.012545,-0.037409,0.21995,-0.089548,0.97067
0.0021122,0.0022113,-0.013009,-0.039188,0.22427,-0.090393,0.96953
0.0016404,0.0021021,-0.013265,-0.040235,0.22751,-0.091002,0.96868
0.0011836,0.0020601,-0.013335,-0.040475,0.23001,-0.091432,0.96804
0.00073532,0.0020351,-0.013339,-0.040292,0.23204,-0.091835,0.96752
0.00037109,0.0020601,-0.013298,-0.040113,0.23407,-0.092364,0.96699
-0.00013292,0.0020002,-0.013465,-0.040153,0.23641,-0.092997,0.96636
-0.00078612,0.0018853,-0.01388,-0.041056,0.23983,-0.093864,0.96539
-0.0015218,0.0017051,-0.014471,-0.042835,0.24442,-0.095012,0.96405
-0.0021528,0.0015214,-0.015085,-0.044909,0.24984,-0.097104,0.96236
-0.0023298,0.0014081,-0.015538,-0.047106,0.25483,-0.098051,0.96085
-0.0028381,0.0013106,-0.015787,-0.048337,0.25835,-0.098701,0.95978
-0.0032073,0.0013346,-0.015757,-0.048538,0.26023,-0.098874,0.95924
-0.0034379,0.001402,-0.015536,-0.047832,0.26077,-0.098677,0.95915
-0.0036551,0.0015466,-0.01515,-0.046409,0.26062,-0.09844,0.95929
-0.0040287,0.0015366,-0.015171,-0.044707,0.26036,-0.098065,0.95948
-0.0040735,0.0017877,-0.014373,-0.042708,0.26017,-0.097648,0.95966
-0.0043504,0.001934,-0.014037,-0.04099,0.2604,-0.097468,0.95969
-0.0046993,0.0019976,-0.01392,-0.039931,0.2615,-0.097591,0.95943
-0.0050335,0.0020782,-0.013975,-0.039746,0.26345,-0.097979,0.95886
-0.0052875,0.0021119,-0.014171,-0.04016,0.2659,-0.098569,0.95811
-0.0056138,0.002138,-0.014392,-0.040767,0.26849,-0.099297,0.95728
-0.0058551,0.0021928,-0.014574,-0.041159,0.27049,-0.099991,0.95663
-0.0060365,0.0022646,-0.014607,-0.04097,0.27159,-0.10051,0.95627
-0.0060837,0.0023923,-0.014517,-0.040047,0.2719,-0.10142,0.95613
-0.0065153,0.0023746,-0.01476,-0.039067,0.27182,-0.10167,0.95616
-0.0063432,0.0026102,-0.014307,-0.038031,0.27164,-0.10182,0.95624
-0.0066924,0.0026909,-0.014314,-0.037071,0.27166,-0.10207,0.95625
-0.0071921,0.002741,-0.014451,-0.036733,0.2726,-0.10232,0.95596
-0.0078865,0.0027437,-0.014774,-0.037286,0.27481,-0.10251,0.95529
-0.0083906,0.0027692,-0.015112,-0.038387,0.278,-0.10322,0.95425
-0.0095096,0.0027213,-0.015618,-0.039875,0.2817,-0.10408,0.95301
-0.010539,0.0026639,-0.016307,-0.041367,0.28546,-0.10499,0.95172
-0.011187,0.0027076,-0.016775,-0.042617,0.28874,-0.10587,0.95058
-0.011891,0.0027853,-0.017259,-0.043109,0.29142,-0.10728,0.94958
-0.012672,0.002875,-0.017646,-0.043162,0.29346,-0.1081,0.94886
-0.013227,0.0029722,-0.017812,-0.042748,0.29505,-0.1088,0.9483
-0.013808,0.003071,-0.017671,-0.042173,0.29647,-0.10933,0.94783
-0.014384,0.0029349,-0.017975,-0.041776,0.29788,-0.10964,0.94737
-0.014976,0.0028657,-0.018052,-0.04185,0.29949,-0.11001,0.94681
-0.01581,0.0027684,-0.018362,-0.042846,0.30194,-0.11037,0.94595
-0.016914,0.0026293,-0.018887,-0.044844,0.30573,-0.11084,0.94458
-0.01813,0.0024453,-0.019588,-0.047396,0.31029,-0.11143,0.9429
-0.019357,0.0021927,-0.020397,-0.049965,0.31494,-0.11211,0.94114
-0.020426,0.001887,-0.021189,-0.052163,0.31886,-0.11279,0.93962
-0.021408,0.0015466,-0.022,-0.053908,0.32185,-0.11326,0.93844
-0.022002,0.0012944,-0.022587,-0.054983,0.32397,-0.11361,0.93761
-0.022581,0.0010128,-0.02305,-0.055695,0.32539,-0.11383,0.93705
-0.023078,0.00081905,-0.023418,-0.056269,0.32625,-0.11396,0.9367
-0.0235,0.00060975,-0.023698,-0.056796,0.3268,-0.1139,0.93648
-0.023896,0.00041909,-0.02402,-0.057554,0.32744,-0.11388,0.93622
-0.024234,0.00025518,-0.024368,-0.058642,0.32846,-0.11401,0.93577
-0.024675,0.0001136,-0.02476,-0.06007,0.33002,-0.11434,0.9351
-0.025062,-3.8206e-05,-0.025232,-0.061704,0.33202,-0.1149,0.93421
-0.025455,-0.00030403,-0.025709,-0.063388,0.33431,-0.11516,0.93325
-0.025645,-0.00049428,-0.026192,-0.064559,0.33646,-0.11593,0.9323
-0.025588,-0.00065057,-0.026551,-0.065071,0.338,-0.11663,0.93162
-0.025466,-0.00069077,-0.026626,-0.064762,0.33885,-0.11722,0.93126
-0.025267,-0.00065508,-0.026562,-0.063905,0.33901,-0.11765,0.93121
-0.024947,-0.00059748,-0.026303,-0.062848,0.33874,-0.11789,0.93135
-0.024586,-0.00045972,-0.026002,-0.061866,0.33837,-0.11821,0.93151
-0.024566,-0.00031727,-0.025656,-0.061163,0.33836,-0.11837,0.93153
-0.024361,-0.00018146,-0.025391,-0.060856,0.33893,-0.11869,0.93131
-0.024166,1.357e-05,-0.02516,-0.060955,0.3401,-0.11916,0.93081
-0.024145,8.2901e-05,-0.025084,-0.061525,0.34205,-0.11979,0.92998
-0.024203,0.00011698,-0.025146,-0.062457,0.34486,-0.12058,0.92878
-0.024493,9.7309e-05,-0.025278,-0.063496,0.34805,-0.12138,0.92741
-0.024689,0.0001034,-0.025372,-0.064327,0.35107,-0.12221,0.92611
-0.024793,9.7684e-05,-0.025412,-0.064679,0.35353,-0.12289,0.92506
-0.02491,0.00013752,-0.025355,-0.064605,0.35524,-0.1235,0.92432
-0.024995,0.00022112,-0.025235,-0.064304,0.3564,-0.12397,0.92384
-0.02502,0.00027937,-0.025041,-0.064008,0.35728,-0.12438,0.92346
-0.025031,0.00036156,-0.024862,-0.063892,0.35822,-0.12471,0.92306
-0.025129,0.00045377,-0.024738,-0.064005,0.35947,-0.12513,0.92251
-0.02527,0.00053414,-0.024677,-0.064471,0.36127,-0.12566,0.9217
-0.025409,0.00056956,-0.024712,-0.065365,0.36353,-0.12629,0.92066
-0.026353,0.00055983,-0.024774,-0.066375,0.36625,-0.12694,0.91943
-0.026588,0.00053892,-0.024872,-0.067336,0.36916,-0.12763,0.91809
-0.026799,0.00050052,-0.025031,-0.067998,0.37191,-0.12832,0.91684
-0.026978,0.00045897,-0.025067,-0.068259,0.3743,-0.12894,0.91576
-0.02709,0.00048762,-0.025022,-0.068145,0.37604,-0.12955,0.91497
-0.027183,0.00051513,-0.024938,-0.067893,0.37718,-0.12992,0.91447
-0.027223,0.00059786,-0.024823,-0.067499,0.37775,-0.13023,0.91421
-0.027144,0.00070947,-0.024601,-0.066957,0.37765,-0.1304,0.91427
-0.026953,0.00080583,-0.024368,-0.066343,0.37712,-0.13042,0.91453
-0.026704,0.00091679,-0.024117,-0.065899,0.37657,-0.13036,0.9148
-0.027213,0.0009488,-0.023973,-0.066005,0.37694,-0.13046,0.91463
-0.027233,0.00094335,-0.02405,-0.066614,0.37826,-0.13084,0.91398
-0.027404,0.00091981,-0.024198,-0.067544,0.38018,-0.13129,0.91305
-0.027571,0.00087774,-0.024382,-0.068559,0.38209,-0.13173,0.91212
-0.027669,0.00083666,-0.024522,-0.068922,0.38323,-0.13202,0.91157
-0.027521,0.00089621,-0.024428,-0.068085,0.3824,-0.13199,0.91198
-0.026873,0.0011126,-0.023861,-0.065436,0.37884,-0.13153,0.91373
-0.025905,0.00144,-0.023021,-0.061587,0.37278,-0.13044,0.91664
-0.024709,0.001782,-0.022015,-0.057277,0.36516,-0.12894,0.92019
-0.023513,0.0021814,-0.020905,-0.053308,0.35746,-0.12738,0.92366
-0.023397,0.0024926,-0.0201,-0.050673,0.35172,-0.12593,0.92621
-0.022956,0.0027295,-0.019628,-0.04965,0.34887,-0.12497,0.92747
-0.022913,0.0028808,-0.019456,-0.050118,0.34878,-0.12463,0.92753
-0.023364,0.0028156,-0.019545,-0.051895,0.35049,-0.12333,0.92696
-0.023634,0.0027561,-0.019763,-0.053238,0.35282,-0.1235,0.92598
-0.023833,0.0026657,-0.02007,-0.054237,0.35467,-0.12357,0.9252
-0.023974,0.0025938,-0.020282,-0.054341,0.35505,-0.12345,0.92507
-0.023918,0.0026165,-0.020188,-0.053226,0.35329,-0.12296,0.92587
-0.023479,0.0027266,-0.019834,-0.05089,0.34941,-0.12277,0.9275
-0.023137,0.0029066,-0.019268,-0.048486,0.34397,-0.12145,0.92983
-0.022849,0.0032038,-0.018613,-0.046115,0.33818,-0.12003,0.93225
-0.022697,0.0034673,-0.018054,-0.044443,0.33343,-0.11874,0.93421
-0.022693,0.003723,-0.017711,-0.043662,0.33044,-0.11777,0.93543
-0.023231,0.0037662,-0.017683,-0.044414,0.32956,-0.11568,0.93597
-0.023578,0.0038057,-0.017831,-0.045432,0.33071,-0.11547,0.93554
-0.025706,0.0036839,-0.018156,-0.046763,0.33274,-0.11543,0.93476
-0.026132,0.0035307,-0.018653,-0.048013,0.3348,-0.11543,0.93396
-0.026594,0.0033345,-0.019117,-0.04906,0.3364,-0.11541,0.93333
-0.027113,0.0031309,-0.019534,-0.049917,0.33736,-0.11502,0.93299
-0.027484,0.0029654,-0.019817,-0.050272,0.33763,-0.11494,0.93288
-0.027868,0.0028441,-0.019922,-0.050328,0.33745,-0.11485,0.93295
-0.028141,0.0027989,-0.019935,-0.050178,0.33705,-0.11479,0.93311
-0.028332,0.0027359,-0.019969,-0.050148,0.33687,-0.11479,0.93318
-0.028502,0.0027522,-0.019971,-0.050148,0.33687,-0.11479,0.93318
-0.028792,0.0026894,-0.020164,-0.05067,0.33708,-0.1142,0.93315
-0.029151,0.002635,-0.020598,-0.052894,0.34032,-0.11493,0.93176
-0.029623,0.002529,-0.02115,-0.054847,0.34375,-0.11558,0.93031
-0.030068,0.0024264,-0.021563,-0.054847,0.34375,-0.11558,0.93031
-0.030654,0.0022857,-0.0221,-0.05686,0.34782,-0.11633,0.92858
-0.031134,0.002114,-0.022494,-0.058541,0.35147,-0.11711,0.927
-0.031268,0.0020569,-0.022672,-0.059512,0.35424,-0.11772,0.9258
-0.031362,0.0020391,-0.022621,-0.05974,0.35566,-0.11815,0.92519
-0.031332,0.0021078,-0.022411,-0.059323,0.35608,-0.11842,0.92502
-0.031359,0.0021994,-0.022171,-0.058667,0.35582,-0.11849,0.92516
-0.031202,0.0023728,-0.02187,-0.058034,0.35542,-0.1186,0.92533
-0.031079,0.0025051,-0.021665,-0.057557,0.35521,-0.11868,0.92544
-0.030968,0.0026441,-0.021469,-0.057271,0.35506,-0.11876,0.9255
-0.030872,0.0027691,-0.021352,-0.057123,0.35496,-0.1188,0.92554
-0.030828,0.0028654,-0.021299,-0.057209,0.35495,-0.11871,0.92555
-0.030891,0.0028236,-0.02137,-0.057678,0.35511,-0.11816,0.92553
-0.030113,0.002802,-0.021448,-0.058126,0.35544,-0.11809,0.92538
-0.030112,0.0026576,-0.021626,-0.058664,0.35577,-0.11806,0.92523
-0.03006,0.0025399,-0.021702,-0.059073,0.35585,-0.11798,0.92518
-0.029878,0.0024874,-0.021675,-0.059059,0.35524,-0.11788,0.92543
-0.029586,0.0024637,-0.02158,-0.05855,0.35399,-0.11766,0.92597
-0.029162,0.0024737,-0.021472,-0.057739,0.35221,-0.11747,0.92672
-0.028664,0.0025195,-0.021256,-0.05688,0.35016,-0.11731,0.92757
-0.028234,0.0025252,-0.021145,-0.056105,0.34804,-0.11702,0.92845
-0.027768,0.0025501,-0.020982,-0.055512,0.34603,-0.11678,0.92927
-0.027362,0.0025105,-0.020913,-0.055217,0.34414,-0.11615,0.93007
-0.026887,0.0025396,-0.020869,-0.055037,0.34275,-0.11593,0.93062
-0.026555,0.0025029,-0.020867,-0.055059,0.3418,-0.11573,0.93099
-0.026328,0.0024727,-0.020893,-0.055204,0.34132,-0.11559,0.93118
-0.026016,0.0024566,-0.020946,-0.055187,0.34094,-0.11553,0.93132
-0.025653,0.0024071,-0.020931,-0.054932,0.34045,-0.11547,0.93153
-0.025171,0.002417,-0.020881,-0.054388,0.33952,-0.11556,0.93189
-0.024501,0.0024832,-0.020635,-0.053332,0.33785,-0.11558,0.93255
-0.02378,0.0025336,-0.020322,-0.051861,0.33526,-0.11539,0.93359
-0.023013,0.002584,-0.019981,-0.050177,0.33185,-0.11509,0.93494
-0.022264,0.002658,-0.01964,-0.048651,0.32829,-0.11456,0.93634
-0.021613,0.0027223,-0.019385,-0.047553,0.32525,-0.11414,0.93751
-0.021046,0.002761,-0.019221,-0.04698,0.32303,-0.11393,0.93833
-0.02071,0.0027611,-0.019154,-0.046819,0.32173,-0.1137,0.93881
-0.020429,0.0027385,-0.019205,-0.046886,0.32103,-0.11355,0.93907
-0.020434,0.0025723,-0.019284,-0.047495,0.32067,-0.11242,0.9393
-0.020286,0.0024822,-0.019318,-0.047633,0.32041,-0.11229,0.93939
-0.019975,0.0024588,-0.019156,-0.047465,0.31991,-0.11205,0.9396
-0.01948,0.0025108,-0.018754,-0.046465,0.31829,-0.11168,0.94024
-0.018658,0.0026809,-0.018056,-0.044419,0.31473,-0.11097,0.94163
-0.017697,0.0029267,-0.017279,-0.041656,0.30942,-0.11001,0.94362
-0.016803,0.0031747,-0.016458,-0.038802,0.30317,-0.10874,0.94592
-0.015852,0.0034465,-0.015723,-0.036191,0.29679,-0.10747,0.94819
-0.015087,0.0036508,-0.015205,-0.034243,0.29127,-0.10636,0.95009
-0.014372,0.0037947,-0.014802,-0.032785,0.28722,-0.10553,0.95147
-0.014064,0.0037762,-0.01458,-0.032234,0.28439,-0.10342,0.95257
-0.014878,0.00371,-0.014494,-0.03161,0.2826,-0.10295,0.95317
-0.014563,0.0037037,-0.014509,-0.031246,0.28137,-0.10259,0.95359
-0.014223,0.0036584,-0.014603,-0.031073,0.2805,-0.10242,0.95387
-0.013935,0.0035736,-0.01467,-0.031043,0.27974,-0.10226,0.95411
-0.013562,0.0035154,-0.014559,-0.030877,0.27864,-0.10208,0.95445
-0.013276,0.0035561,-0.014169,-0.030149,0.27676,-0.10182,0.95505
-0.01257,0.0037294,-0.013487,-0.028331,0.27317,-0.10116,0.95621
-0.011769,0.004017,-0.012649,-0.025839,0.26828,-0.10018,0.95777
-0.010959,0.0042832,-0.011896,-0.023223,0.26285,-0.099041,0.95946
-0.010187,0.0045595,-0.011207,-0.021055,0.25775,-0.097915,0.96101
-0.0093713,0.0047353,-0.010734,-0.019455,0.25381,-0.097107,0.96217
-0.008822,0.0048496,-0.010429,-0.018417,0.25125,-0.096541,0.96292
-0.0084403,0.0048702,-0.010366,-0.018025,0.24983,-0.096298,0.96332
-0.0081027,0.0048264,-0.010348,-0.018028,0.24924,-0.096182,0.96348
-0.0075838,0.0048288,-0.01035,-0.017945,0.24904,-0.097205,0.96344
-0.0074038,0.0047223,-0.010401,-0.018198,0.2487,-0.097108,0.96353
-0.0070852,0.0046837,-0.010307,-0.018246,0.24784,-0.096981,0.96376
-0.0067372,0.0047364,-0.0099927,-0.017913,0.24618,-0.096594,0.96423
-0.0062609,0.0048375,-0.0094928,-0.016848,0.24345,-0.09606,0.965
-0.005871,0.0049954,-0.0088435,-0.015425,0.23971,-0.094133,0.96615
-0.0052172,0.0052637,-0.0081513,-0.013462,0.23533,-0.093329,0.96733
-0.0047175,0.0054169,-0.0076525,-0.011587,0.23094,-0.092479,0.96849
-0.0041243,0.0056216,-0.0071949,-0.0099742,0.22713,-0.091745,0.96948
-0.0033243,0.0058695,-0.0066168,-0.0086111,0.2241,-0.091095,0.97026
-0.0030544,0.0059126,-0.0064567,-0.0077152,0.22187,-0.090408,0.97085
-0.0022535,0.0060317,-0.0062578,-0.0071011,0.22036,-0.090148,0.97122
-0.0018371,0.0060456,-0.0061524,-0.006841,0.21919,-0.089997,0.9715
-0.001472,0.0060886,-0.0060592,-0.0069252,0.21828,-0.089864,0.97172
-0.0011296,0.0061139,-0.0058444,-0.0068401,0.21709,-0.08967,0.972
-0.00070435,0.0062227,-0.0053954,-0.0062983,0.21519,-0.089304,0.97246
-0.00041433,0.0064243,-0.0046129,-0.0048648,0.21195,-0.088636,0.97324
0.00019372,0.0066943,-0.0035654,-0.0026492,0.20724,-0.087531,0.97436
0.00087193,0.007031,-0.002409,0.00029875,0.20108,-0.086115,0.97578
0.0016016,0.0074265,-0.0012275,0.0034662,0.19423,-0.084475,0.97731
0.0020256,0.0077099,-0.0001896,0.0062278,0.18769,-0.081602,0.97881
0.0021272,0.0079844,0.00056514,0.008598,0.1821,-0.080166,0.97997
0.002538,0.0081939,0.0010968,0.010163,0.17786,-0.079118,0.98082
0.0028654,0.0083373,0.0013386,0.010873,0.17501,-0.078379,0.98138
0.003151,0.0083732,0.0013891,0.010855,0.1733,-0.077935,0.98172
0.0029729,0.0082938,0.0013367,0.010102,0.17228,-0.075424,0.9821
0.0031852,0.0083402,0.0013767,0.0097669,0.17126,-0.075154,0.98231
0.003347,0.0083626,0.0016497,0.0097467,0.16985,-0.074811,0.98258
0.0036055,0.0084731,0.0022004,0.010411,0.16733,-0.07422,0.98305
0.0038869,0.0086805,0.0031878,0.012297,0.16322,-0.073205,0.98379
0.0043335,0.0089758,0.0044436,0.0156,0.15708,-0.07152,0.98487
0.0047766,0.0093001,0.0057494,0.019543,0.14947,-0.069599,0.98612
0.005142,0.0096197,0.006908,0.023112,0.14199,-0.067639,0.98728
0.0054378,0.0098735,0.0076801,0.025681,0.1357,-0.066065,0.98821
0.005659,0.010045,0.0080794,0.026909,0.13155,-0.064999,0.98881
0.0055267,0.010099,0.008057,0.026077,0.13113,-0.063471,0.98899
0.005455,0.010063,0.0078748,0.025351,0.13071,-0.063159,0.98908
0.0055499,0.010032,0.0076465,0.02415,0.13117,-0.063122,0.98905
0.0056412,0.010037,0.0076158,0.023825,0.13037,-0.06282,0.98919
0.0058179,0.010128,0.0078855,0.024633,0.12797,-0.062043,0.98953
0.0058151,0.010232,0.0084401,0.026651,0.12369,-0.06047,0.99012
0.0067991,0.01042,0.0092246,0.028711,0.11945,-0.059156,0.99066
0.006897,0.010608,0.010172,0.031828,0.11319,-0.057507,0.9914
0.007025,0.010807,0.011014,0.034264,0.10744,-0.05599,0.99204
0.0071336,0.010983,0.011621,0.035634,0.1031,-0.0548,0.99252
0.0072287,0.011085,0.011955,0.036078,0.10043,-0.054001,0.99282
0.0069882,0.01116,0.012075,0.035914,0.099055,-0.053479,0.99299
0.0070984,0.011293,0.012113,0.035619,0.098309,-0.053086,0.9931
0.0072011,0.011411,0.012189,0.035628,0.097259,-0.052583,0.99323
0.0074547,0.01157,0.012456,0.036356,0.09506,-0.051851,0.99346
0.0076517,0.011783,0.01293,0.037997,0.091264,-0.050732,0.99381
0.0078983,0.011933,0.013511,0.040278,0.086227,-0.04933,0.99424
0.0080739,0.012112,0.014209,0.042629,0.08098,-0.047909,0.99465
0.0080825,0.012235,0.014736,0.044429,0.076602,-0.046652,0.99498
0.0080929,0.012301,0.015081,0.045448,0.073494,-0.045755,0.99521
0.0079662,0.01237,0.015197,0.045468,0.071678,-0.04506,0.99537
0.0078189,0.012418,0.015233,0.045294,0.070318,-0.044357,0.99551
0.0078563,0.012501,0.015243,0.045136,0.068861,-0.04378,0.99564
0.0079459,0.012583,0.015265,0.045132,0.067214,-0.043137,0.99578
0.0080615,0.012663,0.01534,0.045264,0.065535,-0.042535,0.99592
0.0081043,0.012736,0.015398,0.045612,0.063539,-0.041903,0.99606
0.0079477,0.012816,0.015556,0.046418,0.061349,-0.041158,0.99619
0.0079557,0.012869,0.015813,0.047526,0.058854,-0.040343,0.99632
0.0079193,0.012915,0.016062,0.048647,0.056267,-0.039606,0.99644
0.0078837,0.013,0.016344,0.049585,0.053742,-0.038878,0.99656
0.0078492,0.013039,0.016537,0.050132,0.051522,-0.038089,0.99669
0.0078844,0.013139,0.016728,0.050411,0.049716,-0.037684,0.99678
0.0079996,0.0132,0.016827,0.050321,0.048413,-0.03746,0.99686
0.0080751,0.01328,0.01683,0.050027,0.047342,-0.037299,0.99693
0.0081172,0.013353,0.01687,0.049928,0.046117,-0.037168,0.99699
0.0081995,0.013433,0.016969,0.050256,0.044584,-0.036696,0.99707
0.0083625,0.013507,0.017176,0.051038,0.042563,-0.035963,0.99714
0.0083758,0.013562,0.017387,0.052105,0.040328,-0.035111,0.99721
0.0083781,0.01364,0.017658,0.053026,0.038206,-0.034233,0.99727
0.0083026,0.013646,0.017761,0.053626,0.036553,-0.033525,0.99733
0.0082372,0.013654,0.017801,0.053771,0.035399,-0.032914,0.99738
0.0081561,0.013663,0.017781,0.053645,0.03467,-0.032555,0.99743
0.0081055,0.013651,0.017779,0.053604,0.033956,-0.032156,0.99747
0.0081232,0.013621,0.017728,0.053576,0.033146,-0.031874,0.9975
0.0082296,0.013642,0.017776,0.053728,0.031966,-0.031605,0.99754
0.0082302,0.013638,0.017767,0.053778,0.03088,-0.031089,0.99759
0.0081964,0.013668,0.017777,0.053784,0.030132,-0.030638,0.99763
0.0081528,0.013691,0.01781,0.054019,0.029284,-0.030174,0.99765
0.0081714,0.013714,0.017889,0.054498,0.028247,-0.029736,0.99767
0.0082219,0.013747,0.017977,0.055097,0.026955,-0.029399,0.99768
0.0083949,0.013787,0.017974,0.055003,0.026755,-0.030084,0.99767
0.0084812,0.013759,0.017878,0.054544,0.026949,-0.030197,0.99769
0.0085277,0.013684,0.017744,0.053921,0.027417,-0.030423,0.99771
0.0085928,0.013657,0.017654,0.053351,0.028146,-0.030753,0.99771
0.0086762,0.013604,0.01755,0.052876,0.028807,-0.030989,0.9977
0.0087683,0.013539,0.017503,0.052787,0.029175,-0.031154,0.99769
0.0089053,0.013488,0.017483,0.052891,0.029391,-0.03134,0.99768
0.0089837,0.013432,0.017405,0.052756,0.029789,-0.031595,0.99766
0.0090875,0.01338,0.017343,0.05249,0.030514,-0.031917,0.99764
0.0091284,0.013324,0.017216,0.05208,0.031351,-0.032251,0.99763
0.0091713,0.013279,0.017114,0.051716,0.032156,-0.032496,0.99761
0.0091727,0.013258,0.016966,0.051278,0.032866,-0.032735,0.99761
0.0092743,0.013227,0.016874,0.050979,0.033167,-0.032852,0.99761
0.0094466,0.013224,0.016888,0.050905,0.03307,-0.032846,0.99762
0.0095016,0.013228,0.016856,0.050975,0.032863,-0.032828,0.99762
0.0095721,0.013203,0.016838,0.050984,0.032784,-0.032736,0.99762
0.0090899,0.013187,0.01679,0.050914,0.032992,-0.032754,0.99762
0.0090845,0.013113,0.016777,0.050832,0.033284,-0.032779,0.99761
0.009067,0.013042,0.016684,0.05081,0.033455,-0.032793,0.99761
0.009051,0.013049,0.016649,0.05075,0.033577,-0.032804,0.99761
0.0090554,0.01301,0.016633,0.050702,0.033612,-0.032847,0.99761
0.0091355,0.013025,0.016643,0.050594,0.033771,-0.032862,0.99761
0.0091375,0.013002,0.016703,0.050592,0.033778,-0.032776,0.99761
0.0091128,0.01301,0.016775,0.05065,0.033662,-0.03268,0.99761
0.0090704,0.013005,0.016831,0.050767,0.033424,-0.032572,0.99762
0.0090335,0.013031,0.016936,0.05085,0.033442,-0.032485,0.99762
0.0087562,0.013074,0.016965,0.0508,0.033486,-0.032403,0.99762
0.0087698,0.01311,0.017069,0.051051,0.033222,-0.03229,0.99762
0.0087962,0.013189,0.017166,0.051309,0.032569,-0.032146,0.99763
0.0088658,0.013252,0.017242,0.051283,0.032435,-0.032137,0.99764
0.0088714,0.013324,0.017272,0.051123,0.032642,-0.032024,0.99764
0.0088045,0.013395,0.017282,0.051173,0.032916,-0.031957,0.99764
0.0087786,0.013448,0.017326,0.051331,0.03303,-0.031876,0.99763
0.0087415,0.013463,0.01742,0.051693,0.032911,-0.031771,0.99761
0.008834,0.013463,0.0175,0.051994,0.032606,-0.031701,0.99761
0.0090361,0.013483,0.017581,0.052231,0.032219,-0.032534,0.99758
0.0091463,0.013505,0.017682,0.052387,0.032023,-0.032515,0.99758
0.0091936,0.013501,0.017678,0.052266,0.031957,-0.032599,0.99759
0.009217,0.013521,0.017667,0.052253,0.031731,-0.032668,0.99759
0.0092305,0.013557,0.017671,0.052385,0.031395,-0.032724,0.9976
0.0092813,0.01356,0.017677,0.052439,0.030975,-0.032604,0.99761
0.0090913,0.01358,0.017641,0.052404,0.030605,-0.032796,0.99762
0.0092228,0.013619,0.017608,0.052168,0.030771,-0.033073,0.99762
0.0093567,0.013575,0.017572,0.051958,0.031069,-0.033361,0.99761
0.009432,0.013519,0.017572,0.052022,0.030936,-0.033482,0.9976
0.0097577,0.01357,0.017642,0.052418,0.030339,-0.034467,0.99757
0.010053,0.013549,0.017743,0.052676,0.029686,-0.034324,0.99758
0.01011,0.013524,0.017804,0.052767,0.029314,-0.034206,0.99759
0.010112,0.013526,0.017786,0.052594,0.029299,-0.034123,0.9976
0.010083,0.013449,0.017692,0.052294,0.029607,-0.034155,0.99761
0.010218,0.013385,0.017558,0.051993,0.029962,-0.034669,0.9976
0.010777,0.013317,0.017407,0.051674,0.030427,-0.034885,0.99759
0.010819,0.013229,0.01722,0.051271,0.030873,-0.035189,0.99759
0.010973,0.013137,0.017088,0.050929,0.031194,-0.035529,0.99758
0.011102,0.013015,0.016922,0.050623,0.031567,-0.035824,0.99758
0.011083,0.01289,0.016846,0.050523,0.031654,-0.035661,0.99758
0.011502,0.012838,0.01683,0.050558,0.031392,-0.035726,0.99759
0.011564,0.012763,0.016792,0.05063,0.031177,-0.035794,0.99759
0.011654,0.012698,0.016865,0.050619,0.03126,-0.03584,0.99759
0.011687,0.012737,0.016825,0.050417,0.031489,-0.03591,0.99759
0.011744,0.01274,0.016804,0.05024,0.03185,-0.036029,0.99758
0.011812,0.012726,0.016704,0.049932,0.032229,-0.036239,0.99757
0.011897,0.012737,0.016537,0.049736,0.032438,-0.036566,0.99757
0.012058,0.012721,0.016406,0.049431,0.032804,-0.036947,0.99755
0.012175,0.012672,0.01623,0.049019,0.03333,-0.037343,0.99754
0.012276,0.012656,0.016054,0.048433,0.033839,-0.037656,0.99754
0.012092,0.012605,0.015877,0.047919,0.034144,-0.037913,0.99755
0.012158,0.012548,0.015803,0.047713,0.034064,-0.038037,0.99756
0.012223,0.012548,0.015789,0.047746,0.033808,-0.038016,0.99756
0.012179,0.012549,0.015816,0.048023,0.033681,-0.037874,0.99756
0.012144,0.012571,0.015887,0.048276,0.033725,-0.037738,0.99755
0.012048,0.012615,0.015946,0.048488,0.034102,-0.037723,0.99753
0.011965,0.012583,0.015961,0.048506,0.034622,-0.037802,0.99751
0.011906,0.012613,0.015952,0.048439,0.035134,-0.037843,0.99749
0.011782,0.01262,0.015916,0.048238,0.035671,-0.03789,0.99748
0.011771,0.01265,0.015957,0.048047,0.036178,-0.038326,0.99745
