0,0,0,3.9252e-17,0,-3.9252e-17,1
-3.7453e-05,-3.7685e-05,-2.1248e-05,-0.00010463,-0.00013805,0.00010472,1
-0.00010445,-7.0135e-05,-6.6462e-05,-0.00019962,-0.00036132,0.00021367,1
-0.00012793,-3.235e-05,-8.4353e-05,-0.00028498,-0.00066983,0.00032688,1
-0.00019578,-5.0439e-05,-0.00015472,-0.00042741,-0.00085532,0.0004381,1
-0.00018638,-8.0203e-05,-0.00022863,-0.00055043,-0.00091238,0.00045334,1
-0.0002212,-8.7334e-05,-0.00031738,-0.00066692,-0.00097166,0.00050636,1
-0.00022427,-9.6933e-05,-0.00036861,-0.00078993,-0.0010287,0.00052161,1
-0.00026501,-0.00010887,-0.00043816,-0.00086552,-0.0011236,0.0005346,1
-0.00025354,-0.0001411,-0.00044564,-0.00090331,-0.001171,0.0005411,1
-0.00029316,-0.00022961,-0.00046552,-0.00088168,-0.0010362,0.00049258,1
-0.00021973,-0.0003012,-0.00049856,-0.0009097,-0.00086994,0.00039887,1
-0.00022408,-0.00042191,-0.00052166,-0.00094513,-0.00061202,0.00034836,1
-0.00017281,-0.0004856,-0.00056832,-0.00097315,-0.00044581,0.00025464,1
-0.00011984,-0.00059458,-0.00067577,-0.001162,-0.0003841,0.00018267,1
-0.00015815,-0.00066335,-0.00082381,-0.001379,-0.00045505,0.00012145,1
-0.00012151,-0.00071111,-0.00099005,-0.0016812,-0.00053564,6.8971e-05,1
-0.00011268,-0.00075185,-0.0011483,-0.0019368,-0.00056454,9.5223e-05,1
-0.00011615,-0.00081986,-0.0012991,-0.0020599,-0.00062161,0.00011047,1
-0.00012087,-0.00087018,-0.0014594,-0.0021451,-0.00063124,0.00011922,1
-0.00014263,-0.00098136,-0.0015655,-0.0022303,-0.00064088,0.00012797,1
-0.0001971,-0.0010738,-0.0016579,-0.0023347,-0.00048006,0.00012823,1
-0.00023849,-0.001143,-0.0017383,-0.0024436,-0.00031052,0.00013814,1
-0.00032175,-0.0011775,-0.0018116,-0.0025297,-0.00023069,0.00022787,1
-0.0004173,-0.0012065,-0.0018339,-0.0024853,-0.0001855,0.00025915,1
-0.00042564,-0.0011924,-0.0018586,-0.0024897,-0.00017677,0.00026881,1
-0.00043533,-0.0011975,-0.001877,-0.0025846,-0.00010117,0.00027332,1
-0.00041187,-0.0012062,-0.0018818,-0.0026698,-0.00011081,0.00028207,1
-0.0004055,-0.0012179,-0.0018996,-0.0027001,-0.00024996,0.00024537,1
-0.00035707,-0.0011721,-0.0019148,-0.00268,-0.00050989,0.00017288,1
-0.00032679,-0.001168,-0.0019389,-0.0025421,-0.00063623,7.1252e-05,1
-0.00027194,-0.0011654,-0.0019186,-0.0023717,-0.00061697,5.3752e-05,1
-0.00019076,-0.0011226,-0.0018303,-0.0021819,-0.00046929,-5.9713e-05,1
-0.00013628,-0.001115,-0.0018413,-0.0021334,-0.00029769,-0.0002474,1
-4.81e-05,-0.0011171,-0.0018102,-0.0021614,-0.00013148,-0.00034111,1
3.9765e-05,-0.001168,-0.001777,-0.0021886,-5.4747e-05,-0.0005158,1
9.4297e-05,-0.0011952,-0.0018225,-0.002301,1.2353e-05,-0.00068174,1
0.00017141,-0.0012069,-0.0018038,-0.0022903,0.00013652,-0.00086294,1
0.00019665,-0.0012105,-0.0018184,-0.0023658,0.00034052,-0.00095439,1
0.00023211,-0.0011418,-0.0018853,-0.0024403,0.00045505,-0.0011268,1
0.00027582,-0.0010936,-0.0019023,-0.0024403,0.00045505,-0.0011268,1
0.00029009,-0.0010473,-0.0018916,-0.0024403,0.00045505,-0.0011268,1
0.0003249,-0.0010409,-0.0018825,-0.0024329,0.00036332,-0.00117,1
0.00030839,-0.0010081,-0.0018742,-0.0023477,0.00037296,-0.0011787,1
0.00028764,-0.0010003,-0.0018806,-0.0023573,0.00045818,-0.001183,1
0.00026505,-0.00097252,-0.0019071,-0.0023357,0.0005931,-0.0012315,1
0.00017332,-0.00095307,-0.0019312,-0.0023906,0.00072264,-0.0011861,1
0.00013445,-0.00095022,-0.0019498,-0.0024002,0.00080785,-0.0011904,1
0.0001179,-0.00094501,-0.0019614,-0.0024572,0.00093086,-0.0011923,1
0.00011114,-0.00093146,-0.0019917,-0.0025046,0.00096865,-0.0011901,1
8.9208e-05,-0.00091634,-0.002013,-0.0025424,0.00092122,-0.0011836,1
8.9438e-05,-0.00089562,-0.0020116,-0.0025424,0.00092122,-0.0011836,1
8.0363e-05,-0.00089818,-0.0020318,-0.0025046,0.00096865,-0.0011901,1
2.4885e-05,-0.00088655,-0.0020591,-0.0025143,0.0010539,-0.0011943,1
-8.0342e-05,-0.00091072,-0.0020882,-0.0024765,0.0011013,-0.0012008,1
-5.7133e-05,-0.00091314,-0.0021189,-0.0024474,0.0011445,-0.0012925,1
-6.6121e-05,-0.00087584,-0.0021483,-0.0025414,0.0011306,-0.001369,1
-9.7518e-05,-0.00086486,-0.0022017,-0.0026732,0.0010693,-0.001439,0.99999
-9.7518e-05,-0.00086486,-0.0022017,-0.0026732,0.0010693,-0.001439,0.99999
-9.8779e-05,-0.00086895,-0.0022182,-0.0027584,0.0010597,-0.0014302,0.99999
-9.0303e-05,-0.00088354,-0.0021777,-0.0026266,0.001121,-0.0013603,0.99999
-0.00012388,-0.00086546,-0.0021244,-0.0025326,0.0011348,-0.0012838,1
-0.00015126,-0.00086282,-0.0020782,-0.0025217,0.0011456,-0.0011512,1
-0.00022114,-0.00084247,-0.0019867,-0.0024655,0.0011121,-0.0010682,1
-0.00026811,-0.00083996,-0.0019289,-0.0024501,0.001114,-0.0009451,1
-0.00032676,-0.00082754,-0.0019023,-0.0024102,0.001168,-0.0009042,1
-0.00028376,-0.00080659,-0.0018772,-0.0024102,0.001168,-0.0009042,1
-0.00025435,-0.00076983,-0.0018587,-0.0024102,0.001168,-0.0009042,1
-0.00021874,-0.00070027,-0.0018541,-0.0024567,0.0011163,-0.00098294,1
-0.00015934,-0.00065592,-0.0018108,-0.0023641,0.0010342,-0.0010349,1
-5.9164e-05,-0.00059895,-0.0017657,-0.0023654,0.0009382,-0.0011632,1
2.3866e-05,-0.00054206,-0.0016659,-0.0022956,0.00094591,-0.0012951,1
8.7699e-05,-0.00046388,-0.0015921,-0.0022191,0.00095132,-0.0013891,1
0.00011854,-0.00039033,-0.0014971,-0.0020509,0.00096407,-0.001454,1
0.00018737,-0.00030941,-0.0014084,-0.0019366,0.0010169,-0.0015545,1
0.00019725,-0.00017457,-0.0012979,-0.0017684,0.0010297,-0.0016193,1
0.00022428,-7.4606e-05,-0.0012129,-0.0016832,0.0010393,-0.0016281,1
0.00025181,6.1783e-05,-0.0011571,-0.0015127,0.0010586,-0.0016456,1
0.00030496,0.00015683,-0.0010532,-0.0014371,0.0011534,-0.0016586,1
0.00036486,0.00030567,-0.00094221,-0.0013615,0.0012483,-0.0016716,1
0.00033956,0.0004349,-0.00091503,-0.0011911,0.0012676,-0.0016891,1
0.00039226,0.0005767,-0.0008005,-0.00096582,0.0011573,-0.001752,1
0.00044915,0.00073218,-0.00066481,-0.00077612,0.0010062,-0.0017611,1
0.00047323,0.0008968,-0.00056257,-0.00071253,0.00088087,-0.0017213,1
0.00048497,0.0010731,-0.0003892,-0.00059929,0.00072432,-0.0016363,1
0.00049108,0.0012717,-0.0002634,-0.00054311,0.00069077,-0.0015533,1
0.00050039,0.0014798,-8.6251e-05,-0.00036391,0.00071428,-0.0014856,1
0.00050712,0.001707,7.7692e-05,-0.0002225,0.00069037,-0.0014114,1
0.00046777,0.001962,0.00023852,2.0257e-05,0.0005886,-0.0013039,1
0.00049062,0.0022032,0.00047051,0.00034401,0.00050527,-0.0011955,1
0.00043132,0.0025187,0.00061742,0.00058029,0.00040577,-0.0011258,1
0.00036732,0.0027728,0.00079282,0.0007378,0.00029437,-0.0010095,1
0.00033729,0.00298,0.00095566,0.00088886,0.00018523,-0.00093109,1
0.00025942,0.0032744,0.0011346,0.00097307,-1.4525e-05,-0.00075441,1
0.00021308,0.0035113,0.0012908,0.0010485,-0.00021853,-0.00066296,1
0.00013627,0.0037507,0.0014831,0.0011305,-0.00042477,-0.00053369,1
4.3969e-05,0.003951,0.0016617,0.0012708,-0.00065807,-0.00027404,1
-6.5763e-05,0.0041904,0.0018218,0.0014025,-0.00089563,-9.9619e-05,1
-0.00018974,0.0044284,0.0020145,0.0016369,-0.0011151,0.0002365,1
-0.00034565,0.0046547,0.0022565,0.0018455,-0.0011618,0.00052636,1
-0.00056517,0.0048877,0.0024359,0.0021458,-0.0012011,0.00084524,1
-0.00069838,0.0051296,0.002703,0.0024838,-0.001193,0.0011576,1
-0.00087572,0.0053897,0.0029665,0.0028058,-0.0010975,0.001428,0.99999
-0.0010684,0.0056697,0.0032559,0.0030426,-0.0010115,0.0017071,0.99999
-0.0011699,0.0059699,0.0035404,0.0032683,-0.00093633,0.0018535,0.99999
-0.0012786,0.0063277,0.0038175,0.0035134,-0.0010316,0.0020085,0.99999
-0.0014067,0.0066366,0.0040005,0.0035879,-0.0011461,0.0021809,0.99999
-0.0015312,0.0069531,0.004086,0.0035211,-0.0012367,0.0022791,0.99999
-0.0015647,0.0073092,0.0041636,0.0035467,-0.0014094,0.0023253,0.99999
-0.0015935,0.0076647,0.0042735,0.0035748,-0.0015756,0.002419,0.99999
-0.0016157,0.0079731,0.0043801,0.0036028,-0.0017418,0.0025128,0.99999
-0.0016131,0.0082676,0.0044774,0.0036614,-0.0017689,0.0026433,0.99999
-0.0016574,0.0086209,0.0045594,0.0037737,-0.001836,0.0028092,0.99999
-0.0017224,0.0089636,0.004698,0.0040188,-0.0019313,0.0029641,0.99999
-0.0018092,0.009292,0.0047905,0.0040933,-0.0020458,0.0031366,0.99998
-0.001914,0.0096143,0.0048386,0.0040729,-0.0020847,0.0033134,0.99998
-0.001971,0.0099595,0.0048675,0.0040158,-0.0022606,0.0034159,0.99998
-0.0021125,0.010316,0.0048924,0.0039232,-0.0024774,0.0035725,0.99998
-0.002199,0.010645,0.0049623,0.0039198,-0.0026932,0.0037103,0.99998
-0.002314,0.010989,0.0049991,0.0039188,-0.0029026,0.0038957,0.99998
-0.002462,0.011353,0.0050794,0.0039458,-0.0029793,0.0040704,0.99998
-0.0026115,0.011722,0.0051743,0.0040228,-0.0030875,0.0042904,0.99998
-0.0027308,0.012089,0.0053122,0.0042959,-0.0033489,0.0045391,0.99997
-0.0028786,0.012532,0.0054751,0.0046518,-0.0036072,0.0047314,0.99997
-0.0030908,0.012944,0.0055579,0.0048203,-0.0037078,0.0049803,0.99997
-0.0032634,0.013396,0.0056301,0.0048304,-0.0036076,0.005194,0.99997
-0.0035024,0.013794,0.0056287,0.0047467,-0.0035213,0.0053312,0.99997
-0.0036613,0.014256,0.0057049,0.0047665,-0.0035064,0.0055492,0.99997
-0.0038733,0.014732,0.0057353,0.0046681,-0.0036465,0.0056914,0.99997
-0.0040538,0.015173,0.0057259,0.0045441,-0.003913,0.0058921,0.99996
-0.0042211,0.015693,0.0057639,0.0045455,-0.004116,0.0061251,0.99996
-0.0044868,0.016212,0.0057668,0.0045348,-0.0042402,0.0063063,0.99996
-0.0046954,0.016784,0.0058842,0.004618,-0.0043504,0.0065638,0.99996
-0.004953,0.017351,0.0059379,0.0047512,-0.0044921,0.0068668,0.99996
-0.0051747,0.017935,0.0060507,0.0048915,-0.0047254,0.0071265,0.99995
-0.0054783,0.01852,0.0061205,0.0048701,-0.0049736,0.0074887,0.99995
-0.0058048,0.019122,0.0062599,0.0049451,-0.0052016,0.0079751,0.99994
-0.0062002,0.019696,0.0063369,0.0048777,-0.0053162,0.008468,0.99994
-0.0065692,0.020328,0.0064318,0.0048675,-0.0052548,0.0088585,0.99994
-0.0069489,0.021033,0.0065405,0.0048888,-0.0051441,0.0092051,0.99993
-0.0072993,0.021781,0.0066292,0.0050001,-0.0051216,0.0094518,0.99993
-0.0076102,0.022543,0.0066774,0.0051405,-0.0050559,0.0096068,0.99993
-0.0078806,0.023366,0.0067173,0.005143,-0.0050496,0.0096546,0.99993
-0.00808,0.02419,0.006747,0.0053584,-0.0053735,0.0096918,0.99992
-0.0082111,0.024995,0.0068169,0.0055739,-0.0056973,0.009729,0.99992
-0.0083415,0.025752,0.0068288,0.005771,-0.0059402,0.0096768,0.99992
-0.0084681,0.026526,0.0068087,0.005677,-0.0059541,0.0096003,0.99992
-0.0086497,0.027264,0.006764,0.0053554,-0.0058641,0.0095392,0.99992
-0.0088237,0.028034,0.0067697,0.0052227,-0.0058359,0.0095501,0.99992
-0.009024,0.028832,0.006834,0.0052227,-0.0058359,0.0095501,0.99992
-0.0092015,0.029652,0.0069139,0.0053104,-0.00582,0.0095892,0.99992
-0.0094339,0.030453,0.0069063,0.0053656,-0.005764,0.0097529,0.99992
-0.0096487,0.031282,0.0069144,0.0054314,-0.0058828,0.0098402,0.99992
-0.0098452,0.032113,0.0069195,0.0054508,-0.0060533,0.0098488,0.99992
-0.010035,0.033001,0.0069378,0.0054861,-0.0063111,0.0098991,0.99992
-0.010265,0.033885,0.0069442,0.0054774,-0.0066144,0.0099186,0.99991
-0.010522,0.034764,0.0069595,0.0053702,-0.0067586,0.0099755,0.99991
-0.010697,0.035648,0.00696,0.0052593,-0.0068947,0.010043,0.99991
-0.010909,0.036578,0.0069699,0.0050704,-0.0071319,0.010075,0.99991
-0.011142,0.037476,0.0069809,0.0050413,-0.0074741,0.010272,0.99991
-0.011361,0.038377,0.0069702,0.0049744,-0.0078636,0.010474,0.9999
-0.011602,0.039226,0.0069679,0.0049796,-0.0080749,0.010697,0.9999
-0.011848,0.040101,0.0070194,0.0050469,-0.0080978,0.010913,0.99989
-0.012116,0.04092,0.0070094,0.005119,-0.0082185,0.011038,0.99989
-0.012325,0.04179,0.007016,0.0051189,-0.0085175,0.011142,0.99989
-0.012495,0.042612,0.0069775,0.0051567,-0.008769,0.01124,0.99989
-0.012628,0.043432,0.0069061,0.0050627,-0.009082,0.011268,0.99988
-0.012779,0.044296,0.0068691,0.0048238,-0.0095865,0.01136,0.99988
-0.01293,0.045101,0.0067804,0.0046445,-0.010208,0.011502,0.99987
-0.013075,0.045906,0.0067579,0.0044521,-0.010661,0.011672,0.99987
-0.013241,0.046705,0.0067256,0.0043474,-0.011098,0.011881,0.99986
-0.013407,0.047494,0.0066967,0.004356,-0.011392,0.012071,0.99985
-0.013573,0.048247,0.0066707,0.0042514,-0.01153,0.012175,0.99985
-0.013743,0.049023,0.0066817,0.0041845,-0.011621,0.012273,0.99985
-0.013869,0.049835,0.0066819,0.0040808,-0.011849,0.012297,0.99985
-0.014009,0.05067,0.0066584,0.0040222,-0.01212,0.012271,0.99984
-0.014119,0.051472,0.0065499,0.0037199,-0.012201,0.012219,0.99984
-0.014166,0.05226,0.0064562,0.0034943,-0.012276,0.012072,0.99985
-0.014172,0.053072,0.0063017,0.0031906,-0.012453,0.011891,0.99985
-0.014167,0.053865,0.0061066,0.0028966,-0.012714,0.011715,0.99985
-0.014144,0.05466,0.0059,0.0026437,-0.013012,0.011498,0.99985
-0.014091,0.055412,0.0056454,0.0022655,-0.013373,0.011249,0.99984
-0.014034,0.056151,0.0053727,0.0018301,-0.013611,0.010998,0.99985
-0.014004,0.056892,0.005101,0.0014509,-0.013882,0.01083,0.99984
-0.013913,0.057571,0.0048042,0.0010717,-0.014153,0.010662,0.99984
-0.013911,0.0583,0.0045355,0.00068605,-0.014423,0.010457,0.99984
-0.013856,0.059014,0.0042063,0.00013869,-0.014707,0.010354,0.99984
-0.01389,0.059688,0.0038526,-0.00035474,-0.015031,0.010286,0.99983
-0.013871,0.060388,0.0035037,-0.00090211,-0.015315,0.010183,0.99983
-0.013918,0.06108,0.0032032,-0.00090211,-0.015315,0.010183,0.99983
-0.013895,0.061722,0.002701,-0.0020161,-0.015713,0.0099691,0.99982
-0.013905,0.062415,0.0022567,-0.0025085,-0.015827,0.009716,0.99982
-0.0139,0.063082,0.0018417,-0.00296,-0.015978,0.0094233,0.99982
-0.013883,0.063754,0.0014128,-0.0034997,-0.016055,0.0091724,0.99982
-0.013863,0.064415,0.00099359,-0.0039513,-0.016205,0.0088798,0.99982
-0.013806,0.065038,0.00061601,-0.0043954,-0.016447,0.0085436,0.99982
-0.013688,0.065652,0.00031535,-0.0047522,-0.016674,0.0082465,0.99982
-0.013643,0.066236,6.3811e-05,-0.0050828,-0.016774,0.0078909,0.99982
-0.013554,0.066803,-0.00016689,-0.0053669,-0.016821,0.0076138,0.99982
-0.013583,0.067426,-0.00038837,-0.0056295,-0.016735,0.0072886,0.99982
-0.013672,0.068086,-0.00052249,-0.0059025,-0.016473,0.0070399,0.99982
-0.013833,0.068766,-0.00069302,-0.0061193,-0.016245,0.0068741,0.99983
-0.013994,0.069533,-0.00075182,-0.0061939,-0.016131,0.0067017,0.99983
-0.01417,0.070252,-0.0008517,-0.0062405,-0.016183,0.0066231,0.99983
-0.014354,0.071041,-0.00082863,-0.006053,-0.01634,0.0065666,0.99983
-0.014603,0.071855,-0.00077872,-0.006053,-0.01634,0.0065666,0.99983
-0.014791,0.072631,-0.00079748,-0.0062216,-0.01624,0.0063177,0.99983
-0.015118,0.073451,-0.00083642,-0.006392,-0.016259,0.0063352,0.99983
-0.015392,0.074284,-0.00085498,-0.006392,-0.016259,0.0063352,0.99983
-0.015672,0.075124,-0.00090908,-0.0065245,-0.01623,0.0063461,0.99983
-0.015876,0.075963,-0.00094931,-0.0066372,-0.016463,0.0062847,0.99982
-0.016141,0.076791,-0.0010351,-0.006835,-0.016704,0.0062321,0.99982
-0.016052,0.07676,-0.0012296,-0.0070048,-0.017112,0.0062732,0.99981
-0.016284,0.07755,-0.0012451,-0.0069781,-0.017374,0.0062384,0.99981
-0.016942,0.079172,-0.0011128,-0.0068669,-0.017537,0.0062758,0.9998
-0.017185,0.079886,-0.0010324,-0.0067247,-0.01765,0.0062691,0.9998
-0.017402,0.080612,-0.00099986,-0.0066601,-0.017865,0.0062278,0.9998
-0.017303,0.080615,-0.0010337,-0.0066402,-0.018125,0.0061555,0.99979
-0.017455,0.081293,-0.001037,-0.006717,-0.018316,0.00604,0.99979
-0.017956,0.082718,-0.00094178,-0.0067939,-0.018506,0.0059245,0.99979
-0.018145,0.083419,-0.00089031,-0.0069249,-0.018657,0.0057736,0.99979
-0.018337,0.084076,-0.0007869,-0.0069329,-0.018752,0.0056076,0.99978
-0.018194,0.084094,-0.00076869,-0.0068792,-0.018976,0.0054335,0.99978
-0.018334,0.084731,-0.00064492,-0.0067093,-0.019143,0.0052066,0.99978
-0.018465,0.085368,-0.00050979,-0.0065779,-0.019267,0.0050672,0.99978
-0.018598,0.08596,-0.00043901,-0.0065104,-0.019266,0.0048881,0.99978
-0.018726,0.086588,-0.0003373,-0.0063982,-0.019219,0.0047401,0.99978
-0.018801,0.087201,-0.0002367,-0.0062008,-0.019163,0.0045833,0.99979
-0.018825,0.087821,-0.00012855,-0.0061421,-0.019166,0.0043191,0.99979
-0.018812,0.088397,-7.3606e-05,-0.0062461,-0.01928,0.0040289,0.99979
-0.018821,0.088941,-0.00013456,-0.006357,-0.019393,0.0037012,0.99978
-0.018735,0.089492,-0.00014241,-0.0064341,-0.01947,0.0032718,0.99978
-0.01869,0.090024,-0.0001577,-0.0065469,-0.019588,0.0028965,0.99978
-0.018591,0.090497,-0.00025175,-0.0066694,-0.019621,0.0025169,0.99978
-0.018523,0.090945,-0.00038684,-0.0068201,-0.019787,0.002148,0.99978
-0.018453,0.091428,-0.00047912,-0.0068301,-0.019887,0.0019344,0.99978
-0.018449,0.091871,-0.00061498,-0.0069349,-0.019911,0.0017252,0.99978
-0.018433,0.092303,-0.00076575,-0.0072528,-0.019995,0.0015498,0.99977
-0.018481,0.092733,-0.00089872,-0.0076509,-0.020095,0.0013734,0.99977
-0.018536,0.093168,-0.00095343,-0.0079428,-0.020351,0.0012442,0.99976
-0.018523,0.093577,-0.00097716,-0.0080964,-0.020732,0.0010133,0.99975
-0.018472,0.093928,-0.00099523,-0.0080941,-0.021001,0.00077041,0.99975
-0.018492,0.094279,-0.00095867,-0.0080293,-0.020916,0.00062474,0.99975
-0.01861,0.094639,-0.00097541,-0.0079623,-0.020527,0.00042207,0.99976
-0.018691,0.094966,-0.00098814,-0.0078081,-0.020122,0.0002581,0.99977
-0.018807,0.095326,-0.00089141,-0.0074885,-0.019919,0.00016717,0.99977
-0.018849,0.095673,-0.00080811,-0.0072059,-0.019853,1.7695e-06,0.99978
-0.01892,0.096017,-0.00074634,-0.0070058,-0.019881,-0.00018844,0.99978
-0.01902,0.096361,-0.00072672,-0.0069506,-0.01971,-0.00033832,0.99978
-0.019111,0.096641,-0.00077198,-0.0070232,-0.01959,-0.00046334,0.99978
-0.019202,0.096976,-0.00081692,-0.0072208,-0.019533,-0.00062053,0.99978
-0.019292,0.097298,-0.00089661,-0.0073634,-0.019604,-0.00082315,0.99978
-0.019388,0.097613,-0.0009475,-0.0074587,-0.019714,-0.001028,0.99978
-0.019432,0.097895,-0.00098561,-0.0073533,-0.019666,-0.0012137,0.99978
-0.019482,0.098136,-0.00097005,-0.0071915,-0.019352,-0.0014209,0.99979
-0.019581,0.09838,-0.00091839,-0.0070393,-0.018953,-0.0016323,0.99979
-0.019672,0.098566,-0.00087595,-0.0068783,-0.018549,-0.0017585,0.9998
-0.019694,0.098761,-0.0007786,-0.0067435,-0.018273,-0.0018266,0.99981
-0.019813,0.098963,-0.00072812,-0.0065751,-0.018259,-0.0018915,0.99981
-0.019925,0.099197,-0.00063373,-0.0065181,-0.018383,-0.0018895,0.99981
-0.020007,0.099388,-0.00060512,-0.0064708,-0.018421,-0.0018918,0.99981
-0.020053,0.099621,-0.00057282,-0.0064632,-0.018512,-0.0019349,0.99981
-0.020094,0.099829,-0.00055756,-0.0064728,-0.018426,-0.0019391,0.99981
-0.020136,0.10005,-0.00055153,-0.006435,-0.018379,-0.0019456,0.99981
-0.020054,0.1003,-0.00052725,-0.0063682,-0.018289,-0.0020439,0.99981
-0.01995,0.10057,-0.00052764,-0.0063946,-0.018302,-0.0022996,0.99981
-0.01981,0.10077,-0.0005505,-0.0065364,-0.018463,-0.0025832,0.9998
-0.019745,0.10093,-0.00054076,-0.0067333,-0.018495,-0.0028214,0.9998
-0.019633,0.10113,-0.00053594,-0.0069321,-0.018534,-0.003107,0.9998
-0.019577,0.10128,-0.00047057,-0.0069895,-0.018596,-0.0033183,0.9998
-0.01955,0.10144,-0.0003231,-0.0068279,-0.018581,-0.0034211,0.9998
-0.019603,0.10157,-0.00019113,-0.0066672,-0.018477,-0.0034428,0.9998
-0.019635,0.1017,-9.4149e-06,-0.0063753,-0.018221,-0.0033136,0.99981
-0.019657,0.10184,0.00023678,-0.0059413,-0.018079,-0.0031911,0.99981
-0.019736,0.10195,0.00045409,-0.0055076,-0.018236,-0.0029642,0.99981
-0.019753,0.10212,0.00070598,-0.0052338,-0.018588,-0.0027967,0.99981
-0.019767,0.10222,0.00087819,-0.0050946,-0.018916,-0.0026653,0.9998
-0.019831,0.10233,0.00099601,-0.0051733,-0.019226,-0.0025143,0.9998
-0.01983,0.10244,0.001036,-0.0054076,-0.01942,-0.0024322,0.99979
-0.019692,0.10246,0.0010723,-0.0056062,-0.019572,-0.0024039,0.99979
-0.019612,0.10248,0.0010967,-0.0056559,-0.019839,-0.0023446,0.99978
-0.019449,0.10249,0.0010595,-0.0056545,-0.020318,-0.0024022,0.99977
-0.019217,0.10244,0.001031,-0.0056937,-0.02076,-0.0024197,0.99977
-0.019012,0.1024,0.0010727,-0.0056574,-0.021107,-0.0024501,0.99976
-0.018927,0.10236,0.0010616,-0.00561,-0.021145,-0.0024524,0.99976
-0.018843,0.10232,0.0010348,-0.0056574,-0.021107,-0.0024501,0.99976
-0.01881,0.10224,0.0010046,-0.0058374,-0.021041,-0.0024368,0.99976
-0.018747,0.10214,0.0010047,-0.0059604,-0.021098,-0.0024215,0.99976
-0.018762,0.10208,0.0010002,-0.0060251,-0.021182,-0.002276,0.99975
-0.018732,0.10196,0.0010104,-0.0060163,-0.021178,-0.0021907,0.99976
-0.018755,0.10189,0.0010158,-0.0060171,-0.021088,-0.0021097,0.99976
-0.018755,0.10175,0.0010021,-0.0060247,-0.020997,-0.0020666,0.99976
-0.018771,0.10157,0.00092818,-0.0060749,-0.020875,-0.0020306,0.99976
-0.018753,0.10139,0.0009055,-0.0058743,-0.020717,-0.0020115,0.99977
-0.018721,0.10119,0.00082879,-0.0057676,-0.020574,-0.0020689,0.99977
-0.018722,0.10097,0.00074699,-0.0057511,-0.020361,-0.0021312,0.99977
-0.018725,0.10071,0.00060392,-0.0058244,-0.020151,-0.0021753,0.99978
-0.018735,0.10041,0.00039941,-0.005985,-0.019957,-0.002258,0.99978
-0.018783,0.10014,0.00012868,-0.0063228,-0.01978,-0.002361,0.99978
-0.018793,0.09984,-0.00016815,-0.0066819,-0.019737,-0.0024154,0.99978
-0.018806,0.099558,-0.000445,-0.0069753,-0.019813,-0.0023827,0.99978
-0.018758,0.099236,-0.00075628,-0.0073531,-0.019988,-0.0024221,0.99977
-0.018694,0.098889,-0.0010838,-0.0076349,-0.020144,-0.0023378,0.99977
-0.018657,0.098569,-0.0014175,-0.0078266,-0.020297,-0.0022716,0.99976
-0.018571,0.098193,-0.0017376,-0.0079855,-0.020396,-0.0022025,0.99976
-0.018418,0.097857,-0.0020436,-0.0081666,-0.020425,-0.0023176,0.99976
-0.018289,0.097489,-0.0023382,-0.0083905,-0.020495,-0.0024167,0.99975
-0.01813,0.097106,-0.0026577,-0.0086347,-0.020489,-0.0026527,0.99975
-0.017958,0.096703,-0.0029397,-0.0088809,-0.02049,-0.002936,0.99975
-0.017747,0.096275,-0.0032235,-0.0090789,-0.020617,-0.0033025,0.99974
-0.017609,0.095865,-0.0034927,-0.0092769,-0.020745,-0.0036691,0.99974
-0.017443,0.095451,-0.0037286,-0.0095216,-0.020925,-0.0041144,0.99973
-0.017244,0.094971,-0.0039464,-0.0097188,-0.021143,-0.004562,0.99972
-0.017075,0.094526,-0.004192,-0.0098695,-0.021308,-0.0049309,0.99971
-0.016927,0.094026,-0.0043535,-0.0098776,-0.021403,-0.0050972,0.99971
-0.016838,0.093577,-0.0044588,-0.0097565,-0.021351,-0.0051597,0.99971
-0.016771,0.093088,-0.0045889,-0.0096905,-0.021171,-0.0051769,0.99972
-0.01669,0.092635,-0.0046598,-0.0097544,-0.021047,-0.0052169,0.99972
-0.01668,0.09217,-0.0047579,-0.0098491,-0.020971,-0.0052123,0.99972
-0.016606,0.091679,-0.0048155,-0.0099082,-0.021152,-0.0051571,0.99971
-0.016522,0.091198,-0.0048675,-0.009907,-0.021631,-0.0052148,0.9997
-0.016405,0.090734,-0.0048949,-0.0099191,-0.022036,-0.0053712,0.99969
-0.016259,0.090242,-0.0048943,-0.0099011,-0.022302,-0.0054911,0.99969
-0.016071,0.089766,-0.0049067,-0.0098336,-0.022301,-0.0056704,0.99969
-0.015884,0.089283,-0.0048673,-0.0097386,-0.022078,-0.0057794,0.99969
-0.015719,0.08879,-0.0048875,-0.0096511,-0.021465,-0.0059497,0.99971
-0.015579,0.088315,-0.004861,-0.0096127,-0.020819,-0.0061649,0.99972
-0.015383,0.087808,-0.0048656,-0.0096742,-0.02009,-0.0063665,0.99973
-0.015252,0.087379,-0.0047977,-0.0096641,-0.019577,-0.006571,0.99974
-0.015059,0.086948,-0.0046618,-0.0096088,-0.019407,-0.0067206,0.99974
-0.014937,0.08654,-0.0045401,-0.0094466,-0.019482,-0.0069046,0.99974
-0.014839,0.086115,-0.0043327,-0.0093317,-0.01952,-0.0070862,0.99974
-0.014751,0.085707,-0.0041107,-0.0091721,-0.019511,-0.0072362,0.99974
-0.014712,0.085242,-0.0038885,-0.0089639,-0.019444,-0.0072603,0.99974
-0.014652,0.084806,-0.0036292,-0.0085785,-0.01936,-0.0072638,0.99975
-0.01461,0.084341,-0.0033157,-0.0080681,-0.019213,-0.0072354,0.99976
-0.014546,0.083845,-0.0030427,-0.0075681,-0.018891,-0.0071302,0.99977
-0.01448,0.083377,-0.0027565,-0.0070487,-0.01844,-0.0071208,0.99978
-0.014447,0.08292,-0.0024607,-0.0065651,-0.018031,-0.0070579,0.99979
-0.014401,0.082402,-0.0021782,-0.0061117,-0.017761,-0.0070314,0.9998
-0.014268,0.081941,-0.0019186,-0.0057264,-0.017677,-0.0070349,0.9998
-0.014176,0.081449,-0.0016743,-0.0053664,-0.017809,-0.0070617,0.9998
-0.01403,0.08095,-0.0014238,-0.0049351,-0.018158,-0.0070914,0.9998
-0.013853,0.080465,-0.0011973,-0.0047468,-0.018405,-0.0072288,0.99979
-0.013658,0.079958,-0.00096458,-0.0044991,-0.01847,-0.0074215,0.99979
-0.013436,0.079521,-0.00070943,-0.0040019,-0.018638,-0.0074684,0.99979
-0.013278,0.079049,-0.00043271,-0.0033526,-0.018706,-0.0076223,0.99979
-0.012998,0.078617,-0.00013184,-0.0027746,-0.018558,-0.0077733,0.99979
-0.0127,0.078187,7.4241e-05,-0.00234,-0.018392,-0.0080456,0.9998
-0.012397,0.077736,0.00024526,-0.0020447,-0.018197,-0.008345,0.9998
-0.0121,0.077296,0.00039878,-0.0018562,-0.018145,-0.0085868,0.9998
-0.011757,0.076817,0.00051324,-0.0017521,-0.018192,-0.0089009,0.99979
-0.01145,0.07635,0.0005702,-0.0016783,-0.018378,-0.0092514,0.99979
-0.011081,0.075831,0.00065728,-0.0017133,-0.018396,-0.0095926,0.99978
-0.010805,0.075326,0.00070996,-0.0016479,-0.018401,-0.0098191,0.99978
-0.010442,0.074785,0.0007536,-0.0014949,-0.01839,-0.010007,0.99978
-0.010159,0.074225,0.00084233,-0.0012415,-0.018368,-0.010081,0.99978
-0.0098867,0.073675,0.00093398,-0.00093928,-0.018287,-0.010028,0.99978
-0.0096626,0.073066,0.0010243,-0.00069325,-0.018173,-0.010059,0.99978
-0.0094381,0.072526,0.0011644,-0.00053332,-0.017979,-0.0099994,0.99979
-0.0092818,0.071957,0.0013096,-0.00031409,-0.017902,-0.0098912,0.99979
-0.0090902,0.071377,0.0014479,-0.00019208,-0.018054,-0.009721,0.99979
-0.0088799,0.070801,0.0015985,3.2168e-05,-0.018374,-0.0095983,0.99979
-0.0086199,0.070163,0.0017218,0.00030384,-0.018731,-0.009478,0.99978
-0.0083888,0.069527,0.0018335,0.00050094,-0.018974,-0.0095301,0.99977
-0.0080894,0.068885,0.0019294,0.00069068,-0.019125,-0.0095393,0.99977
-0.0078405,0.068221,0.0020016,0.00090858,-0.019144,-0.0095592,0.99977
-0.0075678,0.067534,0.002048,0.0011523,-0.019036,-0.0096368,0.99977
-0.0072316,0.066924,0.0021459,0.0014564,-0.019135,-0.0097466,0.99977
-0.0069377,0.066289,0.0021603,0.0016439,-0.018993,-0.0099072,0.99977
-0.0066338,0.065624,0.002154,0.0016731,-0.018651,-0.010103,0.99977
-0.0063109,0.064897,0.002174,0.001617,-0.018318,-0.010291,0.99978
-0.0060552,0.064162,0.0021292,0.001659,-0.018145,-0.010517,0.99978
-0.0057675,0.063387,0.0020922,0.0016601,-0.017936,-0.010702,0.99978
-0.0054923,0.062587,0.0020013,0.0017537,-0.017808,-0.010939,0.99978
-0.0051919,0.061868,0.0019672,0.0018303,-0.017504,-0.011138,0.99978
-0.0049525,0.061125,0.0018702,0.001795,-0.016947,-0.011293,0.99979
-0.0047016,0.060369,0.001702,0.00171,-0.016359,-0.011492,0.9998
-0.0044419,0.059633,0.0015477,0.001694,-0.015973,-0.011639,0.9998
-0.0041437,0.058887,0.001372,0.0017304,-0.016021,-0.011774,0.9998
-0.0037897,0.058147,0.0012606,0.0018054,-0.01641,-0.011892,0.99979
-0.0034159,0.057441,0.0011367,0.0017195,-0.016904,-0.011988,0.99978
-0.0030497,0.056678,0.00095777,0.0013997,-0.017293,-0.012107,0.99978
-0.0026586,0.055909,0.00076379,0.00084044,-0.017498,-0.012261,0.99977
-0.0022614,0.055149,0.00057168,0.00022953,-0.017657,-0.012404,0.99977
-0.0018388,0.054371,0.00040275,-0.00023487,-0.017938,-0.012563,0.99976
-0.0014634,0.053664,0.00027811,-0.00051781,-0.018189,-0.012607,0.99975
-0.0011045,0.052918,0.00025749,-0.00066987,-0.018289,-0.0125,0.99975
-0.00082832,0.052195,0.00025449,-0.00061369,-0.018323,-0.012417,0.99975
-0.00051432,0.051398,0.00034495,-0.00041522,-0.01847,-0.012341,0.99975
-0.0002856,0.05064,0.00038924,-0.00011538,-0.018694,-0.012231,0.99975
-0.00010234,0.049844,0.00044418,-3.0287e-05,-0.018984,-0.012136,0.99975
5.1711e-05,0.049,0.00039788,-0.00011564,-0.019293,-0.012023,0.99974
0.00022493,0.048172,0.00029556,-0.00050634,-0.019598,-0.011928,0.99974
0.00034978,0.047363,0.00017161,-0.00076867,-0.019924,-0.011836,0.99973
0.00048462,0.046606,9.5264e-05,-0.0010073,-0.020129,-0.011848,0.99973
0.00060679,0.045805,6.4692e-06,-0.0011391,-0.020191,-0.011918,0.99972
0.00076513,0.044994,-8.5568e-05,-0.0011662,-0.020114,-0.012093,0.99972
0.00091577,0.044167,-0.00019685,-0.0011556,-0.01999,-0.012274,0.99972
0.0011428,0.043299,-0.00024365,-0.0010427,-0.020033,-0.012503,0.99972
0.0013825,0.042434,-0.0002489,-0.00090947,-0.020037,-0.012909,0.99972
0.001626,0.041575,-0.00024433,-0.00077628,-0.020042,-0.013315,0.99971
0.0018417,0.040711,-0.00023819,-0.00064396,-0.019956,-0.013639,0.99971
0.0019894,0.039827,-0.00028177,-0.0005871,-0.019666,-0.014055,0.99971
0.0021291,0.038955,-0.00035005,-0.00059159,-0.019246,-0.014465,0.99971
0.0022621,0.038136,-0.00038926,-0.00078803,-0.01868,-0.014912,0.99971
0.0022889,0.037318,-0.00043764,-0.0010016,-0.018237,-0.015216,0.99972
0.0023473,0.036544,-0.00048215,-0.0010977,-0.017958,-0.015443,0.99972
0.0024136,0.035725,-0.00049147,-0.0010106,-0.017828,-0.015719,0.99972
0.0024636,0.034947,-0.00051134,-0.00097177,-0.017572,-0.015911,0.99972
0.0025418,0.034129,-0.00056663,-0.00090393,-0.017272,-0.016194,0.99972
0.0025947,0.033433,-0.00057018,-0.00083608,-0.016972,-0.016478,0.99972
0.0025881,0.032669,-0.00060151,-0.0007239,-0.016626,-0.01673,0.99972
0.0026282,0.031905,-0.00063164,-0.00066346,-0.016235,-0.016971,0.99972
0.0026003,0.031132,-0.00068884,-0.00054906,-0.015883,-0.017176,0.99973
0.0025658,0.030322,-0.00078411,-0.00042367,-0.015521,-0.017248,0.99973
0.0025419,0.029492,-0.0008401,-0.00030139,-0.015075,-0.017286,0.99974
0.0025454,0.028666,-0.00094436,-0.00024508,-0.014809,-0.017308,0.99974
0.0024568,0.027828,-0.00098551,-0.00012945,-0.014661,-0.01728,0.99974
0.0024399,0.027008,-0.0009935,7.8792e-05,-0.014595,-0.017304,0.99974
0.0023771,0.026242,-0.001054,0.00018253,-0.014367,-0.017328,0.99975
0.0023056,0.025466,-0.0010721,0.00022272,-0.014014,-0.017392,0.99975
0.0022497,0.02472,-0.0011582,0.0002132,-0.01363,-0.0175,0.99975
0.0022425,0.023959,-0.00122,0.00022297,-0.013416,-0.0176,0.99976
0.0022498,0.023148,-0.0013059,0.00032849,-0.013368,-0.017786,0.99975
0.0023115,0.02233,-0.0013357,0.00043402,-0.013319,-0.017972,0.99975
0.0023611,0.021501,-0.0014205,0.00039497,-0.013164,-0.018198,0.99975
0.0024149,0.020615,-0.0015605,0.00029237,-0.012883,-0.018464,0.99975
0.0024321,0.019748,-0.0016679,0.00013497,-0.012473,-0.018685,0.99975
0.0025097,0.018839,-0.0018166,-2.2442e-05,-0.012063,-0.018906,0.99975
0.002556,0.017936,-0.0020178,-0.00014758,-0.011827,-0.019042,0.99975
0.0026591,0.017029,-0.0020873,-0.00012592,-0.011692,-0.019091,0.99975
0.0027351,0.016062,-0.0021988,-2.218e-05,-0.011465,-0.019114,0.99975
0.0028509,0.015114,-0.0022483,3.7273e-05,-0.011283,-0.01917,0.99975
0.0028632,0.014112,-0.0023498,8.3946e-05,-0.010932,-0.019195,0.99976
0.0029353,0.013093,-0.0024703,3.015e-05,-0.010593,-0.019336,0.99976
0.0030061,0.012058,-0.0025857,8.6461e-05,-0.010328,-0.019357,0.99976
0.0031262,0.011025,-0.002687,0.00021924,-0.010057,-0.019472,0.99976
0.0032327,0.0099197,-0.002817,0.000446,-0.0097721,-0.019511,0.99976
0.0033842,0.0087932,-0.0029257,0.00043,-0.009386,-0.019658,0.99976
0.0035008,0.0076131,-0.0031075,0.00043,-0.009386,-0.019658,0.99976
0.0035743,0.0064664,-0.0033233,1.8418e-05,-0.0086099,-0.019828,0.99977
0.0036996,0.0053008,-0.0034855,-0.00017267,-0.0085543,-0.019947,0.99976
0.0038368,0.004187,-0.0036558,-0.00031094,-0.0086138,-0.020056,0.99976
0.0039353,0.0030912,-0.0037967,-0.00031094,-0.0086138,-0.020056,0.99976
0.0040659,0.0020812,-0.0039586,-0.00035973,-0.0086717,-0.020181,0.99976
0.0042332,0.0010385,-0.004083,-0.00033944,-0.0086329,-0.020358,0.99976
0.0044072,3.7213e-05,-0.004269,-0.00037622,-0.008471,-0.020537,0.99975
0.0045716,-0.00096141,-0.0044386,-0.00033741,-0.0082141,-0.020729,0.99975
0.004796,-0.0019016,-0.0047658,-0.00030599,-0.0078658,-0.020878,0.99975
0.0048478,-0.0027723,-0.0047735,-0.00024777,-0.0074805,-0.021166,0.99975
0.0049462,-0.0035914,-0.0049897,-0.00025775,-0.0072816,-0.021484,0.99974
0.0050549,-0.0043861,-0.005227,-0.00038762,-0.0072231,-0.02182,0.99974
0.0051878,-0.0052287,-0.0055096,-0.00076575,-0.0072849,-0.022173,0.99973
0.005474,-0.0061047,-0.0059538,-0.0012518,-0.0072672,-0.022599,0.99972
0.0055466,-0.006923,-0.00609,-0.0017713,-0.0073051,-0.023026,0.99971
0.0056641,-0.0077479,-0.0063559,-0.0022421,-0.0072851,-0.023327,0.9997
0.0057429,-0.0085491,-0.0066123,-0.0024959,-0.0071941,-0.023567,0.99969
0.0057811,-0.0093272,-0.0068694,-0.0027031,-0.0070513,-0.023728,0.99969
0.0059306,-0.0093784,-0.0072409,-0.0028154,-0.0069842,-0.023894,0.99969
0.0057836,-0.010873,-0.0073746,-0.0028522,-0.0068223,-0.024073,0.99968
0.0056915,-0.011688,-0.0076035,-0.0029364,-0.0066225,-0.02425,0.99968
0.0057771,-0.011703,-0.0077456,-0.0030842,-0.0062976,-0.024467,0.99968
0.005738,-0.012503,-0.008022,-0.0034995,-0.0059225,-0.024708,0.99967
0.0056849,-0.013323,-0.0082868,-0.0039117,-0.0056308,-0.024984,0.99966
0.005669,-0.014156,-0.0085827,-0.0042595,-0.0055536,-0.0253,0.99966
0.0056494,-0.014969,-0.0088405,-0.0046753,-0.0056629,-0.025647,0.99964
0.0056066,-0.015798,-0.0091302,-0.0050018,-0.0057501,-0.025909,0.99964
0.0055002,-0.016604,-0.0093592,-0.0051994,-0.0056926,-0.026066,0.99963
0.0054232,-0.01751,-0.0096986,-0.0052747,-0.0054885,-0.026157,0.99963
0.0053662,-0.018321,-0.0096823,-0.005159,-0.0050409,-0.026234,0.99963
0.0053198,-0.019128,-0.0098199,-0.0050529,-0.0045081,-0.026315,0.99963
0.0053016,-0.019862,-0.0099018,-0.0050416,-0.0038995,-0.026391,0.99963
0.0053218,-0.020612,-0.0099457,-0.0051621,-0.0033524,-0.026537,0.99963
0.0054266,-0.021379,-0.010187,-0.005398,-0.0029539,-0.02671,0.99962
0.0054272,-0.022121,-0.010231,-0.0056024,-0.0028943,-0.026906,0.99962
0.0056123,-0.022889,-0.010359,-0.0058198,-0.0031507,-0.027177,0.99961
0.0057542,-0.023626,-0.010491,-0.0061032,-0.0035872,-0.02743,0.9996
0.0059038,-0.024389,-0.010655,-0.0063325,-0.0040635,-0.027647,0.99959
0.0061138,-0.025151,-0.010864,-0.0065101,-0.0042661,-0.027877,0.99958
0.0061681,-0.025839,-0.01086,-0.0066603,-0.0042465,-0.028037,0.99958
0.0062771,-0.026534,-0.010934,-0.0067735,-0.0040898,-0.028122,0.99957
0.0064264,-0.027237,-0.010918,-0.0067911,-0.0040984,-0.028292,0.99957
0.0065519,-0.027936,-0.010925,-0.0069034,-0.0040313,-0.028458,0.99956
0.0067481,-0.028615,-0.010783,-0.0070246,-0.0039685,-0.02871,0.99956
0.0068317,-0.029274,-0.010757,-0.0071458,-0.0039056,-0.028961,0.99955
0.0069673,-0.029877,-0.010623,-0.0071578,-0.0040121,-0.029221,0.99954
0.0071157,-0.030438,-0.010435,-0.0071196,-0.0042396,-0.029518,0.99953
0.0072863,-0.030977,-0.010242,-0.0070253,-0.0045006,-0.029732,0.99952
0.0074674,-0.031438,-0.0099574,-0.0068361,-0.0048373,-0.029951,0.99952
0.0075243,-0.031942,-0.0098834,-0.0066032,-0.0050391,-0.030055,0.99951
0.0075975,-0.032414,-0.0097246,-0.0064416,-0.0050241,-0.030159,0.99951
0.0076886,-0.032874,-0.009549,-0.0062399,-0.0046564,-0.030326,0.99951
0.0076906,-0.033335,-0.0093704,-0.0060121,-0.0041624,-0.03055,0.99951
0.007776,-0.033799,-0.0091539,-0.0058288,-0.0037137,-0.030806,0.9995
0.0078118,-0.034205,-0.0089016,-0.0057231,-0.0033662,-0.031096,0.99949
0.0078357,-0.034567,-0.0086426,-0.0057145,-0.0032485,-0.031324,0.99949
0.0079027,-0.034894,-0.0084482,-0.0057408,-0.0032613,-0.03158,0.99948
0.0079304,-0.035103,-0.0082184,-0.0057496,-0.0032655,-0.031666,0.99948
0.0079141,-0.035301,-0.0080426,-0.0056665,-0.0032623,-0.031721,0.99948
0.0079059,-0.035467,-0.0079659,-0.0056665,-0.0032623,-0.031721,0.99948
0.0078599,-0.0356,-0.0079214,-0.005494,-0.0032366,-0.031692,0.99948
0.0078054,-0.035768,-0.007878,-0.0053169,-0.0032195,-0.031671,0.99948
0.0077621,-0.036032,-0.0078615,-0.0052102,-0.0030751,-0.031729,0.99948
0.0078083,-0.036279,-0.0078727,-0.005247,-0.0029131,-0.031908,0.99947
0.0077965,-0.036591,-0.00793,-0.0053236,-0.002805,-0.032127,0.99947
0.0078592,-0.036877,-0.0080049,-0.0053101,-0.0027639,-0.032343,0.99946
0.0079368,-0.037203,-0.0080641,-0.0052919,-0.0027314,-0.032567,0.99945
0.0079426,-0.037529,-0.0082321,-0.0053589,-0.0027085,-0.032781,0.99944
0.0080541,-0.03784,-0.0083397,-0.0054992,-0.0024752,-0.033041,0.99944
0.0081126,-0.038146,-0.0084648,-0.0056658,-0.0023681,-0.033244,0.99943
0.008247,-0.038513,-0.008611,-0.0059195,-0.0022771,-0.033484,0.99942
0.0083154,-0.038842,-0.0087568,-0.0061171,-0.0022196,-0.033641,0.99941
0.0084361,-0.039159,-0.0088546,-0.006184,-0.0021967,-0.033855,0.99941
0.0085742,-0.039496,-0.0090093,-0.0062654,-0.0020801,-0.034067,0.9994
0.0086798,-0.03986,-0.0091282,-0.0063399,-0.0019655,-0.034239,0.99939
0.0088118,-0.040198,-0.0092364,-0.0063595,-0.0019805,-0.034456,0.99938
0.0089181,-0.04058,-0.0093749,-0.0065001,-0.002046,-0.034612,0.99938
0.0089975,-0.040923,-0.0095226,-0.0066029,-0.0020642,-0.034774,0.99937
0.0090585,-0.041222,-0.0096511,-0.0068459,-0.0019625,-0.034882,0.99937
0.0090649,-0.041514,-0.0098215,-0.0071012,-0.0016925,-0.034959,0.99936
0.0091003,-0.041784,-0.009967,-0.0073537,-0.0015055,-0.035072,0.99936
0.009119,-0.042028,-0.01008,-0.0075803,-0.0014912,-0.035137,0.99935
0.0091578,-0.042285,-0.010155,-0.0077033,-0.0015483,-0.035121,0.99935
0.0091752,-0.042502,-0.010193,-0.0077625,-0.0017306,-0.035065,0.99935
0.0091698,-0.042692,-0.010126,-0.0076115,-0.0018397,-0.034987,0.99936
0.0091543,-0.042821,-0.010013,-0.0073472,-0.0018066,-0.034929,0.99936
0.0091657,-0.04293,-0.0099281,-0.0071776,-0.0016978,-0.034865,0.99936
0.0091726,-0.043023,-0.0098675,-0.0070709,-0.0015533,-0.034924,0.99936
0.0092719,-0.043057,-0.0097724,-0.0070901,-0.0013829,-0.034931,0.99936
0.0092551,-0.04311,-0.0097094,-0.0070145,-0.001288,-0.034944,0.99936
0.0093139,-0.043157,-0.0095931,-0.0069477,-0.0011974,-0.035043,0.99936
0.0093693,-0.04321,-0.0094707,-0.0069099,-0.00115,-0.035049,0.99936
0.0094182,-0.043263,-0.0093742,-0.0068247,-0.0011403,-0.035058,0.99936
0.0094871,-0.043234,-0.0092552,-0.0066845,-0.0012602,-0.035111,0.99936
0.0095508,-0.04326,-0.0091954,-0.0064388,-0.0014449,-0.035038,0.99936
0.0095883,-0.043237,-0.0090832,-0.0061862,-0.0016319,-0.034926,0.99937
0.0096258,-0.043241,-0.009017,-0.0058951,-0.0018609,-0.034901,0.99937
0.0096857,-0.043254,-0.0089411,-0.0058099,-0.0018513,-0.03491,0.99937
0.0097672,-0.043263,-0.0088389,-0.0058291,-0.0016808,-0.034918,0.99937
0.0098224,-0.043263,-0.0087814,-0.005912,-0.0013851,-0.034967,0.99937
0.0098571,-0.043299,-0.0086906,-0.0058818,-0.001246,-0.034931,0.99937
0.0098817,-0.04328,-0.0085957,-0.0057986,-0.0012428,-0.034986,0.99937
0.0099363,-0.043191,-0.0085132,-0.0057608,-0.0011954,-0.034993,0.99937
0.0099546,-0.043112,-0.0084235,-0.005666,-0.001271,-0.034998,0.99937
0.0099911,-0.043036,-0.0083622,-0.0055624,-0.0013423,-0.034917,0.99937
0.0099436,-0.042947,-0.0082791,-0.0053359,-0.0013566,-0.034852,0.99938
0.0099396,-0.042846,-0.0081365,-0.0050551,-0.0014109,-0.03475,0.99938
0.0098709,-0.042721,-0.0080114,-0.0048198,-0.0014209,-0.034599,0.99939
0.0098095,-0.042581,-0.0079249,-0.0046859,-0.0013532,-0.034483,0.99939
0.0097421,-0.042477,-0.0078278,-0.0045549,-0.0012023,-0.034331,0.9994
0.0096091,-0.042309,-0.0077494,-0.0043476,-0.0010462,-0.034274,0.9994
0.0095418,-0.042141,-0.0076527,-0.0041855,-0.00084573,-0.034168,0.99941
0.009469,-0.041967,-0.0076067,-0.0041767,-0.00084148,-0.034083,0.99941
0.0094495,-0.041784,-0.0076263,-0.0041583,-0.00092246,-0.033993,0.99941
0.0094375,-0.041571,-0.0076333,-0.0041324,-0.0010951,-0.033946,0.99941
0.0093896,-0.041369,-0.0077434,-0.004151,-0.001313,-0.033932,0.99941
0.0094015,-0.041169,-0.007773,-0.004094,-0.0014361,-0.03393,0.99941
0.0094359,-0.040969,-0.0077545,-0.0040088,-0.0014264,-0.033939,0.99941
0.0095002,-0.040808,-0.0077134,-0.0038866,-0.0012799,-0.033873,0.99942
0.0095978,-0.040628,-0.0075971,-0.0037452,-0.0013038,-0.033799,0.99942
0.0095648,-0.040356,-0.0074921,-0.0035959,-0.001234,-0.033558,0.99943
0.009549,-0.040102,-0.0073888,-0.0035784,-0.0012255,-0.033387,0.99944
0.0095126,-0.039787,-0.0072933,-0.0036439,-0.0012202,-0.033161,0.99944
0.0094608,-0.039446,-0.0072309,-0.0037851,-0.0013097,-0.032922,0.99945
0.0094313,-0.03912,-0.0071245,-0.0037869,-0.0014296,-0.032656,0.99946
0.0093844,-0.038774,-0.0070805,-0.0038362,-0.0015117,-0.032387,0.99947
0.0092611,-0.038444,-0.0070359,-0.0037712,-0.001541,-0.032218,0.99947
0.0091872,-0.038067,-0.006926,-0.0035271,-0.0015468,-0.031982,0.99948
0.0091683,-0.037736,-0.0067977,-0.0031192,-0.0015311,-0.031803,0.99949
0.0091664,-0.037378,-0.0066516,-0.0027629,-0.0014906,-0.031714,0.99949
0.0090787,-0.037011,-0.0065385,-0.002575,-0.0014628,-0.031561,0.9995
0.0090686,-0.036628,-0.0064154,-0.0025736,-0.0013669,-0.031433,0.9995
0.0089833,-0.036257,-0.0063916,-0.0027545,-0.0012114,-0.031338,0.9995
0.0088446,-0.035848,-0.0063685,-0.0030347,-0.00097168,-0.031231,0.99951
0.0086937,-0.035444,-0.0063581,-0.0034031,-0.00065858,-0.031079,0.99951
0.0084722,-0.034995,-0.0063651,-0.0035449,-0.00035976,-0.030863,0.99952
0.0081895,-0.03453,-0.0064404,-0.0036837,-0.00014393,-0.030681,0.99952
0.0079164,-0.034018,-0.0064951,-0.0036001,4.4648e-05,-0.030527,0.99953
0.0076176,-0.033505,-0.0065736,-0.0035241,0.00032494,-0.030331,0.99953
0.0072204,-0.032976,-0.0067134,-0.003476,0.00077144,-0.030228,0.99954
0.0068518,-0.032451,-0.0069103,-0.0035324,0.0013787,-0.030124,0.99954
0.0064027,-0.031856,-0.0071595,-0.0037073,0.0022408,-0.030016,0.99954
0.0060185,-0.031303,-0.0074126,-0.0041015,0.0027266,-0.029912,0.99954
0.0056111,-0.030736,-0.0077413,-0.0044507,0.0028692,-0.029753,0.99954
0.0051928,-0.030256,-0.0080061,-0.0047817,0.0026321,-0.0294,0.99955
0.0047685,-0.029746,-0.0082217,-0.005049,0.0022696,-0.029007,0.99956
0.0042421,-0.029233,-0.0083792,-0.0050721,0.0019013,-0.028378,0.99958
0.0036624,-0.028599,-0.0084799,-0.004942,0.0017293,-0.027728,0.9996
0.0030061,-0.027995,-0.0086036,-0.0048481,0.0019047,-0.027048,0.99962
0.0022905,-0.027266,-0.0087597,-0.0047269,0.0023021,-0.026297,0.99964
0.0015715,-0.026534,-0.008885,-0.0046618,0.0027331,-0.025628,0.99966
0.00087015,-0.025788,-0.009043,-0.0046627,0.0029841,-0.024943,0.99967
0.00025764,-0.024991,-0.0091435,-0.0047126,0.0028779,-0.02428,0.99969
-0.00033961,-0.024213,-0.0092335,-0.0047994,0.002635,-0.023691,0.9997
-0.00092266,-0.023471,-0.0092551,-0.0046425,0.0022008,-0.023075,0.99972
-0.0014592,-0.02267,-0.0092481,-0.0044857,0.0017666,-0.02246,0.99974
-0.0020407,-0.021887,-0.0091989,-0.0043925,0.0014577,-0.021885,0.99975
-0.0026051,-0.021028,-0.0091293,-0.0042362,0.0014117,-0.021292,0.99976
-0.0031574,-0.020179,-0.0090746,-0.0039636,0.0014252,-0.020753,0.99978
-0.0037223,-0.019304,-0.0089526,-0.0036444,0.0014903,-0.020135,0.99979
-0.0043254,-0.018392,-0.008857,-0.0032496,0.0016502,-0.01953,0.9998
-0.0048547,-0.017465,-0.0086497,-0.0028452,0.001725,-0.018921,0.99982
-0.0054674,-0.016478,-0.0084242,-0.0024216,0.0016293,-0.018304,0.99983
-0.0060168,-0.015484,-0.008139,-0.0019409,0.0014106,-0.017685,0.99984
-0.0065758,-0.014455,-0.007833,-0.001472,0.0012706,-0.017117,0.99985
-0.0071155,-0.013482,-0.007519,-0.001004,0.0012201,-0.016468,0.99986
-0.0075991,-0.012474,-0.0071723,-0.00046606,0.0011772,-0.015951,0.99987
-0.0081867,-0.01144,-0.0068443,6.8745e-05,0.0012173,-0.0154,0.99988
-0.008686,-0.010373,-0.0064739,0.0005883,0.0012554,-0.014973,0.99989
-0.00917,-0.0092393,-0.0061481,0.0011618,0.0012534,-0.014509,0.99989
-0.0096727,-0.0081484,-0.0058002,0.0017007,0.0011211,-0.014074,0.9999
-0.01013,-0.0070342,-0.0054125,0.0022469,0.00089709,-0.013681,0.9999
-0.010567,-0.0059743,-0.0050226,0.0027079,0.00066338,-0.01328,0.99991
-0.011001,-0.0049289,-0.0045981,0.003062,0.00058396,-0.012925,0.99991
-0.011432,-0.0038591,-0.0041568,0.0035535,0.00048943,-0.012487,0.99992
-0.011861,-0.0027661,-0.0037547,0.0041269,0.00048748,-0.012023,0.99992
-0.012317,-0.0016397,-0.0032801,0.0047406,0.00053948,-0.01152,0.99992
-0.01271,-0.00051835,-0.0028403,0.0053701,0.00080281,-0.011077,0.99992
-0.01309,0.00061227,-0.0024313,0.0059556,0.001021,-0.010667,0.99992
-0.013421,0.0017308,-0.002126,0.0063717,0.0011305,-0.010321,0.99993
-0.01372,0.0028379,-0.001826,0.006701,0.00083547,-0.0099891,0.99993
-0.013949,0.0039145,-0.0015894,0.0070104,0.00022662,-0.009771,0.99993
-0.014076,0.0049814,-0.0013249,0.0071187,-0.00054066,-0.0095717,0.99993
-0.014268,0.0059878,-0.0011577,0.0070503,-0.001325,-0.0093932,0.99993
-0.014458,0.0069667,-0.00091816,0.0071407,-0.0018258,-0.009074,0.99993
-0.014681,0.0079891,-0.00065148,0.0074603,-0.0020356,-0.0087467,0.99993
-0.014904,0.0089614,-0.00031661,0.0079994,-0.0018691,-0.0084152,0.99993
-0.015181,0.0099473,2.6575e-06,0.0085093,-0.0014469,-0.0080963,0.99993
-0.015463,0.010904,0.00026555,0.0089657,-0.00098469,-0.0078132,0.99993
-0.015699,0.011888,0.00055143,0.009445,-0.00070162,-0.0075308,0.99993
-0.015926,0.012897,0.00075685,0.0099096,-0.00071946,-0.0072674,0.99992
-0.016199,0.01393,0.00090965,0.010124,-0.00095384,-0.007149,0.99992
-0.01635,0.015024,0.0010012,0.010254,-0.0012873,-0.007103,0.99992
-0.016457,0.016117,0.00098679,0.010114,-0.0016518,-0.007154,0.99992
-0.01653,0.017211,0.00089171,0.0098004,-0.002042,-0.0072346,0.99992
-0.016645,0.018369,0.0007288,0.0094773,-0.0023469,-0.0073194,0.99993
-0.016724,0.019472,0.00058009,0.0092895,-0.0026736,-0.0073681,0.99993
-0.016874,0.020594,0.00048849,0.0093722,-0.0029693,-0.0073197,0.99992
-0.017,0.021648,0.00042337,0.0094855,-0.0031259,-0.0072348,0.99992
-0.017202,0.022733,0.00038786,0.0096172,-0.0030645,-0.0071648,0.99992
-0.017451,0.023779,0.00029807,0.0095687,-0.0029372,-0.0070814,0.99992
-0.017759,0.024805,0.0001811,0.0095519,-0.0027603,-0.0070426,0.99993
-0.018126,0.025904,-7.0939e-06,0.0093461,-0.0025217,-0.0070757,0.99993
-0.018522,0.027009,-0.00025818,0.0089602,-0.0022171,-0.0070955,0.99993
-0.018915,0.028104,-0.00057666,0.008563,-0.0022221,-0.0071434,0.99994
-0.019251,0.029247,-0.00095628,0.0081924,-0.0024892,-0.0072259,0.99994
-0.0196,0.030362,-0.0014038,0.007806,-0.0029678,-0.0072464,0.99994
-0.019986,0.031449,-0.001809,0.0074793,-0.0034885,-0.0071929,0.99994
-0.020379,0.032522,-0.0022607,0.0071041,-0.0039565,-0.0070809,0.99994
-0.020774,0.033593,-0.002596,0.0069311,-0.0042811,-0.0070062,0.99994
-0.021183,0.034591,-0.0028901,0.0066498,-0.0044363,-0.0069221,0.99994
-0.021691,0.035538,-0.0032189,0.0063721,-0.0045999,-0.006847,0.99995
-0.022156,0.036405,-0.003485,0.0060811,-0.0046699,-0.006767,0.99995
-0.022646,0.037207,-0.003768,0.0059193,-0.0046848,-0.0066641,0.99995
-0.023014,0.037991,-0.0039756,0.0058084,-0.0045219,-0.0067019,0.99995
-0.023467,0.038794,-0.0042369,0.0056467,-0.0042379,-0.0067033,0.99995
-0.023933,0.039638,-0.0045306,0.0054874,-0.0039476,-0.0066577,0.99995
-0.02445,0.04051,-0.0048547,0.0054046,-0.0036519,-0.006706,0.99996
-0.024973,0.041482,-0.0052017,0.0052342,-0.0033723,-0.0067928,0.99996
-0.025424,0.042462,-0.0055988,0.0048589,-0.0032424,-0.0068895,0.99996
-0.025864,0.043465,-0.0059158,0.0044336,-0.0033801,-0.0069267,0.99996
-0.026316,0.04444,-0.0062537,0.0038844,-0.0034853,-0.0068675,0.99996
-0.026762,0.045412,-0.0065271,0.0034228,-0.0035745,-0.00677,0.99996
-0.027206,0.046374,-0.0067996,0.0029589,-0.00367,-0.0067196,0.99997
-0.027647,0.047364,-0.0070185,0.0026765,-0.0037357,-0.0065544,0.99997
-0.028041,0.048327,-0.0072097,0.0023844,-0.0037161,-0.0063933,0.99997
-0.028431,0.04928,-0.0074102,0.0021397,-0.0037344,-0.0062345,0.99997
-0.028875,0.050255,-0.0075706,0.0019684,-0.0036641,-0.0061358,0.99997
-0.029237,0.051245,-0.0077131,0.0018453,-0.0037211,-0.0061206,0.99997
-0.029589,0.052269,-0.0077625,0.0018172,-0.0038538,-0.0061099,0.99997
-0.029927,0.053275,-0.0077801,0.0016821,-0.0041309,-0.0060417,0.99997
-0.030256,0.054282,-0.0077587,0.0015189,-0.0045407,-0.0059628,0.99997
-0.030576,0.055284,-0.0076453,0.0013515,-0.0049421,-0.0058748,0.99997
-0.03084,0.056313,-0.0074817,0.0013201,-0.0052905,-0.0057259,0.99997
-0.031161,0.057314,-0.0072185,0.001479,-0.0053058,-0.0054811,0.99997
-0.031553,0.05837,-0.0069149,0.0016964,-0.0050494,-0.0052105,0.99997
-0.031936,0.059411,-0.0066171,0.0020651,-0.0046033,-0.0049658,0.99997
-0.032346,0.060534,-0.006282,0.0023886,-0.004113,-0.0046716,0.99998
-0.032724,0.061663,-0.0059409,0.0028608,-0.0037382,-0.0043463,0.99998
-0.03313,0.062836,-0.005584,0.0034095,-0.003657,-0.0040105,0.99998
-0.033407,0.064,-0.0052966,0.0034095,-0.003657,-0.0040105,0.99998
-0.033655,0.065173,-0.0048975,0.0042444,-0.0041164,-0.0036407,0.99998
-0.03387,0.066303,-0.0046284,0.0043208,-0.00441,-0.0036303,0.99997
-0.034026,0.067385,-0.0043779,0.0043208,-0.00441,-0.0036303,0.99997
-0.034199,0.068449,-0.0041564,0.0042816,-0.0048523,-0.0036478,0.99997
-0.034358,0.06946,-0.0038838,0.0042791,-0.0051575,-0.0035907,0.99997
-0.034543,0.07046,-0.0035599,0.0043933,-0.0054037,-0.0035868,0.99997
-0.034693,0.071413,-0.0031527,0.0047038,-0.0055043,-0.0036585,0.99997
-0.034806,0.072277,-0.0027324,0.0050912,-0.0054141,-0.0036148,0.99997
-0.035002,0.073174,-0.0022656,0.005637,-0.0052257,-0.0036401,0.99996
-0.035166,0.074133,-0.0017441,0.0062547,-0.004934,-0.0036691,0.99996
-0.035405,0.075114,-0.0012077,0.0067626,-0.0047931,-0.0036879,0.99996
-0.035626,0.076116,-0.00073748,0.007123,-0.0046262,-0.0038189,0.99996
-0.03586,0.077142,-0.00025678,0.0074079,-0.0045542,-0.0039369,0.99995
-0.03602,0.078111,0.00021142,0.0076805,-0.0047022,-0.0040021,0.99995
-0.036235,0.079094,0.00065775,0.0080103,-0.0049732,-0.0040653,0.99995
-0.036404,0.080008,0.001085,0.008311,-0.0052875,-0.0040368,0.99994
-0.036631,0.080915,0.0015003,0.0086775,-0.0054215,-0.0040255,0.99994
-0.036681,0.080943,0.0017284,0.0090261,-0.0052892,-0.0038942,0.99994
-0.036951,0.081789,0.0021148,0.0092835,-0.0051645,-0.0037922,0.99994
-0.037349,0.083447,0.002719,0.009604,-0.0051649,-0.0036502,0.99993
-0.037581,0.084249,0.003048,0.0098501,-0.0053497,-0.0035763,0.99993
-0.037559,0.084271,0.0031596,0.010025,-0.0057273,-0.0035798,0.99993
-0.037711,0.085049,0.0034283,0.010177,-0.005926,-0.0035825,0.99992
-0.037874,0.085813,0.003676,0.010355,-0.0059983,-0.0036431,0.99992
-0.037989,0.086537,0.0038757,0.010611,-0.0059695,-0.0036693,0.99992
-0.038123,0.087256,0.00408,0.010895,-0.0058079,-0.0037063,0.99992
-0.038193,0.087955,0.0041402,0.011066,-0.0058782,-0.0038049,0.99991
-0.038247,0.088706,0.004227,0.011133,-0.0057876,-0.0039031,0.99991
-0.03829,0.089414,0.0042325,0.011122,-0.0057982,-0.0040357,0.99991
-0.038265,0.090145,0.0043051,0.011103,-0.0059026,-0.0043345,0.99991
-0.03825,0.090773,0.0042717,0.01093,-0.0062031,-0.0046547,0.99991
-0.038188,0.091422,0.0042537,0.010714,-0.0065491,-0.0050064,0.99991
-0.03814,0.091983,0.0041205,0.010279,-0.0068765,-0.0053383,0.99991
-0.038074,0.092608,0.0040109,0.0098353,-0.0071185,-0.0056743,0.99991
-0.038038,0.093204,0.0038583,0.0094596,-0.0071742,-0.0059803,0.99991
-0.038004,0.093816,0.0036878,0.0092033,-0.0070895,-0.0062677,0.99991
-0.03791,0.094366,0.0034665,0.0088777,-0.0068778,-0.0066332,0.99991
-0.037781,0.094882,0.0032557,0.0085943,-0.0067164,-0.0070954,0.99992
-0.037699,0.095372,0.0030563,0.0083682,-0.0066781,-0.0075556,0.99991
-0.037622,0.095815,0.0027973,0.0080103,-0.0067012,-0.0080859,0.99991
-0.037578,0.096201,0.002524,0.0074829,-0.006833,-0.0086797,0.99991
-0.03749,0.096585,0.002196,0.0069178,-0.0070124,-0.009267,0.99991
-0.037411,0.096933,0.0019441,0.0065318,-0.0071682,-0.0097867,0.99991
-0.037292,0.09721,0.0017114,0.0062669,-0.0070877,-0.010159,0.9999
-0.037255,0.097449,0.0016366,0.0062786,-0.0067542,-0.010526,0.9999
-0.037214,0.097723,0.0015608,0.0063271,-0.0062836,-0.010818,0.9999
-0.037281,0.09801,0.0015491,0.0065732,-0.0058706,-0.010953,0.9999
-0.037359,0.098331,0.0015307,0.006785,-0.0055882,-0.011115,0.9999
-0.03745,0.098717,0.0015204,0.0069274,-0.0054027,-0.011226,0.9999
-0.03759,0.099095,0.0014224,0.0068044,-0.0051608,-0.011315,0.9999
-0.037665,0.099397,0.001145,0.0064644,-0.0049899,-0.011466,0.9999
-0.03766,0.099676,0.00088488,0.0060804,-0.0048644,-0.011648,0.9999
-0.037544,0.099959,0.00053348,0.0056256,-0.0049317,-0.011907,0.9999
-0.037376,0.10021,0.00019082,0.0050987,-0.005177,-0.012187,0.9999
-0.037193,0.10044,-0.00019836,0.0045209,-0.0053014,-0.012431,0.9999
-0.037092,0.10065,-0.00052345,0.0040782,-0.0054476,-0.012638,0.9999
-0.036984,0.10085,-0.00079999,0.0037305,-0.0056695,-0.012851,0.99989
-0.036861,0.10098,-0.0010155,0.0034548,-0.0060121,-0.012938,0.99989
-0.036738,0.10113,-0.0012387,0.0030949,-0.006454,-0.013097,0.99989
-0.036606,0.10131,-0.0014643,0.0026585,-0.0069011,-0.013163,0.99989
-0.036461,0.10144,-0.0017178,0.0022503,-0.0072155,-0.013238,0.99988
-0.036386,0.10158,-0.0019689,0.0018067,-0.0072722,-0.013365,0.99988
-0.036323,0.10171,-0.0021864,0.0013678,-0.0070174,-0.013502,0.99988
-0.036307,0.10185,-0.0023927,0.0010583,-0.0067075,-0.013616,0.99988
-0.036288,0.10195,-0.002603,0.00083823,-0.0063961,-0.013747,0.99988
-0.036299,0.10207,-0.0026632,0.00071851,-0.0062375,-0.01387,0.99988
-0.036346,0.10213,-0.0026966,0.0004357,-0.0061897,-0.014019,0.99988
-0.036409,0.10218,-0.0027743,0.00012474,-0.0062746,-0.014157,0.99988
-0.036436,0.10223,-0.0028151,-3.5186e-05,-0.0064686,-0.014216,0.99988
-0.036462,0.10229,-0.0027885,-0.00014993,-0.0067068,-0.014325,0.99987
-0.036548,0.1024,-0.002732,-0.0001403,-0.0067921,-0.014321,0.99987
-0.036591,0.10247,-0.002654,-4.6321e-05,-0.0067782,-0.014244,0.99988
-0.036668,0.10256,-0.0025524,0.00017942,-0.0067029,-0.014097,0.99988
-0.036692,0.10263,-0.0024059,0.00036088,-0.0066731,-0.013983,0.99988
-0.036672,0.10274,-0.0022612,0.00060364,-0.0067747,-0.013875,0.99988
-0.036654,0.10285,-0.0021148,0.00087542,-0.0068331,-0.013859,0.99988
-0.036653,0.10298,-0.002006,0.0011126,-0.0070222,-0.01387,0.99988
-0.036621,0.10314,-0.0018681,0.0013765,-0.0071745,-0.014021,0.99988
-0.036577,0.10322,-0.0018203,0.0014226,-0.0073081,-0.014151,0.99987
-0.036446,0.10331,-0.0017293,0.0013577,-0.0072789,-0.01432,0.99987
-0.036305,0.10339,-0.001649,0.0013379,-0.0072937,-0.014537,0.99987
-0.036172,0.10347,-0.0015697,0.0014153,-0.007378,-0.014713,0.99986
-0.036038,0.1036,-0.0014431,0.0016061,-0.00732,-0.014907,0.99986
-0.035897,0.10372,-0.0012841,0.0017775,-0.0070913,-0.01511,0.99986
-0.03582,0.10384,-0.0011277,0.0019458,-0.0067794,-0.015279,0.99986
-0.035704,0.10399,-0.00095531,0.0021574,-0.006497,-0.015442,0.99986
-0.035608,0.10412,-0.00078731,0.0023827,-0.0063082,-0.015609,0.99986
-0.035424,0.10424,-0.00060576,0.0025638,-0.0061649,-0.015807,0.99985
-0.035301,0.1044,-0.00046846,0.0027546,-0.0061068,-0.016002,0.99985
-0.035166,0.10448,-0.00032994,0.0028104,-0.0060267,-0.016233,0.99985
-0.03508,0.10455,-0.0002088,0.0028588,-0.0058552,-0.01642,0.99984
-0.034986,0.10458,-0.00012371,0.0029524,-0.0057277,-0.016657,0.99984
-0.034855,0.10456,-8.2178e-05,0.0030957,-0.0056318,-0.01685,0.99984
-0.034836,0.10452,4.4097e-05,0.0033321,-0.0054324,-0.016884,0.99984
-0.03482,0.10443,0.00016818,0.0035428,-0.0050604,-0.016966,0.99984
-0.034868,0.10435,0.00027566,0.0034969,-0.0046278,-0.01694,0.99984
-0.03497,0.10425,0.00039273,0.0035546,-0.0042665,-0.016833,0.99984
-0.035038,0.10418,0.00058884,0.0037231,-0.0040682,-0.016688,0.99985
-0.035107,0.10412,0.00081415,0.0040365,-0.003977,-0.016503,0.99985
-0.035204,0.10403,0.00099977,0.0043183,-0.0039353,-0.016274,0.99985
-0.035266,0.10394,0.0010859,0.0044234,-0.0039108,-0.016065,0.99985
-0.035295,0.10385,0.0011539,0.0044312,-0.003817,-0.015898,0.99986
-0.035325,0.10375,0.0011754,0.0044777,-0.0037653,-0.015819,0.99986
-0.03528,0.10358,0.0011232,0.0044777,-0.0037653,-0.015819,0.99986
-0.035211,0.10335,0.0010155,0.0044021,-0.0038602,-0.015806,0.99986
-0.035162,0.10312,0.00084952,0.0043469,-0.0042151,-0.015867,0.99986
-0.03515,0.10287,0.00065214,0.0042321,-0.0044533,-0.015975,0.99985
-0.035079,0.10257,0.00045751,0.0040335,-0.0043063,-0.016051,0.99985
-0.035004,0.10224,0.00027316,0.0038093,-0.0039867,-0.016174,0.99985
-0.035009,0.1019,8.8353e-05,0.0036854,-0.0036553,-0.016181,0.99986
-0.035009,0.10153,-7.9629e-05,0.0036491,-0.0033079,-0.016151,0.99986
-0.034966,0.10115,-0.00019929,0.0035935,-0.003089,-0.016025,0.99986
-0.035002,0.10078,-0.00030557,0.0036109,-0.0030805,-0.015854,0.99986
-0.035031,0.10039,-0.0004193,0.0036477,-0.0032424,-0.015675,0.99987
-0.035079,0.099958,-0.00055724,0.0036965,-0.0034833,-0.015445,0.99987
-0.035151,0.099553,-0.00070189,0.0036553,-0.0037465,-0.0153,0.99987
-0.035185,0.099097,-0.00086782,0.0035981,-0.0039223,-0.015198,0.99987
-0.035128,0.098669,-0.00098465,0.0034301,-0.0039352,-0.015133,0.99987
-0.035106,0.098243,-0.0011678,0.0032596,-0.0039545,-0.015116,0.99987
-0.034987,0.097804,-0.0013447,0.0031269,-0.0039263,-0.015105,0.99987
-0.034847,0.097342,-0.001484,0.0030794,-0.0038884,-0.015102,0.99987
-0.034649,0.096882,-0.0016518,0.0030698,-0.0038032,-0.015106,0.99987
-0.034488,0.096393,-0.001849,0.0030127,-0.0036801,-0.015108,0.99987
-0.034311,0.095887,-0.0020177,0.0029114,-0.0036024,-0.015142,0.99987
-0.034198,0.095353,-0.0022062,0.0027811,-0.0035679,-0.015084,0.99988
-0.034102,0.094842,-0.0023974,0.0025792,-0.0036366,-0.015021,0.99988
-0.034021,0.094321,-0.0026104,0.0023235,-0.0036655,-0.014995,0.99988
-0.033975,0.093812,-0.0028113,0.0019471,-0.0037451,-0.014906,0.99988
-0.033901,0.093271,-0.0030049,0.0014855,-0.0038343,-0.014809,0.99988
-0.033748,0.092729,-0.0031928,0.0010312,-0.0040151,-0.014754,0.99988
-0.033586,0.092176,-0.0033077,0.00071833,-0.0042198,-0.014626,0.99988
-0.033471,0.091624,-0.0033869,0.00046265,-0.0042487,-0.014599,0.99988
-0.03342,0.091041,-0.0034624,0.00020835,-0.0041816,-0.014445,0.99989
-0.033352,0.090474,-0.0034569,4.9036e-05,-0.0038913,-0.014399,0.99989
-0.033309,0.089902,-0.0033743,6.8922e-05,-0.0035775,-0.014286,0.99989
-0.033215,0.089362,-0.0032335,0.00024723,-0.0034645,-0.014137,0.99989
-0.033185,0.088817,-0.0030827,0.00052357,-0.0035102,-0.014027,0.9999
-0.033121,0.088298,-0.0029003,0.00086119,-0.0036875,-0.013923,0.9999
-0.033002,0.087797,-0.0027103,0.0011514,-0.0038269,-0.013818,0.9999
-0.03295,0.087281,-0.0025389,0.0013683,-0.003756,-0.013757,0.9999
-0.032908,0.086786,-0.0024251,0.0015596,-0.0035124,-0.013742,0.9999
-0.03278,0.086261,-0.0023049,0.0016546,-0.0032891,-0.013851,0.9999
-0.032642,0.085675,-0.0022375,0.0017109,-0.0030237,-0.013872,0.9999
-0.032552,0.085136,-0.0021198,0.001862,-0.002834,-0.013898,0.9999
-0.032402,0.084577,-0.0019916,0.0021017,-0.0027177,-0.013967,0.9999
-0.032358,0.084039,-0.0018812,0.0024684,-0.0025529,-0.01406,0.99989
-0.0323,0.083517,-0.0017464,0.00293,-0.0024638,-0.014157,0.99989
-0.032198,0.083017,-0.0016058,0.0033305,-0.002243,-0.014248,0.99989
-0.032014,0.082549,-0.0014648,0.0035645,-0.00205,-0.014329,0.99989
-0.031877,0.082084,-0.0014151,0.0036144,-0.0017825,-0.014389,0.99989
-0.031689,0.081658,-0.0013604,0.003579,-0.0015246,-0.01444,0.99989
-0.031436,0.081222,-0.0013478,0.003473,-0.0014597,-0.014567,0.99989
-0.031173,0.080756,-0.0013576,0.0034371,-0.0016861,-0.014723,0.99988
-0.030876,0.080286,-0.0013788,0.0034085,-0.0020043,-0.014922,0.99988
-0.030599,0.079779,-0.0014449,0.0034346,-0.0024518,-0.015166,0.99988
-0.030307,0.079283,-0.0014756,0.0035267,-0.0027193,-0.015427,0.99987
-0.030043,0.078725,-0.0015638,0.0036346,-0.0026643,-0.015566,0.99987
-0.029728,0.07817,-0.0015868,0.0038512,-0.0024799,-0.015818,0.99986
-0.029459,0.077647,-0.0015999,0.0039655,-0.0021282,-0.016023,0.99986
-0.029125,0.077125,-0.0016054,0.0040896,-0.0018617,-0.016223,0.99986
-0.028783,0.076682,-0.0015423,0.0041453,-0.0017818,-0.016454,0.99985
-0.028435,0.076218,-0.0014189,0.0041763,-0.0019176,-0.016708,0.99985
-0.028153,0.075721,-0.0013911,0.0041854,-0.0021883,-0.016913,0.99985
-0.02786,0.075234,-0.0013304,0.0041922,-0.0024653,-0.017165,0.99984
-0.027601,0.074762,-0.0012763,0.0042682,-0.0026454,-0.017469,0.99983
-0.02733,0.074261,-0.0011642,0.0046004,-0.0026111,-0.017589,0.99983
-0.026997,0.073809,-0.0010442,0.004845,-0.0025929,-0.017748,0.99983
-0.026745,0.073329,-0.0009061,0.0052712,-0.0025448,-0.017792,0.99982
-0.026393,0.07285,-0.00075166,0.0056888,-0.0025009,-0.017922,0.99982
-0.026039,0.072354,-0.0006628,0.0061222,-0.0025444,-0.018008,0.99982
-0.025689,0.071813,-0.00054988,0.0063739,-0.0026178,-0.018209,0.99981
-0.02539,0.071235,-0.00049234,0.006622,-0.0026827,-0.018403,0.99981
-0.025097,0.070609,-0.00044934,0.0067567,-0.002591,-0.01868,0.9998
-0.024804,0.069975,-0.00046181,0.0066893,-0.0025681,-0.018896,0.9998
-0.024476,0.06933,-0.00047607,0.0067572,-0.002567,-0.019075,0.99979
-0.024141,0.06871,-0.00042896,0.0069542,-0.002511,-0.019231,0.99979
-0.023901,0.068141,-0.00037901,0.007238,-0.0023494,-0.019268,0.99979
-0.023609,0.067535,-0.00034758,0.0074841,-0.0022353,-0.019299,0.99978
-0.023306,0.066948,-0.00029248,0.007674,-0.0020876,-0.019412,0.99978
-0.023065,0.06638,-0.00030013,0.0076459,-0.0019214,-0.019506,0.99978
-0.022811,0.065799,-0.00035884,0.0074861,-0.0018165,-0.019669,0.99978
-0.022535,0.06517,-0.00043465,0.0073579,-0.001662,-0.019878,0.99977
-0.02233,0.064578,-0.00052153,0.0072895,-0.0015496,-0.020012,0.99977
-0.022148,0.063967,-0.00055088,0.0073405,-0.0013716,-0.020153,0.99977
-0.021952,0.063385,-0.00059208,0.0073502,-0.0011579,-0.020253,0.99977
-0.021744,0.062777,-0.00060127,0.0074073,-0.00098209,-0.020355,0.99976
-0.021525,0.06218,-0.00062793,0.0074451,-0.00093466,-0.020362,0.99976
-0.021348,0.061589,-0.00069012,0.0074548,-0.0010199,-0.020358,0.99976
-0.021183,0.061021,-0.00070329,0.0074548,-0.0010199,-0.020358,0.99976
-0.020977,0.060496,-0.00070011,0.0074548,-0.0010199,-0.020358,0.99976
-0.020823,0.059945,-0.00072919,0.0074609,-0.0010221,-0.020319,0.99977
-0.020703,0.059364,-0.00075373,0.00754,-0.0010103,-0.020367,0.99976
-0.020555,0.05879,-0.00070744,0.0075937,-0.0010503,-0.02033,0.99976
-0.020387,0.058203,-0.00074086,0.0074548,-0.0010199,-0.020358,0.99976
-0.020211,0.057584,-0.0007446,0.0073864,-0.00090757,-0.020491,0.99976
-0.020026,0.056969,-0.00072043,0.0073241,-0.00087181,-0.020613,0.99976
-0.019833,0.056354,-0.00069571,0.0073981,-0.00087289,-0.020754,0.99976
-0.019595,0.055756,-0.00062028,0.0074562,-0.00078652,-0.020938,0.99975
-0.019383,0.05511,-0.00063209,0.0074853,-0.00074334,-0.02103,0.99975
-0.019149,0.05448,-0.00064867,0.007618,-0.0007715,-0.021041,0.99975
-0.018876,0.053822,-0.00063104,0.0077508,-0.00079967,-0.021052,0.99975
-0.018666,0.05319,-0.00060601,0.0078432,-0.00088173,-0.021103,0.99975
-0.018379,0.052529,-0.0006351,0.0078891,-0.0010155,-0.021234,0.99974
-0.018128,0.051873,-0.00059141,0.0079192,-0.0010618,-0.021407,0.99974
-0.017834,0.051252,-0.00056887,0.0079968,-0.0011459,-0.021582,0.99973
-0.017531,0.050647,-0.00054842,0.0080815,-0.0013217,-0.021801,0.99973
-0.017145,0.050019,-0.00050378,0.0082014,-0.0014565,-0.022072,0.99972
-0.016755,0.049427,-0.00044722,0.0083627,-0.0016269,-0.022384,0.99971
-0.016315,0.048834,-0.00037927,0.0085715,-0.0018351,-0.022699,0.9997
-0.015879,0.048225,-0.00035029,0.0087609,-0.0018728,-0.023021,0.99969
-0.015473,0.047651,-0.0003657,0.0088394,-0.0017476,-0.023382,0.99969
-0.015079,0.047064,-0.0003749,0.0088133,-0.0014614,-0.023743,0.99968
-0.014679,0.046474,-0.00040296,0.0087397,-0.0011375,-0.0241,0.99967
-0.014291,0.045894,-0.00044079,0.0085589,-0.00095807,-0.0244,0.99967
-0.013933,0.045349,-0.00048999,0.0084292,-0.00089947,-0.024737,0.99966
-0.013558,0.044821,-0.00050403,0.0082801,-0.00096929,-0.024978,0.99965
-0.013269,0.044312,-0.00048021,0.008081,-0.0010078,-0.025263,0.99965
-0.012967,0.043828,-0.00045609,0.0079477,-0.001165,-0.025461,0.99964
-0.012708,0.043319,-0.00037567,0.008035,-0.0013344,-0.025632,0.99964
-0.012425,0.042821,-0.00030369,0.0082137,-0.0014963,-0.025774,0.99963
-0.012188,0.042287,-0.00017175,0.0085046,-0.0014264,-0.025853,0.99963
-0.011932,0.041755,-1.069e-05,0.0087446,-0.0013101,-0.025923,0.99962
-0.011748,0.041201,0.00018172,0.0089395,-0.0010751,-0.025916,0.99962
-0.011598,0.040663,0.000367,0.009254,-0.00077439,-0.025917,0.99962
-0.011495,0.040075,0.00052855,0.0095465,-0.00060858,-0.025868,0.99962
-0.011423,0.039524,0.00073217,0.0098864,-0.00048056,-0.025822,0.99962
-0.011355,0.038996,0.00090131,0.010106,-0.00040313,-0.025714,0.99962
-0.011263,0.038473,0.0010852,0.010228,-0.00025659,-0.025648,0.99962
-0.011134,0.038018,0.0012072,0.01024,-3.6461e-05,-0.025702,0.99962
-0.011065,0.037516,0.001277,0.010183,8.6559e-05,-0.025703,0.99962
-0.010951,0.037053,0.0013757,0.010268,9.6196e-05,-0.025712,0.99962
-0.010802,0.036502,0.0014385,0.010398,6.1541e-05,-0.02577,0.99961
-0.010766,0.035916,0.0014853,0.010521,0.00011861,-0.025785,0.99961
-0.010705,0.035354,0.0015437,0.010657,0.00039582,-0.025854,0.99961
-0.010628,0.034723,0.0016042,0.010798,0.00067075,-0.025884,0.99961
-0.010595,0.034139,0.0016989,0.011028,0.0008724,-0.025957,0.9996
-0.010496,0.033533,0.0017811,0.011028,0.0008724,-0.025957,0.9996
-0.010424,0.032972,0.0019709,0.011489,0.0010509,-0.025973,0.9996
-0.010289,0.032395,0.0020711,0.011678,0.00098925,-0.025901,0.9996
-0.010379,0.032402,0.0021622,0.011772,0.0010031,-0.025824,0.9996
-0.010145,0.03138,0.0021766,0.011772,0.0010031,-0.025824,0.9996
-0.010005,0.03089,0.0022355,0.011851,0.0013139,-0.025976,0.99959
-0.0098432,0.030363,0.0022101,0.011852,0.0015233,-0.026161,0.99959
-0.0097211,0.029833,0.0021431,0.011759,0.0017188,-0.026423,0.99958
-0.0095353,0.029293,0.0020076,0.011759,0.0017188,-0.026423,0.99958
-0.0093285,0.028728,0.0018809,0.0116,0.0020331,-0.026772,0.99957
-0.0090969,0.028065,0.001728,0.011589,0.0022316,-0.027089,0.99956
-0.0088165,0.027466,0.0016302,0.011585,0.002354,-0.027395,0.99955
-0.0085378,0.026846,0.0015284,0.011565,0.0023389,-0.027612,0.99955
-0.0083137,0.02629,0.001389,0.011369,0.0023069,-0.027851,0.99954
-0.0080501,0.025751,0.0012707,0.011229,0.0022414,-0.028006,0.99954
-0.0078208,0.02528,0.0011642,0.011179,0.0021832,-0.028132,0.99954
-0.0075641,0.024839,0.0010409,0.011207,0.0021304,-0.028351,0.99953
-0.0072893,0.024399,0.00084874,0.011329,0.002002,-0.028576,0.99953
-0.0070395,0.023972,0.0006893,0.011246,0.0021123,-0.028834,0.99952
-0.0067804,0.023548,0.00052652,0.011052,0.0023857,-0.02913,0.99951
-0.0065227,0.023126,0.00035257,0.010865,0.0025674,-0.029468,0.9995
-0.006247,0.022721,0.00014357,0.010571,0.0026044,-0.029748,0.9995
-0.0060473,0.022721,3.0856e-05,0.010281,0.0025585,-0.030063,0.99949
-0.0057381,0.022288,-0.00016029,0.0099778,0.0022925,-0.030325,0.99949
-0.0055198,0.021902,-0.00031737,0.0096215,0.0020666,-0.030624,0.99948
-0.0054603,0.021509,-0.00042857,0.0093274,0.0018048,-0.0308,0.99948
-0.0052852,0.021073,-0.00060437,0.0091942,0.0016475,-0.030998,0.99948
-0.0050864,0.020639,-0.00091857,0.0090282,0.0017547,-0.0312,0.99947
-0.0050141,0.020253,-0.0011055,0.00895,0.0019521,-0.031338,0.99947
-0.0049939,0.019859,-0.0011335,0.0089051,0.0022953,-0.031393,0.99946
-0.0050186,0.019516,-0.0013175,0.0088601,0.0026384,-0.031448,0.99946
-0.0049934,0.019163,-0.0014427,0.0088627,0.0029439,-0.031505,0.99946
-0.0049518,0.018802,-0.0016757,0.0087115,0.003053,-0.031583,0.99946
-0.0049789,0.018438,-0.001775,0.0086237,0.0030367,-0.031621,0.99946
-0.0050358,0.018108,-0.001899,0.0084006,0.0029681,-0.031721,0.99946
-0.005119,0.017747,-0.0020734,0.0080887,0.0029728,-0.031778,0.99946
-0.0051378,0.017428,-0.0023437,0.0079095,0.0029492,-0.031846,0.99946
-0.0052024,0.017112,-0.0024625,0.0079095,0.0029492,-0.031846,0.99946
-0.0052828,0.016763,-0.0025868,0.0078998,0.0030344,-0.031849,0.99946
-0.0053182,0.016459,-0.0026253,0.0078829,0.0032115,-0.031811,0.99946
-0.005398,0.016142,-0.0027421,0.0078247,0.0034238,-0.031731,0.99946
-0.0054628,0.015847,-0.0028649,0.0078553,0.0035631,-0.031695,0.99946
-0.0055778,0.015565,-0.0029852,0.0078824,0.0037851,-0.031624,0.99946
-0.005687,0.015301,-0.0030921,0.007818,0.0039999,-0.031584,0.99946
-0.0057102,0.015088,-0.00315,0.0076281,0.004151,-0.031574,0.99946
-0.0058136,0.014933,-0.0032057,0.0075357,0.0042332,-0.031523,0.99947
-0.0058303,0.014829,-0.0032407,0.0075832,0.0041954,-0.031525,0.99947
-0.0057927,0.014719,-0.0032791,0.0077134,0.0041606,-0.031583,0.99946
-0.0057863,0.014631,-0.003286,0.0078849,0.0040905,-0.031682,0.99946
-0.0057823,0.014529,-0.0032956,0.007914,0.0041337,-0.031774,0.99946
-0.005729,0.014453,-0.003362,0.0079308,0.0042554,-0.031916,0.99945
-0.0056356,0.014447,-0.003358,0.0079634,0.0042159,-0.032043,0.99945
-0.0055719,0.014385,-0.0033907,0.0079522,0.004205,-0.032174,0.99944
-0.0056072,0.014345,-0.0034274,0.0078863,0.0043238,-0.032261,0.99944
-0.0056281,0.014359,-0.003459,0.0077377,0.0044395,-0.032293,0.99944
-0.0057347,0.014347,-0.0034893,0.0077183,0.0046099,-0.032301,0.99944
-0.0057822,0.014364,-0.0035088,0.007683,0.0048679,-0.032352,0.99944
-0.0058369,0.014405,-0.0034716,0.0076723,0.0050425,-0.032275,0.99944
-0.0058806,0.014401,-0.0034296,0.0077091,0.0051793,-0.0322,0.99944
-0.0059305,0.014437,-0.0034097,0.0078433,0.0052472,-0.032083,0.99944
-0.0059709,0.014526,-0.0032909,0.0080225,0.0052708,-0.032016,0.99944
-0.0061834,0.014608,-0.003208,0.0081542,0.005332,-0.031945,0.99944
-0.006269,0.01466,-0.003162,0.0083457,0.0052771,-0.031827,0.99944
-0.0063717,0.014717,-0.0031166,0.0084397,0.0052909,-0.031751,0.99945
-0.0064379,0.014798,-0.0031366,0.0084458,0.0052884,-0.031712,0.99945
-0.006534,0.014785,-0.0030482,0.0084933,0.0052507,-0.031714,0.99945
-0.0066189,0.014803,-0.0030001,0.0084642,0.0052075,-0.031622,0.99945
-0.0067404,0.014802,-0.0029713,0.0084571,0.0052994,-0.03158,0.99945
-0.0068066,0.014802,-0.0028941,0.0084938,0.0054362,-0.031505,0.99945
-0.0068292,0.014804,-0.002858,0.0086756,0.0054664,-0.031391,0.99945
-0.0069003,0.014814,-0.0027674,0.0089461,0.005497,-0.031293,0.99946
-0.0071202,0.014875,-0.00262,0.0091269,0.0056166,-0.031097,0.99946
-0.007224,0.014908,-0.0025264,0.0093525,0.0056918,-0.030951,0.99946
-0.0073023,0.014987,-0.0024207,0.0095378,0.0057128,-0.030844,0.99946
-0.0073442,0.015033,-0.0024091,0.0096441,0.0056482,-0.030717,0.99947
-0.0073947,0.015111,-0.0022824,0.0096609,0.0054711,-0.030755,0.99947
-0.0073983,0.015122,-0.0022619,0.0096803,0.0053008,-0.030747,0.99947
-0.0074043,0.015159,-0.0022383,0.0096901,0.0052156,-0.030743,0.99947
-0.0073967,0.015153,-0.002212,0.0096901,0.0052156,-0.030743,0.99947
-0.0074246,0.015152,-0.0021973,0.0098034,0.0053578,-0.030762,0.99946
-0.007425,0.015159,-0.0021648,0.0099484,0.00555,-0.030827,0.99946
-0.0074381,0.015164,-0.0021566,0.010144,0.0056952,-0.030902,0.99945
-0.0074413,0.015189,-0.0021324,0.01021,0.0058752,-0.030918,0.99945
-0.007455,0.015145,-0.0021432,0.010185,0.006048,-0.030965,0.99945
-0.0075046,0.015141,-0.0021766,0.010092,0.0061303,-0.030914,0.99945
-0.0075358,0.015139,-0.0022418,0.0099278,0.0061084,-0.030857,0.99946
-0.0075622,0.015093,-0.0023214,0.009767,0.006004,-0.030836,0.99946
-0.0076004,0.015037,-0.002418,0.0096915,0.0059091,-0.030823,0.99946
-0.0076466,0.014997,-0.0025413,0.0096257,0.0057291,-0.030806,0.99946
-0.0076482,0.014961,-0.0026471,0.0094833,0.0055437,-0.030695,0.99947
-0.0077122,0.014938,-0.0027397,0.0093874,0.0054099,-0.030505,0.99948
-0.0077471,0.014926,-0.0028114,0.0094129,0.005237,-0.030458,0.99948
-0.0078048,0.014923,-0.00288,0.0094216,0.0052412,-0.030372,0.99948
-0.0078059,0.014894,-0.0029221,0.0094144,0.0053331,-0.03033,0.99948
-0.007809,0.014861,-0.0029252,0.0093475,0.0055412,-0.030336,0.99948
-0.0077893,0.014842,-0.0029134,0.0093378,0.0056264,-0.03034,0.99948
-0.0077935,0.014795,-0.0029562,0.0092842,0.0056666,-0.030376,0.99948
-0.0077848,0.0148,-0.0029264,0.0092842,0.0056666,-0.030376,0.99948
-0.0077768,0.014816,-0.0029179,0.0093098,0.0054938,-0.030329,0.99948
-0.0077805,0.014877,-0.0028904,0.009367,0.0053709,-0.030328,0.99948
-0.0077876,0.014944,-0.0028602,0.009367,0.0053709,-0.030328,0.99948
-0.0077999,0.01503,-0.0028322,0.009367,0.0053709,-0.030328,0.99948
-0.0078312,0.015103,-0.0028142,0.0094609,0.0053847,-0.030251,0.99948
-0.0078062,0.015214,-0.0027528,0.0096789,0.0053663,-0.030271,0.99948
-0.0077848,0.015314,-0.0026543,0.0097922,0.0055085,-0.030291,0.99948
-0.0077095,0.015371,-0.0025855,0.009735,0.0056314,-0.030292,0.99948
-0.0076812,0.015439,-0.0024852,0.0097825,0.0055937,-0.030294,0.99948
-0.0076126,0.015522,-0.0023724,0.0099249,0.0054804,-0.030302,0.99948
-0.0075519,0.015624,-0.0022441,0.010065,0.0053604,-0.030355,0.99947
-0.0075029,0.015725,-0.0021335,0.010188,0.0054175,-0.030371,0.99947
-0.0074435,0.01586,-0.0020415,0.010248,0.0056,-0.030427,0.99947
-0.0074381,0.016004,-0.001927,0.010371,0.0056571,-0.030442,0.99947
-0.0073613,0.016112,-0.0018337,0.010633,0.0055941,-0.030511,0.99946
-0.0073087,0.016257,-0.0016911,0.010871,0.0054053,-0.030523,0.99946
-0.0072102,0.016366,-0.00161,0.011013,0.005292,-0.03053,0.99946
-0.0071383,0.016435,-0.0015301,0.011077,0.0051666,-0.030489,0.99946
-0.0070371,0.016452,-0.0015091,0.011002,0.0049824,-0.030558,0.99946
-0.0069324,0.016478,-0.0014877,0.010896,0.0047483,-0.030581,0.99946
-0.0068842,0.016511,-0.0014474,0.010751,0.0045561,-0.030516,0.99947
-0.0067973,0.016535,-0.0014179,0.010675,0.0044613,-0.030504,0.99947
-0.0067231,0.016608,-0.0013916,0.010675,0.0044613,-0.030504,0.99947
-0.00664,0.016648,-0.0013216,0.010763,0.0044776,-0.030466,0.99947
-0.006599,0.016712,-0.0012308,0.010942,0.0045011,-0.030398,0.99947
-0.0065498,0.016768,-0.0011617,0.011074,0.0045624,-0.030328,0.99947
-0.006524,0.016877,-0.0010735,0.011251,0.0045793,-0.030307,0.99947
-0.0064778,0.01694,-0.0009639,0.011434,0.0045201,-0.030274,0.99947
-0.0064488,0.017023,-0.00080028,0.011639,0.0042813,-0.030241,0.99947
-0.0064122,0.017096,-0.00071034,0.011753,0.0041248,-0.030156,0.99947
-0.0063883,0.017155,-0.0006289,0.011854,0.0040468,-0.030122,0.99947
-0.0063486,0.017217,-0.00052705,0.011938,0.0041459,-0.030049,0.99947
-0.0064115,0.017314,-0.00048747,0.01194,0.004242,-0.029922,0.99947
-0.006385,0.017386,-0.00043907,0.011885,0.0043716,-0.029877,0.99947
-0.0063471,0.017483,-0.00044713,0.0118,0.0043619,-0.029868,0.99947
-0.0063656,0.01754,-0.00048668,0.011762,0.0043145,-0.029862,0.99948
-0.0063026,0.017618,-0.00048479,0.011702,0.004132,-0.029806,0.99948
-0.0062707,0.017709,-0.00047427,0.0117,0.0038266,-0.029748,0.99948
-0.0062496,0.017748,-0.00051368,0.01169,0.003613,-0.029648,0.99949
-0.0062053,0.01782,-0.00049513,0.011633,0.0034372,-0.029546,0.99949
-0.0061584,0.017898,-0.00050897,0.011661,0.0032711,-0.029453,0.99949
-0.006099,0.017965,-0.00052728,0.011604,0.0030952,-0.02935,0.9995
-0.0060761,0.018053,-0.00050628,0.011575,0.003052,-0.029259,0.9995
-0.0060013,0.018137,-0.00041847,0.011641,0.0029333,-0.029172,0.9995
-0.0058964,0.018206,-0.00036347,0.011619,0.0027983,-0.029122,0.9995
-0.0059606,0.018294,-0.00030593,0.011685,0.0026795,-0.029035,0.99951
-0.0060052,0.018375,-0.0002334,0.011798,0.002523,-0.028951,0.99951
-0.0060501,0.018457,-0.00017802,0.011892,0.0025369,-0.028874,0.99951
-0.0061642,0.018549,-8.1794e-05,0.012014,0.0026833,-0.028808,0.99951