0,0,0,-9.8131e-18,-1.1102e-16,6.8692e-17,1
5.3527e-05,1.5035e-05,-4.6569e-06,-1.6943e-05,0.00016981,-5.0312e-05,1
0.00014993,-3.0043e-05,-7.1716e-07,-6.3257e-05,0.00020937,-5.2252e-05,1
0.000205,-9.3128e-06,4.2935e-06,-2.3697e-05,0.00025568,-5.5687e-05,1
0.00026349,-4.9043e-05,1.0184e-05,2.4557e-05,0.00021268,-0.00010006,1
0.00035629,-9.3042e-05,-8.8479e-06,0.00011569,0.00012819,-0.00018205,1
0.00044198,-0.00013599,-1.4643e-05,0.00010744,0.00020869,-0.0002733,1
0.00054491,-0.00014839,-2.7194e-05,9.9195e-05,0.00028918,-0.00036455,1
0.00065,-0.00022155,-0.00011,5.8142e-05,0.0002375,-0.00044699,1
0.00069395,-0.00027949,-0.00016846,-1.9036e-05,0.00014143,-0.00048641,1
0.0007752,-0.00029562,-0.00024021,-0.00013771,2.4921e-06,-0.0004761,1
0.00078096,-0.00033773,-0.00030084,-0.00022553,-8.2702e-07,-0.00042831,1
0.00076325,-0.00037646,-0.00036439,-0.00035472,4.2728e-05,-0.00025701,1
0.00073271,-0.00037919,-0.00040542,-0.00036868,0.00022329,-0.00013558,1
0.00071152,-0.00040809,-0.00041452,-0.0003792,0.00040578,2.541e-05,1
0.00070178,-0.0004308,-0.00039626,-0.00030384,0.00059502,0.00018491,1
0.00071941,-0.00050076,-0.00035487,-0.00019568,0.00091643,0.00033559,1
0.00068134,-0.0005126,-0.00030255,-8.4215e-05,0.0011501,0.00045211,1
0.00076539,-0.0005476,-0.00031197,-1.5169e-05,0.0014163,0.00047402,1
0.00080193,-0.00059564,-0.00030054,0.00014113,0.0016051,0.00050662,1
0.00084375,-0.00062623,-0.00026343,0.00017393,0.0017373,0.00049781,1
0.00085803,-0.00061763,-0.00023165,0.00017393,0.0017373,0.00049781,1
0.00087702,-0.00060621,-0.00020481,0.00018744,0.0015655,0.00050856,1
0.00089651,-0.00058226,-0.00016597,0.00012526,0.001303,0.00056572,1
0.00092598,-0.00052001,-0.00016308,5.9651e-05,0.0010387,0.00058334,1
0.00090026,-0.00048181,-0.00016087,-2.1406e-05,0.00094953,0.00063654,1
0.00089934,-0.00043962,-0.00012762,-2.1406e-05,0.00094953,0.00063654,1
0.00094755,-0.00043587,-6.2323e-05,6.6405e-05,0.00095282,0.00058871,1
0.00097606,-0.00039683,2.437e-05,0.00015903,0.00087371,0.0005926,1
0.0010407,-0.00036341,0.00015839,0.00028297,0.00092141,0.00050181,1
0.001052,-0.00030906,0.00028378,0.00031954,0.00095699,0.00032664,1
0.0010312,-0.00028148,0.0003299,0.0003991,0.0010408,0.00018758,1
0.0010426,-0.00025366,0.00041057,0.00042216,0.0012481,1.6503e-06,1
0.0010198,-0.0001873,0.00047704,0.00057067,0.0015085,-0.00018921,1
0.0010599,-0.00012167,0.00058638,0.00072933,0.0016849,-0.00033513,1
0.0010309,-7.9601e-05,0.00064504,0.00089284,0.0017789,-0.00042937,1
0.0010117,-5.553e-05,0.00066802,0.0010646,0.0017924,-0.00043236,1
0.00097471,-3.0904e-05,0.00063184,0.0010578,0.0018783,-0.00043773,1
0.0009553,-2.501e-05,0.00058928,0.00091213,0.0020828,-0.00044893,1
0.00088908,-1.8597e-05,0.00052874,0.00072012,0.0023269,-0.00046206,1
0.00088358,-2.0654e-05,0.00051328,0.00062749,0.002406,-0.00046594,1
0.00086053,2.8419e-05,0.00049066,0.00063275,0.0023148,-0.00054643,1
0.0008625,1.2574e-05,0.00049417,0.00067907,0.0022752,-0.0005445,1
0.00082777,2.3924e-05,0.00046911,0.00063275,0.0023148,-0.00054643,1
0.00075577,2.9088e-05,0.00043184,0.00061925,0.0024865,-0.00055718,1
0.00073653,6.3288e-05,0.00042442,0.00064529,0.0027046,-0.00057137,1
0.00074439,7.4746e-06,0.0004309,0.00071575,0.0028866,-0.00053732,1
0.00073309,1.8997e-05,0.00043159,0.00069213,0.0032319,-0.00051924,0.99999
0.00068895,1.0044e-05,0.00034944,0.00049144,0.0035653,-0.00049145,0.99999
0.00061691,-4.421e-05,0.00025308,0.0003868,0.0038215,-0.00042021,0.99999
0.00056388,-3.331e-05,0.00012624,0.00016006,0.003937,-0.00037823,0.99999
0.00051935,-8.5171e-05,-2.5398e-06,-6.3254e-05,0.0040542,-0.00029668,0.99999
0.00046011,-0.00010172,-0.00011517,-0.00033106,0.0041179,-0.00033715,0.99999
0.0004318,-0.00013684,-0.00025721,-0.00064173,0.004223,-0.00033997,0.99999
0.00038284,-0.00011352,-0.00037363,-0.00082218,0.0042989,-0.00029606,0.99999
0.00039773,-0.00012543,-0.00037851,-0.00094611,0.0042512,-0.00020525,0.99999
0.000374,-0.00011218,-0.00036701,-0.00090505,0.0043029,-0.00012282,0.99999
0.00034138,-9.021e-05,-0.00036172,-0.00087422,0.0044386,-8.5319e-05,0.99999
0.00031308,-8.3034e-05,-0.00036463,-0.00080514,0.0047047,-6.3377e-05,0.99999
0.00027525,-0.00012677,-0.0003609,-0.00069322,0.0049296,-7.9057e-05,0.99999
0.00027057,-0.00011641,-0.00035858,-0.00075303,0.0051408,-9.1748e-05,0.99999
0.00026741,-0.00013925,-0.00037685,-0.00084565,0.0052199,-9.5629e-05,0.99999
0.0002547,-0.00013216,-0.00040429,-0.0010261,0.0052958,-5.1707e-05,0.99999
0.00028226,-0.000127,-0.00043437,-0.0012872,0.0052738,-8.6786e-05,0.99999
0.00033321,-5.6466e-05,-0.00043661,-0.0014589,0.0052602,-8.3798e-05,0.99999
0.00036844,-1.9161e-05,-0.00049356,-0.0016291,0.005252,5.0626e-06,0.99998
0.0003877,1.2679e-06,-0.00054092,-0.0017155,0.0052542,0.00013874,0.99998
0.00035337,3.3113e-05,-0.00050201,-0.0015788,0.0052375,0.00039681,0.99998
0.00036668,2.2397e-05,-0.00050145,-0.0013393,0.0050575,0.00070365,0.99999
0.00031707,1.4488e-05,-0.0004861,-0.0011085,0.004967,0.0010514,0.99999
0.00026988,-2.3824e-05,-0.00043779,-0.0009395,0.0050914,0.0014329,0.99999
0.00014415,-0.00011437,-0.00048042,-0.00091815,0.005424,0.0018495,0.99998
8.1935e-05,-0.00014364,-0.0004723,-0.00094488,0.005889,0.0023842,0.99998
5.1375e-05,-0.00014767,-0.00043193,-0.0008625,0.0061138,0.0031052,0.99998
-8.4211e-06,-0.00014542,-0.00039784,-0.00080091,0.0060294,0.0037599,0.99997
-2.761e-05,-0.00013629,-0.00035825,-0.00082819,0.0059276,0.0042444,0.99997
4.5163e-05,-0.00013776,-0.00036021,-0.00094284,0.0058136,0.0046445,0.99997
3.5384e-05,-0.00012586,-0.00035111,-0.0010097,0.0056654,0.0051324,0.99997
3.4557e-05,-0.00011327,-0.0003394,-0.00090328,0.0055362,0.0057032,0.99997
7.0456e-05,-0.00011771,-0.00027214,-0.00062214,0.0054311,0.0064428,0.99996
0.00010941,-0.00016674,-0.00021159,-0.00029996,0.0053777,0.0072648,0.99996
0.00018034,-0.00020051,-0.0001803,-0.00012645,0.0055182,0.0079038,0.99995
0.00029116,-0.00017807,-0.00015271,-0.00015093,0.0058813,0.0081863,0.99995
0.00046409,-0.00016254,-8.7037e-05,-0.00013916,0.0063782,0.0084991,0.99994
0.00061704,-0.00015611,-1.8819e-05,6.1655e-06,0.0067586,0.0088254,0.99994
0.00073848,-0.00014912,7.1197e-05,0.00020994,0.0070115,0.0091515,0.99993
0.00087549,-0.00014749,0.0002149,0.00042571,0.0070874,0.0094026,0.99993
0.001033,-0.00015395,0.00035729,0.00052957,0.0069384,0.0096693,0.99993
0.0012051,-0.00010429,0.00047629,0.00059237,0.0067378,0.0098537,0.99993
0.0013619,-8.3855e-05,0.00058964,0.00052107,0.0065736,0.010084,0.99993
0.0014862,-6.4703e-05,0.00066613,0.00036204,0.0064955,0.010436,0.99992
0.0016465,-1.2705e-05,0.00078861,0.00036266,0.0065189,0.010786,0.99992
0.0017316,4.898e-05,0.00086145,0.00036862,0.0065402,0.01113,0.99992
0.0018663,5.3055e-05,0.0009463,0.00046529,0.0064861,0.011523,0.99991
0.001922,5.8274e-05,0.0010216,0.00055712,0.0065142,0.011865,0.99991
0.0019584,4.3321e-05,0.0010364,0.00056451,0.0064517,0.012221,0.9999
0.0020198,6.2349e-06,0.0010761,0.00053766,0.0063408,0.012573,0.9999
0.0020541,-2.5508e-05,0.0011233,0.00043126,0.0061463,0.013065,0.9999
0.0020385,-5.2742e-05,0.0011214,0.0002318,0.0060398,0.013685,0.99989
0.0020784,-8.6902e-05,0.0011645,-5.536e-05,0.0060194,0.014425,0.99988
0.0020459,-0.00014152,0.0011348,-0.00047709,0.0060444,0.015345,0.99986
0.0020217,-0.00018752,0.0011993,-0.00087025,0.0063071,0.016554,0.99984
0.0018774,-0.00023297,0.0012676,-0.0012589,0.0065858,0.018021,0.99982
0.0017489,-0.00023391,0.0013534,-0.0014671,0.0067885,0.019443,0.99979
0.0016309,-0.00024135,0.0014538,-0.0014603,0.0069546,0.020693,0.99976
0.0015589,-0.00020711,0.0015984,-0.001316,0.0069967,0.021863,0.99974
0.0014235,-0.00019908,0.0017032,-0.0012474,0.0069478,0.023079,0.99971
0.0012717,-0.00021171,0.0017739,-0.001229,0.0069459,0.024387,0.99968
0.001109,-0.00023019,0.0019185,-0.0013774,0.0069372,0.025821,0.99964
0.00096024,-0.00029851,0.0019619,-0.0018374,0.0070516,0.027518,0.99959
0.00079896,-0.00034188,0.0020704,-0.0024801,0.0073438,0.029511,0.99953
0.00067173,-0.00047611,0.0021458,-0.0033845,0.0077209,0.031807,0.99946
0.00054216,-0.00057029,0.0022331,-0.0044241,0.0081202,0.03393,0.99938
0.00048151,-0.0005774,0.0023509,-0.0050177,0.0082619,0.035541,0.99932
0.00050851,-0.0005779,0.0025487,-0.0050265,0.0080275,0.036644,0.99928
0.00065885,-0.00052903,0.0028072,-0.0045591,0.0077785,0.03761,0.99925
0.00069046,-0.00051204,0.0031121,-0.0038924,0.0077664,0.038644,0.99922
0.00064107,-0.00050994,0.0033958,-0.0033834,0.0081358,0.039742,0.99917
0.00064748,-0.00049856,0.0036812,-0.0031182,0.0087908,0.040833,0.99912
0.00070228,-0.00049609,0.0039995,-0.0030742,0.0095592,0.041957,0.99907
0.00075247,-0.00047794,0.0043114,-0.0031488,0.010188,0.043091,0.99901
0.00079674,-0.00048757,0.0045535,-0.003338,0.010606,0.044422,0.99895
0.00079883,-0.0004879,0.0048471,-0.0034637,0.010813,0.045803,0.99889
0.00084077,-0.00041663,0.0051199,-0.0036664,0.010827,0.04694,0.99883
0.00091648,-0.00039439,0.005318,-0.0036433,0.01071,0.047815,0.99879
0.001041,-0.00035095,0.0055404,-0.0035306,0.010504,0.048524,0.99876
0.0012048,-0.00031263,0.0057881,-0.0032031,0.010359,0.049264,0.99873
0.001422,-0.00030321,0.0059614,-0.0032031,0.010359,0.049264,0.99873
0.0012508,-0.00033663,0.0063092,-0.0024756,0.010856,0.051401,0.99862
0.0011989,-0.00036697,0.0065726,-0.0023781,0.011522,0.052884,0.99853
0.0010484,-0.00043925,0.0068232,-0.0026093,0.012579,0.054783,0.99842
0.00089819,-0.00051343,0.0071225,-0.0029702,0.013689,0.056986,0.99828
0.00072677,-0.00060548,0.0074372,-0.0035423,0.014771,0.05968,0.9981
0.00041794,-0.00071989,0.0076993,-0.0044173,0.015984,0.062795,0.99789
0.0001302,-0.00083847,0.0079325,-0.0054234,0.017146,0.065926,0.99766
-0.00019458,-0.00098002,0.0081138,-0.0062698,0.017923,0.068945,0.99744
-0.00043247,-0.0010584,0.0083108,-0.0067946,0.018404,0.071676,0.99724
-0.00060838,-0.0011543,0.0085365,-0.0069942,0.01859,0.074154,0.99705
-0.00082836,-0.001207,0.0087908,-0.0070222,0.018789,0.07663,0.99686
-0.0010476,-0.0012919,0.0090135,-0.0071438,0.019086,0.079368,0.99664
-0.0013397,-0.0014361,0.0092062,-0.0074547,0.019646,0.082395,0.99638
-0.0016441,-0.0016249,0.009376,-0.0080489,0.020542,0.08562,0.99608
-0.0012552,-0.0014923,0.0096543,-0.0080489,0.020542,0.08562,0.99608
-0.00154,-0.0017276,0.0097581,-0.0092384,0.021802,0.089107,0.99574
-0.0018294,-0.0019583,0.0098693,-0.011058,0.02336,0.092626,0.99537
-0.0021427,-0.0022386,0.0099036,-0.013312,0.024887,0.096162,0.99497
-0.0024844,-0.0024559,0.009922,-0.015745,0.02591,0.099511,0.99457
-0.0027824,-0.0027219,0.0099021,-0.017996,0.026295,0.10285,0.99419
-0.0030197,-0.0029294,0.0099782,-0.019946,0.02609,0.10606,0.99382
-0.0033044,-0.0031606,0.010031,-0.021516,0.025561,0.10922,0.99346
-0.0035646,-0.0034068,0.010118,-0.022663,0.025066,0.11234,0.9931
-0.0038542,-0.0036725,0.010262,-0.023521,0.02481,0.11548,0.99272
-0.0042242,-0.003881,0.010425,-0.024153,0.024918,0.11855,0.99234
-0.0046369,-0.0041475,0.010628,-0.024763,0.025357,0.12204,0.99189
-0.0050136,-0.0043097,0.010885,-0.025259,0.025993,0.12512,0.99148
-0.0053891,-0.0045409,0.0111,-0.025853,0.026702,0.12806,0.99107
-0.0058077,-0.004752,0.011388,-0.026442,0.02732,0.13093,0.99066
-0.0061855,-0.0049354,0.011621,-0.027143,0.027704,0.13368,0.99026
-0.0065835,-0.0051474,0.011784,-0.027859,0.027688,0.13629,0.98989
-0.0069009,-0.0053044,0.011943,-0.028494,0.027176,0.13853,0.98958
-0.0071469,-0.0054553,0.012047,-0.028878,0.026287,0.14069,0.98928
-0.0073709,-0.0055902,0.012184,-0.028995,0.025242,0.14277,0.98901
-0.007555,-0.005666,0.012337,-0.028858,0.0243,0.1448,0.98874
-0.0076856,-0.0057889,0.012493,-0.028711,0.02376,0.14699,0.98844
-0.0078274,-0.0058982,0.01266,-0.028561,0.02369,0.14906,0.98813
-0.0080403,-0.0060334,0.01288,-0.028432,0.023873,0.15102,0.98783
-0.0082215,-0.0061346,0.013091,-0.028491,0.024286,0.15279,0.98755
-0.0084293,-0.0062951,0.013342,-0.028686,0.024731,0.15452,0.98726
-0.0086301,-0.0063828,0.013627,-0.028889,0.02527,0.15638,0.98695
-0.008864,-0.0064609,0.013955,-0.029001,0.025717,0.15803,0.98667
-0.0090294,-0.0065546,0.01431,-0.028751,0.026011,0.15958,0.98642
-0.0091944,-0.0066195,0.014753,-0.028106,0.026208,0.16115,0.98618
-0.0093098,-0.0067075,0.015228,-0.027324,0.026382,0.16287,0.98592
-0.009531,-0.0067955,0.015744,-0.026332,0.026649,0.16508,0.98557
-0.0097584,-0.0068477,0.016224,-0.025133,0.027034,0.16688,0.98529
-0.0099184,-0.0068865,0.016745,-0.023986,0.027534,0.16854,0.98502
-0.010012,-0.0068774,0.017232,-0.022897,0.02816,0.17015,0.98475
-0.01015,-0.0069306,0.017744,-0.021995,0.028947,0.1718,0.98446
-0.010534,-0.0071286,0.018187,-0.021305,0.029756,0.17469,0.98394
-0.010702,-0.0071955,0.018679,-0.020435,0.030425,0.17657,0.98361
-0.010871,-0.0073462,0.019182,-0.019464,0.030952,0.17881,0.9832
-0.011142,-0.0075218,0.019684,-0.018335,0.031687,0.18138,0.98273
-0.011513,-0.0077655,0.02021,-0.017089,0.032574,0.18412,0.98221
-0.011903,-0.0079642,0.020738,-0.015518,0.033732,0.18666,0.98172
-0.012268,-0.0081137,0.021274,-0.013989,0.034849,0.18926,0.98121
-0.012979,-0.0083781,0.021474,-0.012551,0.036034,0.19171,0.98071
-0.01342,-0.0085621,0.02195,-0.011308,0.037454,0.19398,0.98023
-0.013429,-0.0085796,0.022742,-0.010031,0.038426,0.19601,0.9798
-0.013662,-0.008787,0.02308,-0.0094672,0.038559,0.19802,0.97939
-0.014186,-0.009024,0.02312,-0.0088177,0.038699,0.20002,0.97899
-0.014398,-0.0092012,0.023365,-0.0088336,0.038988,0.20177,0.97862
-0.01454,-0.009365,0.023531,-0.0087025,0.039045,0.20313,0.97833
-0.014603,-0.0094581,0.023734,-0.008441,0.039066,0.20442,0.97807
-0.014644,-0.0095289,0.023941,-0.0082265,0.039207,0.20567,0.9778
-0.014629,-0.0095947,0.024115,-0.0082433,0.039441,0.20659,0.9776
-0.014499,-0.0095921,0.024272,-0.0080807,0.039106,0.20726,0.97747
-0.014332,-0.009577,0.024385,-0.0083149,0.038774,0.20774,0.97738
-0.014206,-0.0095908,0.024408,-0.0089693,0.038316,0.20817,0.9773
-0.014138,-0.0096634,0.024421,-0.0099109,0.037651,0.20907,0.97713
-0.014096,-0.0096912,0.024367,-0.01097,0.03682,0.20958,0.97704
-0.01404,-0.0097617,0.024294,-0.012077,0.036033,0.21013,0.97693
-0.014016,-0.0098295,0.024213,-0.013211,0.035589,0.21067,0.97682
-0.013959,-0.009899,0.024191,-0.014153,0.035475,0.21139,0.97665
-0.014051,-0.010027,0.024195,-0.014726,0.035626,0.21237,0.97643
-0.014203,-0.010201,0.024259,-0.014973,0.036079,0.21362,0.97614
-0.01445,-0.010328,0.024416,-0.014902,0.036817,0.21482,0.97585
-0.014696,-0.01047,0.024589,-0.014782,0.037512,0.21597,0.97557
-0.014917,-0.010603,0.024771,-0.014738,0.038109,0.21708,0.9753
-0.015191,-0.010722,0.024902,-0.0148,0.038396,0.21821,0.97504
-0.015492,-0.01087,0.02509,-0.01496,0.038295,0.21949,0.97475
-0.015806,-0.011048,0.025194,-0.01502,0.038025,0.22074,0.97448
-0.016075,-0.011139,0.025414,-0.014898,0.037598,0.22197,0.97421
-0.016373,-0.011245,0.02557,-0.014666,0.037472,0.22308,0.97397
-0.016592,-0.011316,0.025769,-0.01441,0.037551,0.22395,0.97377
-0.016833,-0.011342,0.025837,-0.014307,0.037906,0.22459,0.97361
-0.01704,-0.011334,0.025918,-0.014254,0.038372,0.22504,0.97349
-0.017181,-0.011288,0.025944,-0.014277,0.038643,0.22521,0.97344
-0.017255,-0.011209,0.025956,-0.014372,0.038726,0.22525,0.97342
-0.01733,-0.011148,0.02592,-0.014935,0.038728,0.2253,0.9734
-0.017403,-0.011147,0.025826,-0.015767,0.038803,0.22545,0.97335
-0.017401,-0.011182,0.02572,-0.016483,0.038543,0.22565,0.97331
-0.017438,-0.011161,0.025684,-0.016925,0.038136,0.22594,0.97325
-0.017491,-0.011165,0.025629,-0.01721,0.037924,0.22636,0.97315
-0.017633,-0.011202,0.025611,-0.017488,0.038128,0.22711,0.97296
-0.017694,-0.011232,0.025536,-0.017645,0.038516,0.2273,0.9729
-0.017712,-0.011264,0.025535,-0.017596,0.038965,0.22745,0.97285
-0.017726,-0.01127,0.025565,-0.017751,0.039268,0.22761,0.9728
-0.017828,-0.011279,0.025566,-0.017897,0.03949,0.22786,0.97273
-0.017925,-0.011326,0.025556,-0.017933,0.039371,0.22806,0.97269
-0.017957,-0.011307,0.02555,-0.017901,0.039028,0.22811,0.97269
-0.017954,-0.01131,0.025497,-0.018063,0.038834,0.22796,0.97273
-0.017996,-0.011298,0.025344,-0.018533,0.03873,0.22762,0.9728
-0.017914,-0.011297,0.025155,-0.019224,0.038652,0.22725,0.97288
-0.017832,-0.011302,0.024939,-0.019952,0.038514,0.22669,0.973
-0.01776,-0.011308,0.024756,-0.020582,0.038238,0.22655,0.97303
-0.017613,-0.01132,0.024609,-0.020942,0.037902,0.22652,0.97304
-0.01756,-0.011332,0.024451,-0.021228,0.037659,0.22645,0.97306
-0.017434,-0.01132,0.024335,-0.021488,0.03762,0.22616,0.97313
-0.017284,-0.011227,0.024151,-0.021704,0.037601,0.22549,0.97328
-0.017237,-0.011247,0.023985,-0.021828,0.03753,0.22523,0.97334
-0.017145,-0.011254,0.023829,-0.021864,0.03738,0.22495,0.97341
-0.017044,-0.011248,0.023696,-0.022116,0.037251,0.22461,0.97349
-0.016958,-0.011254,0.023556,-0.022629,0.037191,0.22434,0.97354
-0.016784,-0.011197,0.023427,-0.023146,0.037114,0.22378,0.97366
-0.016732,-0.011212,0.02327,-0.023602,0.036847,0.22358,0.9737
-0.016613,-0.011175,0.023138,-0.024103,0.036535,0.22336,0.97375
-0.016479,-0.011208,0.022999,-0.024733,0.036259,0.22322,0.97378
-0.016416,-0.011225,0.022801,-0.025331,0.036115,0.22306,0.97381
-0.016432,-0.011291,0.022645,-0.025752,0.036025,0.22354,0.97369
-0.016378,-0.011243,0.022531,-0.026013,0.035986,0.22325,0.97375
-0.016237,-0.011218,0.022468,-0.026326,0.036073,0.22295,0.97381
-0.016167,-0.011241,0.022387,-0.026651,0.036335,0.22271,0.97384
-0.016163,-0.011264,0.02225,-0.027006,0.03646,0.22243,0.97389
-0.016121,-0.011235,0.022186,-0.027176,0.03633,0.22193,0.97401
-0.016083,-0.011192,0.022113,-0.027416,0.036115,0.22163,0.97408
-0.016104,-0.011124,0.02202,-0.027835,0.035881,0.22121,0.97417
-0.016081,-0.011069,0.021913,-0.028424,0.035625,0.22067,0.97428
-0.016015,-0.011018,0.021744,-0.029279,0.035429,0.22003,0.97441
-0.015994,-0.010905,0.021519,-0.030484,0.035218,0.21955,0.97449
-0.015998,-0.010839,0.021226,-0.031866,0.035083,0.21915,0.97454
-0.01597,-0.010809,0.020936,-0.032972,0.034798,0.21878,0.9746
-0.015942,-0.010751,0.020711,-0.033851,0.034397,0.21837,0.97467
-0.015874,-0.010718,0.020568,-0.034618,0.034144,0.21806,0.97472
-0.01592,-0.010763,0.020389,-0.035167,0.033983,0.21825,0.97467
-0.015938,-0.010786,0.020315,-0.035371,0.033837,0.21826,0.97466
-0.015948,-0.010751,0.020294,-0.035263,0.033582,0.21823,0.97468
-0.015998,-0.010711,0.020199,-0.035261,0.033487,0.21807,0.97472
-0.016025,-0.010671,0.020086,-0.035398,0.033579,0.21767,0.9748
-0.01605,-0.010588,0.019969,-0.035671,0.033702,0.21723,0.97489
-0.016019,-0.010521,0.019841,-0.035945,0.033817,0.21665,0.975
-0.015914,-0.010428,0.019669,-0.036395,0.033994,0.21594,0.97514
-0.015828,-0.010368,0.019497,-0.03692,0.033997,0.21529,0.97526
-0.01573,-0.010361,0.019338,-0.037539,0.034088,0.21477,0.97535
-0.015662,-0.010353,0.019188,-0.038014,0.03407,0.21442,0.97541
-0.015537,-0.01032,0.019053,-0.0384,0.033977,0.21413,0.97546
-0.015509,-0.0103,0.018907,-0.038707,0.033987,0.21396,0.97548
-0.015488,-0.01031,0.018731,-0.038942,0.034165,0.21365,0.97554
-0.015385,-0.010351,0.018488,-0.039335,0.034235,0.21324,0.97561
-0.015408,-0.010475,0.018228,-0.039871,0.034387,0.21352,0.97552
-0.015282,-0.010501,0.017979,-0.040594,0.034719,0.21285,0.97562
-0.015102,-0.010545,0.017691,-0.041356,0.034918,0.21215,0.97574
-0.014904,-0.010569,0.017454,-0.04192,0.034866,0.21137,0.97588
-0.014671,-0.010598,0.017239,-0.042459,0.034557,0.21064,0.97603
-0.014436,-0.010602,0.017065,-0.042947,0.034041,0.20995,0.97618
-0.014264,-0.010588,0.016888,-0.043518,0.033599,0.20922,0.97632
-0.014077,-0.010552,0.016683,-0.044234,0.033284,0.20859,0.97643
-0.013907,-0.010544,0.016482,-0.044934,0.033286,0.20813,0.9765
-0.013786,-0.010535,0.01632,-0.045346,0.033527,0.20768,0.97657
-0.013622,-0.010511,0.016178,-0.045513,0.033867,0.20706,0.97668
-0.013414,-0.01045,0.016048,-0.045505,0.034283,0.20615,0.97686
-0.013146,-0.010382,0.01592,-0.045193,0.034655,0.20484,0.97714
-0.012841,-0.010229,0.015868,-0.044676,0.03468,0.20332,0.97748
-0.012499,-0.010097,0.01584,-0.043901,0.034632,0.20164,0.97786
-0.011918,-0.0097803,0.015851,-0.042951,0.03457,0.19831,0.97859
-0.011641,-0.0096675,0.015811,-0.042266,0.034613,0.19684,0.97891
-0.011411,-0.009613,0.015782,-0.041854,0.03482,0.19554,0.97918
-0.011227,-0.0095446,0.015755,-0.041542,0.0352,0.19436,0.97942
-0.010986,-0.0094896,0.015751,-0.04123,0.035581,0.19318,0.97965
-0.010772,-0.00935,0.015689,-0.040732,0.035776,0.19162,0.97997
-0.010572,-0.0092205,0.015648,-0.04019,0.035937,0.19011,0.98028
-0.010326,-0.0091394,0.015577,-0.039648,0.036165,0.18835,0.98063
-0.010103,-0.0090424,0.015488,-0.03916,0.036437,0.18661,0.98098
-0.009952,-0.0089734,0.015395,-0.038496,0.036723,0.18491,0.98132
-0.0097667,-0.0088994,0.015314,-0.037693,0.036882,0.18307,0.98168
-0.0095067,-0.0088002,0.015322,-0.03679,0.036876,0.18125,0.98206
-0.0092879,-0.0087033,0.015313,-0.035976,0.036859,0.17935,0.98244
-0.0090138,-0.0085549,0.01528,-0.035471,0.036393,0.17761,0.98279
-0.0088006,-0.0084809,0.015248,-0.035242,0.036187,0.1762,0.98306
-0.0086807,-0.0083646,0.015198,-0.035018,0.03598,0.17476,0.98333
-0.0084851,-0.0082744,0.015084,-0.034747,0.035715,0.17305,0.98365
-0.0082746,-0.0081241,0.014922,-0.034391,0.035444,0.17113,0.98401
-0.0079952,-0.0080095,0.014824,-0.033953,0.035261,0.16915,0.98437
-0.007723,-0.0078965,0.014629,-0.033343,0.035082,0.16703,0.98476
-0.0074647,-0.0077739,0.01451,-0.032572,0.034994,0.16475,0.98518
-0.0071446,-0.0076519,0.014397,-0.031576,0.034876,0.16244,0.9856
-0.0067846,-0.007464,0.014407,-0.030588,0.034762,0.16015,0.98601
-0.0064733,-0.0072963,0.014371,-0.029991,0.034754,0.15802,0.98637
-0.0061894,-0.007155,0.014382,-0.029838,0.03482,0.15618,0.98666
-0.0059468,-0.0070399,0.014318,-0.030045,0.035052,0.15464,0.98689
-0.0057499,-0.0069643,0.014126,-0.030416,0.035274,0.15321,0.9871
-0.0052904,-0.0067756,0.013731,-0.030626,0.035399,0.15005,0.98757
-0.0052904,-0.0067756,0.013731,-0.030626,0.035399,0.15005,0.98757
-0.004806,-0.0066699,0.013094,-0.030904,0.035792,0.14643,0.98809
-0.0045563,-0.006596,0.012764,-0.030983,0.036049,0.14448,0.98837
-0.0042884,-0.0065146,0.012509,-0.030886,0.036239,0.14259,0.98864
-0.0042884,-0.0065146,0.012509,-0.030886,0.036239,0.14259,0.98864
-0.0040165,-0.0064458,0.012205,-0.030732,0.036303,0.14074,0.9889
-0.0036015,-0.0063903,0.011712,-0.030671,0.036837,0.13754,0.98934
-0.0033852,-0.0063712,0.011485,-0.030715,0.037163,0.1359,0.98955
-0.0031332,-0.0063119,0.011359,-0.030648,0.037248,0.13445,0.98975
-0.0029324,-0.0063039,0.011238,-0.030516,0.037127,0.13313,0.98993
-0.0027453,-0.0062479,0.011118,-0.030322,0.036709,0.1318,0.99013
-0.0025489,-0.0062029,0.010916,-0.030182,0.036402,0.13024,0.99035
-0.0023498,-0.0061163,0.01065,-0.029997,0.036042,0.12846,0.9906
-0.0020563,-0.0060094,0.010369,-0.029814,0.035743,0.12636,0.99089
-0.0017,-0.0058778,0.01007,-0.02982,0.035512,0.12411,0.99118
-0.0012994,-0.005795,0.0097387,-0.030006,0.035438,0.12187,0.99146
-0.00093326,-0.0057708,0.0094027,-0.030202,0.035463,0.11982,0.9917
-0.00052994,-0.0056779,0.0091115,-0.030173,0.035368,0.11763,0.99197
-0.00010983,-0.0055706,0.0089591,-0.029825,0.035078,0.11541,0.99225
0.00032564,-0.0054299,0.0088135,-0.029167,0.034684,0.1132,0.99254
0.00069328,-0.0053036,0.0086695,-0.028461,0.034332,0.11096,0.99282
0.0010382,-0.0051943,0.008519,-0.027827,0.034185,0.10856,0.99311
0.0012921,-0.0050536,0.0083036,-0.027382,0.034271,0.10601,0.9934
0.0015343,-0.004864,0.0080184,-0.02726,0.034533,0.10319,0.99369
0.0018298,-0.0046536,0.0077625,-0.027434,0.034713,0.10016,0.99399
0.0021501,-0.0044272,0.0074468,-0.027681,0.034623,0.097021,0.99429
0.0024316,-0.0042528,0.007116,-0.027993,0.034283,0.094123,0.99458
0.0027225,-0.004037,0.0068198,-0.028193,0.033692,0.091275,0.99486
0.0029506,-0.0038469,0.0065513,-0.028083,0.033012,0.08865,0.99512
0.0031703,-0.0036689,0.0063667,-0.027728,0.032539,0.08623,0.99536
0.0033289,-0.0034829,0.0061539,-0.027349,0.032369,0.083824,0.99558
0.0033972,-0.0032941,0.0059202,-0.027017,0.032717,0.081397,0.99578
0.0034621,-0.0031233,0.0055989,-0.026974,0.033373,0.078695,0.99597
0.0035613,-0.002892,0.0052147,-0.027063,0.034046,0.075772,0.99618
0.0036715,-0.0025906,0.0048583,-0.027213,0.034379,0.073006,0.99637
0.0037582,-0.0023149,0.0046063,-0.027366,0.034255,0.070575,0.99654
0.0038885,-0.0019611,0.0044231,-0.027264,0.033664,0.06799,0.99675
0.003925,-0.0016801,0.0042937,-0.02701,0.032921,0.066243,0.99689
0.0037355,-0.0013997,0.0041279,-0.026727,0.032407,0.064652,0.99702
0.0036126,-0.0010681,0.0039873,-0.026306,0.032244,0.062914,0.99715
0.0034777,-0.00073135,0.0038349,-0.025774,0.032276,0.060723,0.9973
0.0032723,-0.0003373,0.0037538,-0.025143,0.03226,0.059011,0.99742
0.0032379,4.6626e-05,0.0035495,-0.024513,0.032098,0.056391,0.99759
0.0032317,0.00037961,0.0033443,-0.02396,0.031758,0.053747,0.99776
0.0031785,0.00072813,0.0031404,-0.023646,0.03124,0.051373,0.99791
0.0031716,0.0010212,0.0030279,-0.023534,0.030604,0.049447,0.99803
0.0029722,0.0011461,0.002939,-0.023446,0.029925,0.04888,0.99808
0.0029531,0.0013884,0.0029374,-0.023111,0.029304,0.047562,0.99817
0.0028559,0.0015599,0.0028996,-0.022616,0.028864,0.046183,0.99826
0.002715,0.0017965,0.0028204,-0.022044,0.028496,0.044493,0.99836
0.002699,0.0021065,0.0027439,-0.021304,0.028026,0.042293,0.99848
0.0028627,0.0023737,0.0026504,-0.02059,0.027299,0.039537,0.99863
0.0031598,0.0026079,0.0024767,-0.01995,0.026273,0.036237,0.9988
0.0035558,0.0028278,0.0022549,-0.019691,0.025172,0.032945,0.99895
0.0039529,0.002946,0.0019614,-0.019869,0.024049,0.029802,0.99907
0.0043982,0.0030355,0.0015659,-0.020478,0.022887,0.02658,0.99917
0.0042817,0.0030575,0.0014343,-0.020478,0.022887,0.02658,0.99917
0.0048864,0.0032074,0.0010936,-0.021275,0.021881,0.02331,0.99926
0.0061777,0.0034728,0.00058741,-0.022862,0.020358,0.016958,0.99939
0.0067995,0.0036257,0.00030362,-0.023133,0.019777,0.013569,0.99944
0.0067995,0.0036257,0.00030362,-0.023133,0.019777,0.013569,0.99944
0.0081174,0.0039659,-0.00019924,-0.022511,0.01909,0.0060018,0.99955
0.0087843,0.0041075,-0.00044563,-0.021769,0.019289,0.0020258,0.99957
0.0087843,0.0041075,-0.00044563,-0.021769,0.019289,0.0020258,0.99957
0.0099955,0.0042454,-0.00090891,-0.020345,0.020391,-0.0057444,0.99957
0.010617,0.0042651,-0.0011584,-0.019951,0.021238,-0.009319,0.99953
0.011127,0.0043318,-0.0014062,-0.020096,0.022232,-0.012711,0.99947
0.010984,0.0042513,-0.0016732,-0.020096,0.022232,-0.012711,0.99947
0.011423,0.0043097,-0.0019681,-0.020764,0.023265,-0.016185,0.99938
0.011867,0.0044227,-0.0023128,-0.021818,0.024208,-0.019906,0.99927
0.012397,0.0045827,-0.0026521,-0.023244,0.024802,-0.023899,0.99914
0.013005,0.0047467,-0.0030384,-0.024833,0.024735,-0.027849,0.999
0.013597,0.0048818,-0.0034923,-0.026458,0.023965,-0.031925,0.99885
0.014195,0.0049913,-0.0040247,-0.027992,0.022665,-0.035579,0.99872
0.014714,0.0050503,-0.0045825,-0.029431,0.021296,-0.039057,0.99858
0.015261,0.0050607,-0.0051523,-0.030723,0.020396,-0.042134,0.99843
0.015684,0.0050684,-0.0056136,-0.031719,0.020232,-0.044916,0.99828
0.016013,0.0050251,-0.0060026,-0.03251,0.020794,-0.047442,0.99813
0.016299,0.0050101,-0.0063272,-0.03303,0.021675,-0.05012,0.99796
0.016674,0.0050076,-0.0066611,-0.033233,0.022448,-0.052799,0.9978
0.016966,0.0050351,-0.0068462,-0.03314,0.022828,-0.0552,0.99766
0.017166,0.0050636,-0.0069901,-0.032926,0.022782,-0.05762,0.99754
0.017439,0.005076,-0.0071252,-0.032651,0.022418,-0.060367,0.99739
0.017797,0.0051509,-0.0072402,-0.032476,0.021651,-0.063173,0.99724
0.018274,0.0052307,-0.0074092,-0.032511,0.020717,-0.06631,0.99705
0.018746,0.0052774,-0.0076645,-0.032812,0.019853,-0.069402,0.99685
0.019116,0.005291,-0.0078872,-0.033157,0.019614,-0.072142,0.99665
0.019393,0.0052992,-0.0080761,-0.033351,0.019754,-0.074562,0.99646
0.019608,0.0052906,-0.0081359,-0.033134,0.020196,-0.076835,0.99629
0.0199,0.0054039,-0.0080601,-0.032447,0.020709,-0.079251,0.99611
0.020106,0.0055472,-0.007915,-0.031438,0.020941,-0.081743,0.99594
0.020384,0.0056523,-0.0077431,-0.03031,0.020736,-0.084425,0.99575
0.020532,0.0057691,-0.0076481,-0.029256,0.019969,-0.086898,0.99559
0.020793,0.0058589,-0.0076071,-0.028527,0.019192,-0.089924,0.99536
0.02113,0.0059868,-0.0075828,-0.028124,0.018674,-0.093216,0.99507
0.02166,0.0060907,-0.0076927,-0.028125,0.018158,-0.096716,0.99475
0.022102,0.0061329,-0.0078466,-0.028177,0.017871,-0.099926,0.99444
0.022463,0.0062022,-0.0079145,-0.028117,0.017824,-0.10294,0.99413
0.022734,0.0062764,-0.0079736,-0.027853,0.018123,-0.1055,0.99386
0.02305,0.0062951,-0.0078942,-0.027339,0.018625,-0.10786,0.99362
0.023253,0.0064213,-0.0077327,-0.026421,0.018949,-0.11014,0.99338
0.023305,0.0066758,-0.0075822,-0.025254,0.018808,-0.11256,0.99315
0.023586,0.0068335,-0.0074009,-0.023808,0.018313,-0.11544,0.99286
0.023746,0.0069502,-0.0072056,-0.022428,0.01766,-0.11796,0.99261
0.024332,0.007012,-0.0069301,-0.021414,0.017144,-0.12066,0.99232
0.02453,0.007072,-0.006954,-0.020823,0.017069,-0.12337,0.992
0.024546,0.0070991,-0.0072048,-0.020523,0.017411,-0.12597,0.99167
0.024831,0.007125,-0.0073006,-0.020391,0.018127,-0.12868,0.99131
0.025157,0.0071626,-0.0073828,-0.02036,0.018996,-0.13157,0.99092
0.025664,0.0071494,-0.0073184,-0.020392,0.019612,-0.13427,0.99054
0.025863,0.0072591,-0.0073158,-0.020334,0.019783,-0.13655,0.99023
0.026053,0.0073567,-0.0072883,-0.02,0.019247,-0.13867,0.98995
0.026242,0.0074046,-0.0072424,-0.019518,0.018406,-0.14103,0.98964
0.026524,0.0074768,-0.0072372,-0.019095,0.017662,-0.14383,0.98926
0.026893,0.0074826,-0.0073128,-0.019059,0.017214,-0.14702,0.9888
0.027243,0.0075068,-0.0074907,-0.019452,0.01674,-0.15007,0.98834
0.02762,0.0074795,-0.0077627,-0.02028,0.016324,-0.15303,0.98788
0.027997,0.0074722,-0.0081271,-0.02133,0.015926,-0.15611,0.98738
0.028496,0.0074766,-0.0083824,-0.022254,0.015587,-0.15912,0.98689
0.029029,0.0074752,-0.008544,-0.022911,0.015096,-0.16216,0.98638
0.029542,0.0074454,-0.0087272,-0.023343,0.014205,-0.16483,0.98594
0.02987,0.0074742,-0.0089282,-0.023619,0.013061,-0.16695,0.9856
0.03006,0.0073876,-0.0091844,-0.023724,0.012023,-0.16894,0.98527
0.030129,0.0073685,-0.0093907,-0.02351,0.011558,-0.17045,0.98502
0.030252,0.0073534,-0.009462,-0.022999,0.011727,-0.17193,0.98477
0.030392,0.0073356,-0.0094269,-0.022287,0.012143,-0.17316,0.98457
0.030439,0.0072889,-0.0093974,-0.021598,0.012451,-0.17401,0.98443
0.030282,0.0073499,-0.0093784,-0.021033,0.012454,-0.17398,0.98445
0.030273,0.0073818,-0.0093387,-0.020392,0.012327,-0.17475,0.98432
0.030413,0.0074,-0.0093107,-0.019803,0.012135,-0.17587,0.98414
0.030486,0.0074436,-0.0092895,-0.0193,0.012028,-0.17685,0.98397
0.030556,0.0073781,-0.0093017,-0.018956,0.011736,-0.17782,0.98381
0.030769,0.0073892,-0.0092928,-0.018488,0.011394,-0.17909,0.98359
0.031014,0.0073674,-0.0092041,-0.01802,0.011051,-0.18037,0.98337
0.031186,0.0073695,-0.0091385,-0.017544,0.010727,-0.18134,0.98321
0.031295,0.0073753,-0.0090279,-0.017066,0.010521,-0.18181,0.98313
0.031282,0.0073683,-0.0090017,-0.016584,0.010513,-0.18181,0.98314
0.031053,0.0074058,-0.0089798,-0.016281,0.010705,-0.18119,0.98325
0.031044,0.0073934,-0.0090139,-0.016024,0.010917,-0.18086,0.98332
0.031007,0.0073318,-0.0090761,-0.015997,0.01114,-0.18079,0.98333
0.030924,0.0073466,-0.0092435,-0.016121,0.011191,-0.18049,0.98338
0.030938,0.0073362,-0.0093536,-0.016411,0.011152,-0.18006,0.98346
0.031,0.0073177,-0.0094895,-0.016652,0.010872,-0.18008,0.98345
0.031124,0.0072842,-0.0095855,-0.016785,0.010436,-0.17992,0.98348
0.031219,0.0072023,-0.009633,-0.016764,0.0098141,-0.17946,0.98357
0.031287,0.0071526,-0.009716,-0.016595,0.0089984,-0.17881,0.9837
0.03132,0.0070887,-0.0097905,-0.016364,0.0084307,-0.17844,0.98378
0.031409,0.0069807,-0.0098834,-0.016467,0.0081309,-0.17825,0.98381
0.031528,0.0069043,-0.010003,-0.016894,0.0081024,-0.17815,0.98382
0.03167,0.0068113,-0.010218,-0.017627,0.0080038,-0.17813,0.98382
0.031817,0.006699,-0.010395,-0.018448,0.0079858,-0.17807,0.98381
0.031915,0.0066015,-0.010621,-0.019215,0.0078425,-0.17801,0.98381
0.032018,0.0064808,-0.010835,-0.019898,0.0077061,-0.17794,0.98381
0.03217,0.0063823,-0.010972,-0.020434,0.0073652,-0.17787,0.98381
0.032376,0.0062969,-0.011094,-0.020755,0.0069929,-0.17789,0.98381
0.032552,0.0062298,-0.011211,-0.020954,0.0067558,-0.17795,0.98379
0.032691,0.0061958,-0.011284,-0.020883,0.0064605,-0.17789,0.98381
0.032771,0.006179,-0.011356,-0.020731,0.0061702,-0.17788,0.98381
0.032823,0.0061266,-0.011464,-0.020546,0.0060121,-0.17787,0.98382
0.03298,0.0060432,-0.011496,-0.020236,0.0058925,-0.17808,0.98379
0.033157,0.0059807,-0.011496,-0.019961,0.0061129,-0.1784,0.98374
0.033302,0.0059043,-0.011484,-0.019642,0.0063814,-0.17868,0.98369
0.033416,0.0058768,-0.011385,-0.01927,0.0065244,-0.17895,0.98365
0.033485,0.0058854,-0.011277,-0.018881,0.0065121,-0.17896,0.98365
0.033558,0.0058896,-0.011137,-0.018602,0.0063642,-0.17887,0.98368
0.033683,0.0059093,-0.011041,-0.018331,0.0062128,-0.17887,0.98368
0.033791,0.00589,-0.010988,-0.018221,0.0059638,-0.17881,0.9837
0.033767,0.0059,-0.010992,-0.018238,0.0056708,-0.17862,0.98373
0.033724,0.0059339,-0.010944,-0.018079,0.005393,-0.17839,0.98378
0.033709,0.0059451,-0.010972,-0.018243,0.005299,-0.1783,0.98379
0.033714,0.0059311,-0.011014,-0.018464,0.0053232,-0.17834,0.98378
0.033763,0.0059298,-0.01104,-0.018643,0.0052971,-0.17855,0.98374
0.033854,0.0059177,-0.011019,-0.018897,0.0051746,-0.17879,0.98369
0.033929,0.0058658,-0.011048,-0.019191,0.0050203,-0.17882,0.98368
0.033963,0.0058465,-0.011057,-0.019414,0.0045761,-0.1787,0.9837
0.034003,0.0057969,-0.01109,-0.019491,0.0040258,-0.17837,0.98376
0.033962,0.0057728,-0.011142,-0.019387,0.0034141,-0.17787,0.98386
0.034118,0.0056828,-0.011199,-0.019158,0.0030927,-0.17845,0.98376
0.034092,0.0056365,-0.011189,-0.018875,0.0029611,-0.1781,0.98383
0.034005,0.0056381,-0.011213,-0.018694,0.0029981,-0.17772,0.9839
0.03393,0.0055508,-0.011283,-0.018598,0.0029352,-0.17746,0.98395
0.033948,0.0054752,-0.011342,-0.018669,0.0027621,-0.17737,0.98396
0.033946,0.0054024,-0.011465,-0.018992,0.0024774,-0.17734,0.98396
0.034002,0.0053328,-0.011533,-0.019176,0.0020741,-0.17731,0.98397
0.034042,0.0052951,-0.011633,-0.019511,0.0019666,-0.17721,0.98398
0.033962,0.0052332,-0.011742,-0.019804,0.0019161,-0.17695,0.98402
0.03395,0.0052145,-0.011758,-0.019781,0.0017678,-0.17656,0.98409
0.033842,0.0052037,-0.011771,-0.019495,0.0016471,-0.17604,0.98419
0.03379,0.0051481,-0.011807,-0.019048,0.0017278,-0.17528,0.98433
0.033647,0.0051489,-0.01173,-0.018367,0.0021687,-0.1746,0.98447
0.033441,0.0051565,-0.011657,-0.017524,0.0027126,-0.17388,0.98461
0.033268,0.0051652,-0.011513,-0.01658,0.0031811,-0.17307,0.98477
0.033069,0.0051787,-0.011342,-0.015702,0.0033852,-0.17224,0.98492
0.032916,0.0052221,-0.011198,-0.01507,0.0034008,-0.17135,0.98509
0.032721,0.005208,-0.011176,-0.014824,0.0033466,-0.17041,0.98526
0.032534,0.0051561,-0.0112,-0.014935,0.0034316,-0.16956,0.9854
0.032465,0.0050894,-0.011267,-0.015276,0.0035282,-0.16896,0.9855
0.032444,0.0050623,-0.01131,-0.015615,0.0036158,-0.16849,0.98557
0.032461,0.0050357,-0.011388,-0.015812,0.003497,-0.16805,0.98565
0.032506,0.0050553,-0.011319,-0.015626,0.0029743,-0.16759,0.98573
0.032496,0.0050218,-0.011309,-0.015303,0.0023276,-0.16721,0.9858
0.032483,0.0050212,-0.011317,-0.015042,0.0018957,-0.16681,0.98587
0.032489,0.005023,-0.011217,-0.014882,0.0017219,-0.16629,0.98596
0.0325,0.0050242,-0.011169,-0.015196,0.0015681,-0.16554,0.98608
0.032367,0.0050101,-0.011175,-0.0158,0.00138,-0.16428,0.98629
0.032175,0.00502,-0.011291,-0.016837,0.0013621,-0.16251,0.98656
0.031933,0.0049747,-0.011487,-0.018153,0.0016747,-0.16061,0.98685
0.031575,0.004934,-0.011779,-0.019549,0.0019035,-0.15859,0.98715
0.031533,0.0048705,-0.012045,-0.020615,0.002007,-0.15763,0.98728
0.031522,0.0047852,-0.012222,-0.021164,0.0019559,-0.15706,0.98736
0.031531,0.0047547,-0.012304,-0.021167,0.0016881,-0.15645,0.98746
0.031428,0.0047004,-0.012298,-0.020772,0.0014258,-0.15554,0.98761
0.031247,0.0046413,-0.012209,-0.020125,0.0013735,-0.15434,0.98781
0.031049,0.0045717,-0.012005,-0.019229,0.0015349,-0.15283,0.98806
0.030837,0.0045346,-0.011731,-0.018412,0.0018149,-0.15067,0.98841
0.030516,0.0045393,-0.011473,-0.017847,0.0022035,-0.14784,0.98885
0.03003,0.0045554,-0.011312,-0.017715,0.002655,-0.14482,0.9893
0.029841,0.0044985,-0.011274,-0.017985,0.0031305,-0.14378,0.98944
0.029723,0.0045084,-0.011238,-0.018206,0.0035773,-0.14256,0.98961
0.029731,0.0045218,-0.011118,-0.018521,0.0040977,-0.14142,0.98977
0.029504,0.0044472,-0.01127,-0.018777,0.0044015,-0.14036,0.98991
0.029417,0.0043594,-0.011257,-0.018752,0.0043714,-0.13946,0.99004
0.029455,0.004304,-0.011076,-0.018293,0.0039139,-0.13828,0.99022
0.029544,0.0042649,-0.010894,-0.017874,0.0034101,-0.1371,0.99039
0.029634,0.0041824,-0.010627,-0.01749,0.0028762,-0.13566,0.9906
0.029667,0.0041503,-0.010448,-0.017367,0.0025314,-0.13362,0.99088
0.029692,0.0041057,-0.010214,-0.01735,0.0023389,-0.13181,0.99112
0.029815,0.004058,-0.010028,-0.017391,0.0022503,-0.13034,0.99131
0.030029,0.0040429,-0.0098136,-0.017372,0.0023113,-0.12936,0.99144
0.030247,0.0039619,-0.0096784,-0.017314,0.0024134,-0.12847,0.99156
0.030474,0.0039266,-0.0095298,-0.017045,0.0025753,-0.12758,0.99168
0.030761,0.0038651,-0.0093423,-0.016573,0.002409,-0.12663,0.99181
0.030912,0.0038056,-0.0091308,-0.015901,0.0020222,-0.12529,0.99199
0.031144,0.0037668,-0.0088304,-0.01526,0.0015031,-0.12394,0.99217
0.031329,0.0037223,-0.0085749,-0.014674,0.0012026,-0.12247,0.99236
0.031573,0.0036428,-0.0083274,-0.014269,0.00099215,-0.12074,0.99258
0.031796,0.0035873,-0.0080996,-0.014203,0.0012338,-0.119,0.99279
0.031821,0.0035039,-0.0079579,-0.014378,0.0015055,-0.11643,0.99309
0.032131,0.0033893,-0.0077491,-0.014369,0.0018565,-0.11495,0.99327
0.032352,0.003339,-0.0074966,-0.014085,0.0020632,-0.11333,0.99345
0.03264,0.0032838,-0.007189,-0.013345,0.0020534,-0.11158,0.99366
0.032891,0.0032534,-0.0067828,-0.012199,0.0018613,-0.10979,0.99388
0.033028,0.0032237,-0.0063834,-0.010958,0.0016097,-0.10769,0.99412
0.033115,0.0032001,-0.0059441,-0.0099407,0.0015739,-0.10529,0.99439
0.032981,0.0031737,-0.0056528,-0.0095397,0.0017876,-0.1023,0.99471
0.032875,0.0031093,-0.0054227,-0.010014,0.0022251,-0.098792,0.99506
0.03287,0.0030042,-0.005294,-0.011171,0.0025119,-0.09543,0.99537
0.033004,0.002949,-0.0051953,-0.012228,0.0023205,-0.092944,0.99559
0.033322,0.0028972,-0.0050321,-0.012926,0.0017553,-0.091346,0.99573
0.033587,0.0029198,-0.0048241,-0.013058,0.0010999,-0.089839,0.99587
0.033907,0.0028973,-0.0045956,-0.012805,0.00061294,-0.088175,0.99602
0.034081,0.0028365,-0.0043839,-0.012219,0.0003497,-0.086145,0.99621
0.034101,0.0027804,-0.0041181,-0.01134,0.00035703,-0.083619,0.99643
0.033936,0.0027022,-0.0038121,-0.010602,0.00079095,-0.080297,0.99671
0.033484,0.0025963,-0.003567,-0.010437,0.0016495,-0.075697,0.99707
0.033216,0.0024984,-0.003317,-0.010929,0.0025931,-0.071002,0.99741
0.033304,0.0024441,-0.0030234,-0.011315,0.0028368,-0.067947,0.99762
0.03351,0.0024498,-0.0026964,-0.011218,0.0025486,-0.06642,0.99773
0.033693,0.00252,-0.0023398,-0.010861,0.0022684,-0.065071,0.99782
0.033909,0.0025675,-0.0019901,-0.010343,0.0021841,-0.063565,0.99792
0.034159,0.0025929,-0.0016759,-0.0095673,0.0021201,-0.062065,0.99802
0.034269,0.0026383,-0.0013451,-0.0086342,0.0022503,-0.060448,0.99813
0.034035,0.002688,-0.00098918,-0.0075271,0.0026106,-0.058116,0.99828
0.033766,0.002746,-0.00057506,-0.0065296,0.0034399,-0.055076,0.99845
0.033517,0.0027486,-0.00021308,-0.0059618,0.0043659,-0.051342,0.99865
0.033268,0.0026505,5.0086e-05,-0.0059529,0.0053103,-0.047295,0.99885
0.033167,0.0026078,0.00036889,-0.0060126,0.0056614,-0.044374,0.99898
0.03335,0.0026677,0.00067881,-0.0057316,0.005299,-0.042846,0.99905
0.03341,0.0027552,0.0010324,-0.0052742,0.0047696,-0.04148,0.99911
0.033521,0.0028445,0.0013,-0.0048631,0.0042797,-0.040115,0.99917
0.033725,0.0029324,0.0016126,-0.0044941,0.0038222,-0.038841,0.99923
0.033635,0.0029834,0.0017818,-0.0041688,0.0033255,-0.037474,0.99928
0.033356,0.0030906,0.0019842,-0.0039391,0.0031171,-0.03552,0.99936
0.033092,0.0031518,0.002206,-0.0039404,0.0031297,-0.033226,0.99944
0.032825,0.003079,0.0023285,-0.0045463,0.0033131,-0.030198,0.99953
0.032704,0.0030145,0.0025109,-0.0054923,0.0033817,-0.027199,0.99961
0.032823,0.0030478,0.002699,-0.0061475,0.0027981,-0.02529,0.99966
0.032872,0.0031546,0.0029606,-0.0064908,0.0019931,-0.023848,0.99969
0.032957,0.0032543,0.0032201,-0.0066289,0.001325,-0.022549,0.99972
0.033167,0.0033528,0.0034919,-0.0065528,0.00062892,-0.021293,0.99975
0.033282,0.0033948,0.0037414,-0.0063513,8.4461e-05,-0.019834,0.99978
0.033202,0.0034441,0.0039546,-0.0061608,-0.00026869,-0.018083,0.99982
0.032834,0.0034095,0.0041084,-0.0061272,-0.0005498,-0.014988,0.99987
0.032553,0.0034371,0.0042426,-0.0066355,-0.00052793,-0.011904,0.99991
0.032173,0.0033162,0.0042468,-0.0079331,-0.00025251,-0.0079518,0.99994
0.031847,0.0032236,0.0042662,-0.0094168,-0.00027838,-0.0037188,0.99995
0.031665,0.0032223,0.004394,-0.010558,-0.00096571,-9.8395e-05,0.99994
0.031546,0.0032328,0.0046759,-0.010789,-0.0022921,0.0032463,0.99993
0.031556,0.0032949,0.0050102,-0.010475,-0.0036186,0.0052305,0.99992
0.031542,0.0033276,0.0052805,-0.0099886,-0.0044634,0.0070562,0.99992
0.031556,0.0032955,0.0055389,-0.0095074,-0.0046639,0.0087943,0.99991
0.031387,0.003227,0.0057007,-0.0090183,-0.0044682,0.010601,0.99989
0.031114,0.0031404,0.0058657,-0.0084551,-0.0039897,0.012686,0.99988
0.030802,0.0030392,0.0060377,-0.007755,-0.0035278,0.015029,0.99985
0.030682,0.002889,0.0062607,-0.0072129,-0.0032283,0.017736,0.99981
0.030491,0.0027475,0.0064766,-0.0071512,-0.0029076,0.020675,0.99976
0.030486,0.0026943,0.0067468,-0.0073278,-0.0029016,0.023064,0.9997
0.030354,0.0026497,0.0069163,-0.0074392,-0.0031754,0.025738,0.99964
0.030319,0.0026667,0.0071569,-0.007447,-0.003297,0.027264,0.9996
0.030337,0.0027281,0.0073757,-0.0072494,-0.0032589,0.028997,0.99955
0.030272,0.0027823,0.0075984,-0.0069868,-0.0029477,0.030846,0.9995
0.030197,0.0027998,0.0078096,-0.006695,-0.0024076,0.032852,0.99943
0.029919,0.0027409,0.0079869,-0.0067504,-0.0016674,0.035717,0.99934
0.029682,0.0026358,0.0081088,-0.0072601,-0.00068781,0.0388,0.99922
0.029406,0.0024712,0.0081655,-0.008553,0.00044534,0.042539,0.99906
0.029339,0.0023281,0.0082172,-0.010041,0.0012361,0.045911,0.99889
0.029528,0.0022685,0.008297,-0.010866,0.0010318,0.047812,0.9988
0.02994,0.002414,0.0085081,-0.010866,0.0010318,0.047812,0.9988
0.030144,0.0025068,0.0086422,-0.010838,0.0002571,0.048558,0.99876
0.030263,0.002584,0.0087486,-0.010745,-0.00059116,0.050127,0.99868
0.030424,0.0025679,0.0088015,-0.010948,-0.00057812,0.051264,0.99862
0.03067,0.0025988,0.0088344,-0.010948,-0.00057812,0.051264,0.99862
0.030572,0.0025352,0.0088665,-0.01098,-0.00043538,0.052868,0.99854
0.030538,0.0024743,0.0089868,-0.010751,-0.00024745,0.054857,0.99844
0.030468,0.0023115,0.0091089,-0.010483,0.0001118,0.057446,0.99829
0.030329,0.0021664,0.0092897,-0.010311,0.00066096,0.060413,0.99812
0.030101,0.0020528,0.0094729,-0.010414,0.0013597,0.063336,0.99794
0.029956,0.0019599,0.0096511,-0.010508,0.0018475,0.065661,0.99778
0.029858,0.0019024,0.0098618,-0.010456,0.002122,0.067865,0.99764
0.029746,0.0018189,0.010047,-0.010269,0.0022617,0.069819,0.9975
0.029618,0.0017062,0.010218,-0.010051,0.0025194,0.071546,0.99738
0.029394,0.0015917,0.010374,-0.0098775,0.002822,0.073355,0.99725
0.029172,0.0014957,0.010543,-0.0098023,0.0033038,0.075373,0.9971
0.028916,0.0013569,0.010718,-0.0098093,0.0038125,0.077914,0.9969
0.028555,0.0011933,0.010861,-0.010002,0.0045114,0.080932,0.99666
0.028134,0.000968,0.011015,-0.010549,0.0053832,0.084379,0.99636
0.02773,0.00072569,0.011049,-0.011438,0.0061351,0.087715,0.99606
0.027453,0.00052627,0.011051,-0.012435,0.0065334,0.090414,0.99581
0.027206,0.00040849,0.011032,-0.013278,0.0065255,0.092664,0.99559
0.027025,0.00026128,0.010987,-0.014125,0.0065819,0.09459,0.99539
0.026805,0.00011796,0.010933,-0.014933,0.0065865,0.096314,0.99522
0.026503,-5.1701e-05,0.010879,-0.015794,0.0067165,0.098031,0.99504
0.026071,-0.00021801,0.010772,-0.016651,0.006857,0.099915,0.99483
0.025582,-0.00041948,0.010805,-0.017415,0.0069647,0.10251,0.99456
0.025055,-0.00065364,0.010862,-0.018273,0.0072531,0.10534,0.99424
0.024446,-0.00093559,0.01095,-0.019365,0.0077749,0.1087,0.99386
0.023775,-0.0012625,0.011042,-0.02091,0.0085416,0.11237,0.99341
0.023059,-0.0015565,0.011101,-0.022665,0.0092393,0.1159,0.99296
0.022377,-0.0018711,0.011147,-0.024182,0.0096534,0.11944,0.9925
0.021765,-0.0021515,0.011193,-0.025378,0.0097572,0.12249,0.9921
0.021238,-0.0024523,0.011282,-0.026176,0.0097501,0.12535,0.99172
0.020638,-0.0027634,0.011389,-0.026813,0.0099335,0.12829,0.99133
0.020031,-0.0030932,0.011495,-0.027468,0.010287,0.13117,0.99093
0.019302,-0.0034343,0.011609,-0.028039,0.010758,0.13444,0.99047
0.01862,-0.0037845,0.01174,-0.028745,0.011274,0.13789,0.98997
0.017701,-0.0042023,0.011683,-0.029546,0.011904,0.14186,0.98937
0.016988,-0.004644,0.011853,-0.030596,0.012443,0.14606,0.98872
0.016572,-0.0051107,0.012315,-0.031799,0.012704,0.15019,0.98806
0.01589,-0.0055746,0.012378,-0.033201,0.012636,0.15414,0.98741
0.015367,-0.0059222,0.012445,-0.034668,0.012258,0.1574,0.98685
0.014655,-0.0063109,0.012255,-0.036142,0.011956,0.16052,0.9863
0.014134,-0.0067035,0.012376,-0.037264,0.01161,0.16386,0.98571
0.013944,-0.0069826,0.01289,-0.037896,0.011092,0.16729,0.98512
0.013199,-0.0073148,0.012925,-0.038081,0.010428,0.17063,0.98454
0.012773,-0.0075874,0.013239,-0.038146,0.0098952,0.17383,0.98399
0.01246,-0.007869,0.01355,-0.038505,0.0096819,0.17694,0.98342
0.012204,-0.0081339,0.013771,-0.03933,0.0099315,0.17975,0.98288
0.011999,-0.0084659,0.013865,-0.040443,0.010392,0.18213,0.98239
0.011855,-0.0087616,0.013905,-0.041554,0.010827,0.1841,0.98197
0.011807,-0.008969,0.013932,-0.04247,0.01099,0.1857,0.98163
0.011901,-0.0091516,0.013982,-0.043093,0.010723,0.187,0.98136
0.012005,-0.0093119,0.014105,-0.043434,0.010129,0.18824,0.98111
0.012111,-0.0094687,0.014233,-0.043398,0.0092243,0.18962,0.98085
0.012146,-0.0096017,0.014419,-0.043148,0.0083993,0.19129,0.98055
0.012239,-0.0097174,0.014681,-0.042717,0.0079724,0.19286,0.98026
0.012275,-0.0098531,0.014827,-0.042455,0.0080757,0.19412,0.98003
0.012363,-0.0099716,0.014898,-0.042693,0.0089842,0.19502,0.97983
0.012491,-0.010078,0.014934,-0.043321,0.010281,0.19568,0.97966
0.012623,-0.010224,0.014919,-0.043928,0.011404,0.19632,0.97949
0.01275,-0.010296,0.015014,-0.044146,0.011954,0.19701,0.97933
0.012922,-0.010407,0.015131,-0.044055,0.012012,0.19778,0.97918
0.013078,-0.010457,0.015348,-0.043679,0.011673,0.19878,0.979
0.013217,-0.010528,0.01567,-0.043031,0.011267,0.19975,0.97884
0.013182,-0.010629,0.015963,-0.042126,0.010913,0.20121,0.97858
0.013205,-0.010645,0.016226,-0.041116,0.010839,0.20217,0.97843
0.013188,-0.01067,0.01645,-0.040189,0.011306,0.2029,0.97831
0.013226,-0.010717,0.01658,-0.039427,0.012134,0.20336,0.97823
0.013308,-0.010733,0.016736,-0.038763,0.01303,0.20366,0.97819
0.013283,-0.010759,0.016784,-0.03856,0.013778,0.20423,0.97807
0.013394,-0.01081,0.016854,-0.038587,0.014232,0.20457,0.97799
0.013485,-0.01084,0.01691,-0.038614,0.014031,0.20485,0.97793
0.013617,-0.010813,0.017024,-0.038477,0.013378,0.2053,0.97785
0.013751,-0.010801,0.017142,-0.03831,0.012378,0.20572,0.97778
0.013909,-0.010777,0.017192,-0.038111,0.011588,0.20601,0.97774
0.014076,-0.010786,0.01717,-0.038127,0.01121,0.20623,0.9777
0.014206,-0.010729,0.017136,-0.038128,0.011219,0.20636,0.97767
0.014377,-0.0107,0.017079,-0.037967,0.011401,0.2063,0.97769
0.014617,-0.010698,0.01694,-0.037898,0.011653,0.20609,0.97773
0.014778,-0.010739,0.016813,-0.038367,0.01205,0.20609,0.97771
0.014944,-0.010788,0.016713,-0.038958,0.012413,0.20638,0.97762
0.015091,-0.010859,0.016673,-0.039228,0.012504,0.20674,0.97753
0.015239,-0.010922,0.016736,-0.039221,0.012441,0.20709,0.97746
0.015398,-0.01092,0.016853,-0.03909,0.012426,0.20736,0.9774
0.015409,-0.010945,0.016848,-0.038998,0.012457,0.20774,0.97733
0.015458,-0.010888,0.016892,-0.03884,0.012642,0.20773,0.97733
0.015539,-0.01082,0.016922,-0.038687,0.012809,0.20742,0.9774
0.015638,-0.010676,0.016942,-0.038602,0.012862,0.20683,0.97753
0.015818,-0.010556,0.016935,-0.038595,0.012727,0.20609,0.97769
0.016104,-0.010409,0.016906,-0.038943,0.012626,0.20497,0.97791
0.016251,-0.010437,0.016767,-0.039635,0.012634,0.20461,0.97796
0.016353,-0.010447,0.016759,-0.040295,0.012714,0.20463,0.97793
0.016382,-0.010492,0.016786,-0.040563,0.01281,0.20507,0.97782
0.016453,-0.010548,0.016785,-0.040521,0.012893,0.20563,0.97771
0.016444,-0.010571,0.016946,-0.040182,0.012965,0.2063,0.97758
0.01644,-0.010598,0.017017,-0.040023,0.013173,0.20663,0.97751
0.016411,-0.01061,0.01701,-0.039995,0.013396,0.2067,0.97749
0.016398,-0.010607,0.016992,-0.04005,0.013516,0.20661,0.97751
0.016422,-0.010558,0.016918,-0.040046,0.013495,0.20629,0.97758
0.01646,-0.010489,0.016902,-0.040214,0.013376,0.206,0.97763
0.016542,-0.010419,0.016834,-0.040497,0.013106,0.20553,0.97772
0.016618,-0.010364,0.016733,-0.040858,0.012656,0.20505,0.97782
0.016768,-0.010287,0.016708,-0.041059,0.011922,0.20469,0.97789
0.016834,-0.010231,0.016696,-0.041196,0.01147,0.20459,0.97791
0.01697,-0.010196,0.016662,-0.041332,0.011483,0.20429,0.97797
0.017027,-0.010185,0.016641,-0.041373,0.012007,0.20439,0.97794
0.017087,-0.01019,0.016608,-0.041337,0.01261,0.20427,0.97796
0.017143,-0.010169,0.016588,-0.041235,0.012994,0.20406,0.978
0.017243,-0.010185,0.016571,-0.041109,0.013038,0.20392,0.97804
0.017331,-0.01022,0.016533,-0.041121,0.012631,0.20368,0.97809
0.017397,-0.010192,0.016466,-0.041335,0.012069,0.20332,0.97817
0.017453,-0.010211,0.01627,-0.041775,0.011526,0.20284,0.97825
0.017551,-0.01018,0.016131,-0.04225,0.010933,0.20231,0.97835
0.017625,-0.010166,0.015918,-0.042697,0.010475,0.20182,0.97844
0.017625,-0.010189,0.015736,-0.043061,0.010148,0.20189,0.97841
0.017768,-0.010147,0.015546,-0.043449,0.010041,0.20138,0.9785
0.017943,-0.010168,0.015377,-0.043847,0.010111,0.20094,0.97857
0.018172,-0.010229,0.0153,-0.044167,0.010282,0.20063,0.97862
0.018366,-0.010275,0.01526,-0.044307,0.010378,0.20028,0.97868
0.018513,-0.010275,0.015161,-0.044524,0.010372,0.19979,0.97877
0.018658,-0.010216,0.015049,-0.044734,0.010193,0.19929,0.97887
0.018819,-0.010151,0.014963,-0.044953,0.009699,0.19865,0.97899
0.019,-0.010059,0.01482,-0.045395,0.0091419,0.19795,0.97912
0.01913,-0.010031,0.01464,-0.045885,0.0087065,0.1972,0.97925
0.019176,-0.010051,0.014463,-0.046438,0.0085178,0.19696,0.97927
0.019381,-0.010106,0.014325,-0.046705,0.0086247,0.19628,0.9794
0.019561,-0.010155,0.014217,-0.04677,0.0088027,0.19576,0.9795
0.019639,-0.010225,0.014231,-0.046533,0.0091415,0.19536,0.97958
0.019676,-0.010234,0.014216,-0.046177,0.0095498,0.19521,0.97963
0.019296,-0.010467,0.014211,-0.045758,0.0098701,0.19694,0.9793
0.01922,-0.010451,0.014203,-0.045303,0.010105,0.19666,0.97937
0.019148,-0.01039,0.01411,-0.044914,0.010144,0.19615,0.97949
0.019137,-0.010306,0.014062,-0.044529,0.010174,0.19548,0.97964
0.019092,-0.010256,0.013994,-0.044265,0.010146,0.19477,0.9798
0.01912,-0.010199,0.013908,-0.043974,0.010232,0.19374,0.98001
0.019157,-0.010113,0.013845,-0.043561,0.010374,0.19277,0.98022
0.019225,-0.010068,0.013827,-0.043056,0.010525,0.19183,0.98043
0.019363,-0.0099843,0.013818,-0.04244,0.010426,0.19093,0.98063
0.019457,-0.0098919,0.013774,-0.041787,0.010369,0.18995,0.98085
0.019529,-0.0098232,0.013677,-0.041271,0.010342,0.18893,0.98107
0.019605,-0.0097276,0.013509,-0.040976,0.010415,0.18772,0.98131
0.019703,-0.009616,0.013302,-0.040731,0.010517,0.18635,0.98158
0.01984,-0.0095325,0.013145,-0.040386,0.010445,0.18485,0.98188
0.020003,-0.0094352,0.013014,-0.039817,0.010262,0.18336,0.98219
0.020151,-0.0093377,0.012975,-0.039211,0.010221,0.18202,0.98246
0.020263,-0.0092668,0.012873,-0.038795,0.010345,0.18078,0.9827
0.020306,-0.0092057,0.012836,-0.03853,0.010774,0.17973,0.9829
0.020384,-0.0091033,0.012797,-0.038267,0.011207,0.17873,0.98309
0.020448,-0.0090766,0.012721,-0.037992,0.011555,0.17777,0.98327
0.020542,-0.0090165,0.012651,-0.03771,0.011729,0.17679,0.98346
0.020665,-0.0089818,0.012502,-0.037642,0.011834,0.17565,0.98366
0.020773,-0.0089465,0.0123,-0.037646,0.011829,0.17427,0.98391
0.020948,-0.0088805,0.012079,-0.037648,0.011729,0.17274,0.98418
0.02117,-0.0087862,0.011863,-0.037557,0.011531,0.17095,0.9845
0.021421,-0.0086765,0.011622,-0.037552,0.011321,0.16907,0.98482
0.021601,-0.0086004,0.011403,-0.037655,0.011403,0.16779,0.98504
0.021743,-0.008577,0.011205,-0.037902,0.011721,0.16698,0.98516
0.021796,-0.0086339,0.010979,-0.038165,0.012229,0.16643,0.98524
0.021823,-0.0086868,0.010777,-0.038333,0.012663,0.16597,0.9853
0.021819,-0.0087311,0.010576,-0.038481,0.012839,0.16552,0.98537
0.02188,-0.0087674,0.010348,-0.038617,0.012829,0.16487,0.98548
0.021864,-0.008797,0.010105,-0.038976,0.012922,0.16408,0.98559
0.021848,-0.0088768,0.0098245,-0.039297,0.013057,0.1632,0.98572
0.021873,-0.0089191,0.0095655,-0.039539,0.013275,0.16218,0.98588
0.022088,-0.0088466,0.0093222,-0.039504,0.013192,0.1602,0.9862
0.022239,-0.0088008,0.0091509,-0.039151,0.012956,0.15881,0.98645
0.022386,-0.0087119,0.0089775,-0.038793,0.012707,0.15724,0.98672
0.022491,-0.0086498,0.0088189,-0.038841,0.012654,0.15583,0.98694
0.022595,-0.00862,0.0085835,-0.039117,0.012726,0.1546,0.98712
0.022602,-0.0086517,0.0083311,-0.03934,0.012695,0.15373,0.98725
0.022673,-0.008613,0.0081369,-0.03943,0.012701,0.15262,0.98742
0.022693,-0.0085526,0.0079575,-0.03942,0.01293,0.15144,0.9876
0.022693,-0.0085295,0.0077149,-0.039346,0.013495,0.15004,0.9878
0.022763,-0.0084768,0.0075599,-0.03919,0.014141,0.14845,0.98804
0.022815,-0.0084244,0.0073822,-0.038658,0.014914,0.14637,0.98836
0.022892,-0.0082981,0.0073217,-0.037762,0.015471,0.14452,0.98866
0.022951,-0.0081119,0.0073198,-0.03632,0.015718,0.14259,0.98899
0.023011,-0.0078881,0.0073682,-0.034739,0.015847,0.14067,0.98932
0.022922,-0.0077311,0.0073645,-0.033521,0.016238,0.13921,0.98956
0.022747,-0.0075999,0.0073224,-0.032919,0.017248,0.138,0.98973
0.022551,-0.0075114,0.0072007,-0.032617,0.018274,0.13674,0.9899
0.022306,-0.0073717,0.0070531,-0.032273,0.019249,0.13531,0.99009
0.022129,-0.0072365,0.0069316,-0.031781,0.020017,0.13385,0.99029
0.021996,-0.0071121,0.0067494,-0.031238,0.020654,0.13231,0.9905
0.021803,-0.0069557,0.0065905,-0.030797,0.02146,0.13081,0.9907
0.021561,-0.0067408,0.0064269,-0.030348,0.022161,0.12905,0.99093
0.02136,-0.0064867,0.0063572,-0.029705,0.022624,0.12738,0.99115
0.021168,-0.0061834,0.0063218,-0.028861,0.022763,0.12583,0.99137
0.020856,-0.0059097,0.006289,-0.027873,0.022721,0.12463,0.99155
0.020509,-0.0056689,0.0061812,-0.027273,0.022782,0.12355,0.9917
0.020112,-0.0055168,0.0059754,-0.027129,0.023,0.12271,0.99181
0.019676,-0.0054003,0.0057193,-0.027468,0.023314,0.12192,0.99189
0.019383,-0.0053006,0.0053879,-0.028133,0.023429,0.12117,0.99196
0.019107,-0.0051672,0.0050834,-0.028735,0.023237,0.12027,0.99205
0.018873,-0.00503,0.0047417,-0.029179,0.022656,0.11918,0.99218
0.018624,-0.0049547,0.0043786,-0.029349,0.021924,0.11814,0.99232
0.018463,-0.0048801,0.0041161,-0.029115,0.021091,0.11708,0.99247
0.018276,-0.0047656,0.0038445,-0.028414,0.020325,0.1158,0.99266
0.018206,-0.0046572,0.0036946,-0.027257,0.019794,0.11423,0.99288
0.018182,-0.0044934,0.0035439,-0.025774,0.019442,0.11235,0.99314
0.018208,-0.0043196,0.0034645,-0.024294,0.019171,0.11041,0.9934
0.018246,-0.0042436,0.0033046,-0.023314,0.019163,0.10842,0.99365
0.018234,-0.0041794,0.0031577,-0.022895,0.01963,0.10641,0.99386
0.018251,-0.004168,0.003003,-0.022869,0.0201,0.10424,0.99409
0.018293,-0.0040755,0.0028413,-0.02291,0.020299,0.102,0.99431
0.018348,-0.0039647,0.0027425,-0.022816,0.01991,0.09988,0.99454
0.018348,-0.0038027,0.0026546,-0.022469,0.019062,0.097741,0.99478
0.018343,-0.0035671,0.0025863,-0.02188,0.017918,0.095435,0.99503
0.01839,-0.0033152,0.0024578,-0.021299,0.016753,0.092791,0.99532
0.018441,-0.0030885,0.0022903,-0.020681,0.015716,0.090087,0.9956
0.018631,-0.0028406,0.0021613,-0.020102,0.015083,0.086967,0.99589
0.018722,-0.0026731,0.0019879,-0.019694,0.014929,0.084049,0.99616
0.018857,-0.0025683,0.0017685,-0.019665,0.015273,0.08127,0.99638
0.018955,-0.0024578,0.0015816,-0.019828,0.015778,0.078495,0.99659
0.019141,-0.0022679,0.0013769,-0.01989,0.015983,0.074994,0.99686
0.019178,-0.0021844,0.0011608,-0.020031,0.01579,0.072824,0.99702
0.019136,-0.0020259,0.0010023,-0.020002,0.015628,0.070919,0.99716
0.019013,-0.0018817,0.00077878,-0.019883,0.015474,0.069048,0.9973
0.018835,-0.0017007,0.00056289,-0.019639,0.015359,0.066955,0.99744
0.018612,-0.0014811,0.00028382,-0.019412,0.015405,0.06468,0.9976
0.018399,-0.0012749,-8.7836e-05,-0.019316,0.015489,0.062489,0.99774
0.018245,-0.0011376,-0.00042527,-0.019048,0.015596,0.060429,0.99787
0.018027,-0.0010317,-0.00069552,-0.018505,0.015475,0.058515,0.998
0.017764,-0.00095194,-0.00093376,-0.017992,0.015319,0.056812,0.99811
0.017485,-0.00092445,-0.0011792,-0.017702,0.015202,0.055291,0.9982
0.017142,-0.00088147,-0.0014509,-0.017551,0.015199,0.053677,0.99829
0.016802,-0.00081285,-0.0018097,-0.017513,0.014956,0.051861,0.99839
0.016476,-0.00072306,-0.0021825,-0.017555,0.014606,0.049831,0.9985
0.01615,-0.00066132,-0.0026384,-0.017808,0.014098,0.047605,0.99861
0.015571,-0.00069866,-0.0030753,-0.018164,0.013574,0.0473,0.99862
0.015326,-0.00071929,-0.0036221,-0.018542,0.013004,0.044944,0.99873
0.015154,-0.00072301,-0.004082,-0.018839,0.012425,0.042331,0.99885
0.01497,-0.00070983,-0.0045251,-0.018913,0.011812,0.039622,0.99897
0.014865,-0.00066393,-0.0048707,-0.018996,0.011206,0.036971,0.99907
0.014668,-0.00062057,-0.0051985,-0.018946,0.010655,0.03439,0.99917
0.014424,-0.000574,-0.005474,-0.019128,0.01032,0.032065,0.99925
0.014087,-0.00053993,-0.0059053,-0.019768,0.010312,0.02999,0.9993
0.013743,-0.00054011,-0.0063563,-0.020709,0.010798,0.027848,0.99934
0.013515,-0.00051235,-0.0068295,-0.021676,0.011525,0.025433,0.99938
0.012948,-0.00059213,-0.0071467,-0.021676,0.011525,0.025433,0.99938
0.012802,-0.00068606,-0.0076172,-0.02274,0.012423,0.023094,0.9994
0.013331,-0.00068319,-0.0081766,-0.024648,0.013499,0.017761,0.99945
0.012957,-0.00082605,-0.0083515,-0.024648,0.013499,0.017761,0.99945
0.012973,-0.0008571,-0.0087046,-0.025425,0.013517,0.015561,0.99946
0.012862,-0.00086327,-0.0090434,-0.025999,0.013221,0.013636,0.99948
0.012681,-0.00085624,-0.0093575,-0.026254,0.012833,0.011926,0.9995
0.012455,-0.00085391,-0.0097368,-0.026581,0.012754,0.010376,0.99951
0.012174,-0.00093233,-0.010192,-0.027294,0.013269,0.0090985,0.9995
0.01182,-0.0010271,-0.010765,-0.028237,0.014455,0.0077412,0.99947
0.011586,-0.0010943,-0.011213,-0.029028,0.015805,0.006027,0.99944
0.011393,-0.0011525,-0.011614,-0.029484,0.016878,0.0043586,0.99941
0.01128,-0.0011771,-0.011883,-0.029519,0.017411,0.0025077,0.99941
0.0111,-0.0011943,-0.012111,-0.029298,0.017584,0.000842,0.99942
0.010842,-0.0010865,-0.012252,-0.028979,0.017606,-0.00059633,0.99942
0.010435,-0.0010096,-0.012522,-0.0287,0.017576,-0.0021171,0.99943
0.010005,-0.00096173,-0.012886,-0.028504,0.018005,-0.0038385,0.99942
0.0096576,-0.00086711,-0.013222,-0.028265,0.018383,-0.0057298,0.99941
0.0092638,-0.00080129,-0.013607,-0.028043,0.019015,-0.0076831,0.9994
0.008875,-0.00076114,-0.014,-0.027753,0.019824,-0.0096886,0.99937
0.0085606,-0.00070766,-0.014295,-0.027379,0.020634,-0.011782,0.99934
0.0083703,-0.00064274,-0.014492,-0.026878,0.020927,-0.013976,0.99932
0.0081443,-0.00055961,-0.014629,-0.026364,0.021141,-0.016038,0.9993
0.0079005,-0.00043008,-0.014707,-0.025829,0.021019,-0.017988,0.99928
0.0075213,-0.00028579,-0.014906,-0.025518,0.020555,-0.019568,0.99927
0.0071032,-0.00013085,-0.015136,-0.025428,0.020106,-0.021319,0.99925
0.006801,2.6534e-05,-0.015408,-0.025529,0.019778,-0.023638,0.9992
0.0065908,0.00019537,-0.01571,-0.025828,0.019591,-0.026303,0.99913
0.0065006,0.00034816,-0.015978,-0.026213,0.019381,-0.029183,0.99904
0.0065162,0.00051715,-0.016251,-0.026641,0.019115,-0.032232,0.99894
0.0065494,0.00066459,-0.016472,-0.026892,0.018785,-0.035148,0.99884
0.0067015,0.00080675,-0.016598,-0.026879,0.018483,-0.037942,0.99875
0.0068057,0.00095091,-0.016676,-0.026654,0.018338,-0.040534,0.99865
0.0068782,0.0011033,-0.016699,-0.026232,0.018333,-0.043266,0.99855
0.006859,0.0012843,-0.016718,-0.025685,0.018375,-0.046088,0.99844
0.0068138,0.0015449,-0.016777,-0.025217,0.018324,-0.048904,0.99832
0.0067494,0.0017406,-0.01692,-0.024963,0.018203,-0.051883,0.99818
0.0066547,0.0019678,-0.017061,-0.02493,0.018013,-0.055025,0.99801
0.0066286,0.0021419,-0.017311,-0.025252,0.017861,-0.058507,0.99781
0.0066875,0.0022821,-0.017541,-0.025843,0.017757,-0.062247,0.99757
0.0067453,0.0024397,-0.017837,-0.026691,0.017642,-0.065849,0.99732
0.0068112,0.0026264,-0.018149,-0.027523,0.017366,-0.069269,0.99707
0.0069383,0.0027821,-0.01842,-0.02801,0.01703,-0.072733,0.99681
0.0077279,0.0028776,-0.018202,-0.028194,0.016767,-0.076077,0.99656
0.0077892,0.0030282,-0.018382,-0.028261,0.016745,-0.079179,0.99632
0.0071565,0.0031555,-0.018902,-0.028374,0.016778,-0.082067,0.99608
0.0071007,0.003294,-0.019044,-0.028616,0.016946,-0.084658,0.99585
0.0069254,0.0034126,-0.019221,-0.028971,0.016904,-0.087019,0.99564
0.0067267,0.0035144,-0.019389,-0.029359,0.016739,-0.089242,0.99544
0.006465,0.003619,-0.019604,-0.029826,0.016579,-0.091247,0.99524
0.0062609,0.003709,-0.019825,-0.030322,0.016298,-0.093072,0.99506
0.0060414,0.0037569,-0.020054,-0.030685,0.015897,-0.094936,0.99488
0.0061957,0.0037466,-0.020044,-0.030962,0.015596,-0.096677,0.99471
0.0059218,0.0037761,-0.020344,-0.031212,0.015518,-0.098346,0.99454
0.0056702,0.0038049,-0.020592,-0.031383,0.01564,-0.099685,0.9944
0.0053749,0.0038608,-0.020829,-0.031457,0.015704,-0.10068,0.9943
0.005008,0.0038442,-0.021103,-0.031433,0.015691,-0.10162,0.9942
0.0046263,0.0038444,-0.021349,-0.031411,0.015687,-0.10244,0.99412
0.0043326,0.003831,-0.021584,-0.031516,0.015718,-0.10322,0.99404
0.0040512,0.0038068,-0.021744,-0.031844,0.01588,-0.10369,0.99397
0.0037983,0.003822,-0.021896,-0.032105,0.01575,-0.10407,0.99393
0.0036107,0.003797,-0.022006,-0.032446,0.015523,-0.10452,0.99387
0.0033858,0.0038044,-0.022098,-0.032883,0.015115,-0.10423,0.99389
0.0031197,0.0038444,-0.022248,-0.033293,0.014477,-0.10349,0.99397
0.0028216,0.0038244,-0.022435,-0.033913,0.014247,-0.10291,0.99401
0.0026012,0.0038145,-0.022644,-0.034243,0.014043,-0.10297,0.994
0.0025217,0.0038265,-0.022832,-0.034244,0.013838,-0.10352,0.99394
0.0025327,0.003843,-0.022996,-0.033982,0.013541,-0.10445,0.99386
0.0026083,0.0038546,-0.023059,-0.03359,0.013305,-0.10526,0.99379
0.0026645,0.0038412,-0.023118,-0.033076,0.013218,-0.10591,0.99374
0.0026829,0.0038164,-0.023102,-0.032573,0.013329,-0.10619,0.99372
0.002743,0.003808,-0.022989,-0.031991,0.01363,-0.10626,0.99373
0.0028391,0.0037484,-0.022842,-0.031575,0.014027,-0.10595,0.99377
0.0028332,0.0037032,-0.022726,-0.031341,0.014422,-0.10551,0.99382
0.0028195,0.0037223,-0.022565,-0.031223,0.014766,-0.10497,0.99388
0.0027577,0.0037463,-0.022531,-0.031263,0.01494,-0.10421,0.99395
0.002731,0.0037451,-0.022535,-0.031216,0.014999,-0.104,0.99397
0.0027927,0.0037351,-0.022537,-0.031071,0.014795,-0.10399,0.99398
0.0029271,0.0037281,-0.022592,-0.030877,0.014449,-0.10423,0.99397
0.0031899,0.0036982,-0.022626,-0.030726,0.014139,-0.10451,0.99395
0.0034662,0.0035662,-0.022726,-0.030901,0.014016,-0.10489,0.9939
0.0035573,0.0034223,-0.022888,-0.031193,0.014078,-0.1042,0.99397
0.0038631,0.0032612,-0.023055,-0.031691,0.014232,-0.10458,0.99391
0.0041762,0.0030998,-0.023262,-0.032274,0.014399,-0.10467,0.99388
0.0043984,0.002933,-0.0235,-0.033024,0.014662,-0.10437,0.99388
0.0045324,0.0028054,-0.023745,-0.033913,0.015072,-0.10365,0.99392
0.0045897,0.0026578,-0.024015,-0.034759,0.01551,-0.10318,0.99393
0.0046888,0.0025176,-0.024281,-0.03521,0.015644,-0.10327,0.99391
0.0048786,0.002421,-0.024455,-0.035107,0.015368,-0.10364,0.99388
0.0051023,0.0023205,-0.024594,-0.034628,0.01469,-0.104,0.99387
0.0052527,0.0022402,-0.024679,-0.034144,0.014014,-0.10431,0.99386
0.005645,0.0021333,-0.02477,-0.033939,0.013626,-0.10597,0.9937
0.0056637,0.0019584,-0.024958,-0.034158,0.013647,-0.10605,0.99368
0.005614,0.0017873,-0.025216,-0.034563,0.013834,-0.10601,0.99367
0.0055981,0.0016679,-0.025369,-0.035051,0.014026,-0.1058,0.99367
0.0056243,0.0015187,-0.025507,-0.03547,0.013932,-0.1054,0.9937
0.0056111,0.0013555,-0.02565,-0.035739,0.013634,-0.10494,0.99374
0.0057354,0.0012833,-0.025692,-0.035918,0.01316,-0.10469,0.99377
0.0058327,0.0011809,-0.025736,-0.035893,0.012904,-0.10464,0.99378
0.0059521,0.0011159,-0.025699,-0.035555,0.012539,-0.10462,0.9938
0.0061834,0.0010847,-0.025603,-0.034986,0.011884,-0.10472,0.99382
0.0063933,0.0010309,-0.025503,-0.034327,0.011237,-0.10478,0.99384
0.0066294,0.00099968,-0.025431,-0.033766,0.010663,-0.10497,0.99384
0.0069096,0.00096317,-0.025375,-0.033522,0.010279,-0.10517,0.99384
0.0071429,0.00093688,-0.025337,-0.033518,0.010182,-0.10533,0.99382
0.0074746,0.00087744,-0.025286,-0.033736,0.01011,-0.10554,0.99379
0.007679,0.00079672,-0.025332,-0.034076,0.010094,-0.10536,0.9938
0.0080005,0.00079026,-0.02535,-0.03424,0.0099013,-0.10547,0.99378
0.008325,0.00071952,-0.025329,-0.034309,0.0096262,-0.10563,0.99377
0.0086591,0.0007131,-0.025234,-0.034122,0.0093661,-0.10588,0.99375
0.0089565,0.0006884,-0.025139,-0.033851,0.0092003,-0.10608,0.99374
0.0092586,0.00067011,-0.025041,-0.033508,0.0091201,-0.10643,0.99371
0.0094604,0.00069052,-0.024878,-0.033107,0.009009,-0.1066,0.99371
0.0097323,0.00072293,-0.024686,-0.032623,0.008914,-0.10665,0.99372
0.0098985,0.00077465,-0.024492,-0.032181,0.0087764,-0.10665,0.99374
0.01008,0.00082312,-0.024306,-0.031902,0.0086283,-0.10656,0.99376
0.010345,0.00085832,-0.024227,-0.031823,0.0085153,-0.10712,0.9937
0.010471,0.00082534,-0.024143,-0.031854,0.0083885,-0.10702,0.99371
0.010657,0.00084366,-0.024112,-0.032012,0.0082032,-0.10701,0.99371
0.010794,0.00082915,-0.024109,-0.032165,0.0080195,-0.10695,0.99371
0.010966,0.00081829,-0.024101,-0.03214,0.0076707,-0.10701,0.99371
0.011098,0.00080262,-0.024072,-0.031934,0.0072605,-0.10691,0.99373
0.011297,0.00079984,-0.024031,-0.031642,0.0068425,-0.10702,0.99373
0.011516,0.00076477,-0.023996,-0.031366,0.0066,-0.10709,0.99373
0.011651,0.00072712,-0.023962,-0.031055,0.0065788,-0.1071,0.99374
0.011751,0.00070664,-0.023954,-0.030764,0.0067368,-0.10703,0.99376
0.011836,0.00069469,-0.023924,-0.030684,0.0069278,-0.10682,0.99378
0.011872,0.00066684,-0.023912,-0.030693,0.0070227,-0.1067,0.99379
0.011963,0.00061964,-0.023883,-0.030685,0.0069423,-0.10661,0.9938
0.012061,0.00061645,-0.023867,-0.030795,0.0067228,-0.10651,0.99381
0.012083,0.00061116,-0.023871,-0.030821,0.0065048,-0.1065,0.99381
0.012116,0.00067371,-0.023847,-0.030846,0.0063851,-0.10627,0.99384
0.012153,0.00074319,-0.023822,-0.030754,0.006306,-0.10627,0.99384
0.012146,0.00081582,-0.023787,-0.030576,0.0062338,-0.10627,0.99385
0.012181,0.0009423,-0.02359,-0.030097,0.0062299,-0.10623,0.99387
0.012224,0.0010202,-0.023427,-0.029515,0.0060629,-0.10615,0.99389
0.012289,0.0010483,-0.023304,-0.028994,0.0060034,-0.10637,0.99389
0.012399,0.0010525,-0.023185,-0.028603,0.0059964,-0.10629,0.99391
0.012442,0.0010517,-0.023113,-0.028426,0.0060171,-0.10617,0.99392
0.012421,0.0010053,-0.023074,-0.028469,0.0060674,-0.106,0.99394
0.012486,0.0010581,-0.023017,-0.028423,0.0060279,-0.106,0.99394
0.012576,0.0010772,-0.022942,-0.028329,0.0059397,-0.10612,0.99393
0.012649,0.0011429,-0.022861,-0.028138,0.0056958,-0.10611,0.99394
0.012707,0.0011969,-0.022779,-0.027993,0.0054913,-0.1061,0.99395
0.012702,0.0012157,-0.022778,-0.027946,0.0054518,-0.1061,0.99395
0.012692,0.001238,-0.022809,-0.02794,0.0053659,-0.10609,0.99395
0.012673,0.001217,-0.022826,-0.027884,0.0052513,-0.10592,0.99397
0.01269,0.0012592,-0.02277,-0.027778,0.0050989,-0.10569,0.994
0.012686,0.0012458,-0.022716,-0.027591,0.0050445,-0.10539,0.99404
0.012529,0.0012481,-0.022638,-0.027414,0.0050797,-0.10505,0.99408
0.012427,0.001316,-0.022535,-0.027174,0.0048999,-0.10475,0.99412
0.012501,0.0013806,-0.022412,-0.026889,0.0046752,-0.10452,0.99415
0.012491,0.0014544,-0.022296,-0.026586,0.0041875,-0.10437,0.99417
0.012367,0.0014932,-0.022266,-0.026474,0.0038509,-0.10435,0.99418
0.012439,0.0015015,-0.02225,-0.026449,0.0035951,-0.10429,0.99419
0.012508,0.0015047,-0.022242,-0.026566,0.0033685,-0.10432,0.99418
0.012554,0.0014692,-0.022242,-0.026494,0.0029801,-0.10438,0.99418
0.012636,0.0014815,-0.022257,-0.026566,0.0028016,-0.10437,0.99418
0.01273,0.001453,-0.02231,-0.026743,0.0028793,-0.10429,0.99418
0.012726,0.0013958,-0.02233,-0.02688,0.0030033,-0.1042,0.99419
0.012726,0.0013891,-0.022307,-0.026853,0.0032267,-0.10413,0.9942
0.01271,0.0013804,-0.022295,-0.026781,0.0035126,-0.10381,0.99423
0.012768,0.0014004,-0.02222,-0.026585,0.0037388,-0.10391,0.99422
0.012799,0.0013997,-0.02214,-0.026291,0.0038931,-0.10388,0.99423
0.012819,0.0014279,-0.022047,-0.025904,0.0039684,-0.10385,0.99425
0.012856,0.0014816,-0.02191,-0.025468,0.0039218,-0.10377,0.99427
0.012874,0.0015439,-0.021786,-0.025066,0.0038307,-0.10365,0.99429
0.0129,0.0016079,-0.021681,-0.024849,0.0038978,-0.10352,0.99431
0.0129,0.0016768,-0.021638,-0.024848,0.0039031,-0.10344,0.99432
0.012907,0.0017086,-0.021633,-0.025095,0.0038077,-0.10326,0.99433
0.01294,0.0017113,-0.021624,-0.025379,0.0035837,-0.10302,0.99435
0.012969,0.0016928,-0.021575,-0.025617,0.0034131,-0.10266,0.99438
0.013051,0.0016831,-0.021568,-0.025696,0.0033205,-0.10266,0.99438
0.013146,0.0016468,-0.021504,-0.02555,0.003116,-0.10265,0.99438
0.013215,0.0016514,-0.021503,-0.025361,0.0029596,-0.1026,0.9944
0.013324,0.0016535,-0.02147,-0.025053,0.0028492,-0.10268,0.99439
0.013319,0.0016669,-0.021423,-0.024878,0.0028735,-0.10252,0.99442
0.013423,0.0016589,-0.021381,-0.024557,0.00267,-0.10268,0.99441
0.0135,0.0017198,-0.021298,-0.024428,0.0026265,-0.10285,0.99439
0.013613,0.0017602,-0.021151,-0.024299,0.002583,-0.10302,0.99438
0.013698,0.0017939,-0.021036,-0.024221,0.0026702,-0.10312,0.99437
0.013796,0.0018173,-0.020965,-0.02419,0.002797,-0.10321,0.99436
