0,0,0,4.9065e-17,0,-2.9439e-17,1
6.021e-05,0.00014426,0.00045627,0.00086932,4.4159e-05,-7.6819e-05,1
0.00014016,0.00025801,0.00090726,0.0014418,0.00019629,-0.00034852,1
-0.00020374,0.00019185,0.0012865,0.0017966,0.00020927,-0.00049873,1
-0.00016379,0.00029208,0.0016748,0.0020187,0.00026244,-0.00061764,1
-6.8162e-05,0.00041801,0.0020397,0.0022282,0.00065699,-0.00083285,1
3.2886e-05,0.00053535,0.002463,0.0026565,0.0010159,-0.0010739,1
0.00030073,-0.00011142,0.0029414,0.0032058,0.0013693,-0.00183,0.99999
0.00043575,4.0899e-05,0.0033875,0.0038645,0.0016968,-0.0022326,0.99999
0.00054148,7.4929e-05,0.0037667,0.0044213,0.0014531,-0.0026222,0.99999
0.00061232,9.4591e-05,0.004155,0.0048902,0.0010381,-0.0028401,0.99998
0.00062734,0.00012131,0.0044657,0.0051426,0.00056738,-0.0030251,0.99998
0.00036295,0.00011939,0.0047911,0.0053483,0.00018304,-0.0018327,0.99998
0.0001113,-2.1088e-05,0.0051253,0.005408,-3.2235e-05,-0.0019095,0.99998
6.3622e-05,-7.009e-05,0.0055245,0.005476,0.00031625,-0.0019144,0.99998
2.8476e-05,-8.4682e-05,0.0059619,0.0055378,0.00075471,-0.0018811,0.99998
-8.5301e-05,-8.0859e-05,0.0063475,0.0054238,0.0011827,-0.0018134,0.99998
-9.5218e-05,-0.00051797,0.0067285,0.0053859,0.0017038,-0.0016569,0.99998
-0.00041935,-0.00066115,0.0070463,0.0056254,0.0023196,-0.0018351,0.99998
-0.00053698,-0.00069922,0.007383,0.0062096,0.0028661,-0.0019437,0.99997
-0.00071434,-0.00079086,0.0077477,0.0069749,0.0032497,-0.0020363,0.99997
-0.00083823,-0.00081079,0.0080236,0.0075299,0.003326,-0.0019614,0.99996
-0.00085898,-0.0012664,0.0083123,0.0079589,0.0032653,-0.0018456,0.99996
-0.00090638,-0.0013098,0.0086773,0.0083437,0.0033287,-0.0018224,0.99996
-0.00099292,-0.0013082,0.0089884,0.0087176,0.003568,-0.0017636,0.99995
-0.0010742,-0.0012982,0.0093473,0.009088,0.0038059,-0.0016596,0.99995
-0.0011206,-0.0012985,0.0097004,0.009499,0.0040892,-0.0015541,0.99995
-0.0011777,-0.0013971,0.010046,0.0097207,0.0042876,-0.001113,0.99994
-0.0014593,-0.0015447,0.010304,0.009757,0.0044189,-0.0011142,0.99994
-0.0014481,-0.0014833,0.01054,0.0098883,0.0045534,-0.0012411,0.99994
-0.001396,-0.0014431,0.010783,0.01024,0.0047359,-0.0014825,0.99994
-0.001304,-0.001375,0.011069,0.010771,0.0048428,-0.0017556,0.99993
-0.0012662,-0.0013019,0.011344,0.011308,0.0047763,-0.0019783,0.99992
-0.0025205,-0.0017673,0.011551,0.011514,0.0045209,-0.0022629,0.99992
-0.0024188,-0.0016462,0.011667,0.011405,0.0043762,-0.00248,0.99992
-0.0023743,-0.0015804,0.01181,0.011115,0.004316,-0.0026289,0.99993
-0.0023313,-0.0015147,0.011926,0.010814,0.00451,-0.0028264,0.99993
-0.0022227,-0.0014174,0.012075,0.010498,0.0048787,-0.0029431,0.99993
-0.0027928,-0.0015478,0.012247,0.010328,0.0052072,-0.0032674,0.99993
-0.002606,-0.001444,0.012377,0.010249,0.0054543,-0.0035838,0.99993
-0.0024626,-0.0013206,0.01248,0.010215,0.0055734,-0.0038484,0.99992
-0.0023311,-0.0012049,0.012622,0.010359,0.0057862,-0.0042358,0.99992
-0.0023079,-0.0011559,0.01281,0.010638,0.0060222,-0.0040513,0.99992
-0.002564,-0.001155,0.012967,0.010953,0.0062442,-0.0044278,0.99991
-0.0024273,-0.00099057,0.013126,0.011237,0.0061616,-0.004753,0.99991
-0.0023361,-0.00082057,0.013255,0.011392,0.0059494,-0.0049554,0.99991
-0.0022809,-0.00068672,0.01335,0.011411,0.0056888,-0.0050336,0.99991
-0.002324,-0.00061261,0.013447,0.011456,0.0054774,-0.0048933,0.99991
-0.0023817,-0.00059559,0.013502,0.011487,0.0056113,-0.0048085,0.99991
-0.0024178,-0.00055464,0.013567,0.011645,0.0058784,-0.0048054,0.9999
-0.002437,-0.00048784,0.013674,0.012061,0.0060757,-0.0046974,0.9999
-0.0024552,-0.00046004,0.013776,0.012666,0.0060252,-0.0046158,0.99989
-0.002553,-0.00042571,0.013818,0.013261,0.0058053,-0.0042669,0.99989
-0.002497,-0.00043496,0.013786,0.013932,0.0054497,-0.0043005,0.99988
-0.0024648,-0.0004013,0.013681,0.014421,0.0050864,-0.0042138,0.99987
-0.0023456,-0.00037101,0.013444,0.014706,0.0045839,-0.0041819,0.99987
-0.0022174,-0.00036846,0.013217,0.014856,0.0041164,-0.0041144,0.99987
-0.0021183,-0.00036638,0.012986,0.014995,0.0038248,-0.0040111,0.99987
-0.0021621,-0.00039334,0.012806,0.015055,0.0036095,-0.0040879,0.99987
-0.0020895,-0.00032656,0.012574,0.015065,0.0035209,-0.0041713,0.99987
-0.0020166,-0.00024764,0.012308,0.014903,0.0034233,-0.0042656,0.99987
-0.0019718,-0.0002676,0.011919,0.014563,0.0033191,-0.0042848,0.99988
-0.0019573,-0.0002962,0.011481,0.014256,0.0032615,-0.0041714,0.99988
-0.0022945,-0.00048651,0.011079,0.014183,0.002999,-0.0041691,0.99989
-0.0022869,-0.00056163,0.01064,0.014158,0.0026918,-0.0042036,0.99989
-0.0022422,-0.00065351,0.010133,0.014221,0.0023071,-0.0041892,0.99989
-0.0022468,-0.00075,0.0096374,0.014193,0.0020038,-0.0041828,0.99989
-0.0023765,-0.0009161,0.0092139,0.014394,0.0016383,-0.0036374,0.99989
-0.0024122,-0.0010544,0.0088226,0.014889,0.0014431,-0.003773,0.99988
-0.0024034,-0.0011656,0.0084844,0.015552,0.0013429,-0.0039003,0.99987
-0.0024418,-0.0012626,0.0081088,0.016082,0.0011956,-0.0039485,0.99986
-0.0024081,-0.0013679,0.0076526,0.016571,0.0010903,-0.0040458,0.99985
-0.0023633,-0.0015035,0.0071911,0.017026,0.00093329,-0.0042714,0.99985
-0.0023131,-0.0016412,0.0066973,0.01775,0.00087209,-0.0047004,0.99983
-0.0022693,-0.001791,0.0063828,0.018952,0.00087226,-0.0052278,0.99981
-0.0021544,-0.0019408,0.0060012,0.020512,0.00088682,-0.0059504,0.99977
-0.0020139,-0.0020543,0.0056563,0.02239,0.00069967,-0.0067335,0.99973
-0.0019463,-0.0022306,0.0053151,0.024381,0.0002298,-0.0070243,0.99968
-0.0017078,-0.0024295,0.0048725,0.026287,-0.00047728,-0.0078327,0.99962
-0.0015046,-0.0026448,0.0044474,0.028161,-0.0012307,-0.0087734,0.99956
-0.001279,-0.0029046,0.004056,0.03017,-0.001941,-0.0098343,0.99949
-0.00097835,-0.0031413,0.0037417,0.032401,-0.0025202,-0.011099,0.99941
-0.00070693,-0.0033495,0.0034529,0.034996,-0.0028533,-0.012177,0.99931
-0.00034967,-0.0035613,0.003212,0.037976,-0.0029578,-0.013364,0.99918
-4.2181e-05,-0.0037885,0.0030036,0.041196,-0.0028699,-0.014413,0.99904
-0.0001192,-0.0037799,0.0031208,0.044706,-0.0027222,-0.015313,0.99888
0.00016994,-0.0040268,0.0029137,0.048346,-0.0026106,-0.016203,0.9987
0.00022245,-0.0043313,0.0027177,0.052227,-0.0025049,-0.016079,0.9985
0.00052929,-0.0045763,0.0025401,0.056481,-0.0024542,-0.017055,0.99825
0.00082694,-0.0048749,0.0024251,0.060989,-0.0023913,-0.01797,0.99797
0.0011259,-0.0051368,0.0022993,0.065326,-0.0025084,-0.01876,0.99768
0.0014428,-0.0054265,0.0021376,0.069131,-0.0025615,-0.019413,0.99742
0.0018325,-0.005714,0.0018478,0.072579,-0.0024582,-0.020007,0.99716
0.0022684,-0.0060014,0.0015965,0.075812,-0.0022384,-0.020749,0.9969
0.0027081,-0.0062935,0.0013835,0.079125,-0.0019295,-0.021444,0.99663
0.0032017,-0.006588,0.0011017,0.082664,-0.0016573,-0.022295,0.99633
0.0036575,-0.0068238,0.00094433,0.086418,-0.0014183,-0.023087,0.99599
0.004217,-0.0070339,0.00070948,0.090523,-0.0011663,-0.024028,0.9956
0.0047166,-0.0072058,0.00056125,0.09492,-0.00077244,-0.024864,0.99517
0.0052348,-0.0073605,0.00043142,0.099271,-0.00058912,-0.025568,0.99473
0.0057352,-0.0075154,0.00011706,0.1029,-0.00082645,-0.025961,0.99435
0.0062904,-0.0075903,-0.00046864,0.10554,-0.0013254,-0.026413,0.99406
0.0067567,-0.0077854,-0.0012291,0.10745,-0.0017525,-0.026269,0.99386
0.0073211,-0.0078566,-0.002037,0.10901,-0.0019991,-0.026717,0.99368
0.0078754,-0.0079835,-0.0027807,0.11062,-0.0018947,-0.027084,0.99349
0.0084202,-0.0080634,-0.0034832,0.11275,-0.0015921,-0.027553,0.99324
0.0089504,-0.008151,-0.0040145,0.11574,-0.0010024,-0.028141,0.99288
0.0094949,-0.0082412,-0.0044022,0.11961,-0.00031956,-0.028585,0.99241
0.010034,-0.0082666,-0.0046281,0.12418,0.00013726,-0.028843,0.99184
0.010554,-0.008357,-0.0049417,0.12872,3.2616e-05,-0.028911,0.99126
0.011056,-0.0084096,-0.0053587,0.13285,-0.0006029,-0.028732,0.99072
0.011545,-0.0084644,-0.0058801,0.13632,-0.0015627,-0.028416,0.99026
0.012094,-0.0084569,-0.0065504,0.13946,-0.0022868,-0.028173,0.98982
0.01262,-0.0084578,-0.0071391,0.14256,-0.0024894,-0.027948,0.98939
0.013218,-0.0084575,-0.0077199,0.14577,-0.0023008,-0.027813,0.98892
0.013933,-0.0084333,-0.0082919,0.14912,-0.0020691,-0.027798,0.98843
0.014635,-0.00844,-0.0088375,0.15278,-0.0017825,-0.027806,0.98787
0.015311,-0.0084985,-0.0093385,0.15696,-0.0012519,-0.027609,0.98722
0.016026,-0.0085312,-0.0097026,0.16207,-0.00039355,-0.027874,0.98639
0.016792,-0.0085581,-0.0098914,0.16801,0.00084457,-0.028132,0.98538
0.017583,-0.008539,-0.010008,0.17422,0.0019189,-0.028364,0.9843
0.018453,-0.0085003,-0.010237,0.17987,0.0025833,-0.028492,0.98327
0.019291,-0.0083597,-0.010675,0.18444,0.0025141,-0.028417,0.98243
0.020112,-0.0081353,-0.011491,0.1879,0.0019668,-0.028233,0.98178
0.020964,-0.0079244,-0.012442,0.19068,0.0014747,-0.028101,0.98125
0.021833,-0.0077247,-0.013464,0.19345,0.0012393,-0.028107,0.98071
0.022713,-0.0076344,-0.014422,0.19667,0.0014106,-0.028264,0.98006
0.023516,-0.0076534,-0.015268,0.2006,0.0020863,-0.028167,0.97927
0.024416,-0.0077349,-0.015905,0.20569,0.0031017,-0.028469,0.9782
0.0253,-0.0078237,-0.016318,0.21188,0.004419,-0.02874,0.97686
0.026285,-0.0078102,-0.016617,0.21867,0.0057546,-0.02905,0.97535
0.027342,-0.0076954,-0.017047,0.22501,0.0064281,-0.029112,0.9739
0.028114,-0.0075501,-0.017873,0.2299,0.0064694,-0.026841,0.97282
0.029365,-0.0074244,-0.019065,0.23321,0.005222,-0.026381,0.97206
0.030592,-0.0072206,-0.020462,0.2354,0.0038471,-0.025871,0.97155
0.031831,-0.0071701,-0.021832,0.23722,0.0031462,-0.025538,0.97112
0.03302,-0.0071531,-0.023084,0.2393,0.0032755,-0.025297,0.97061
0.034275,-0.0070607,-0.024079,0.24211,0.0039004,-0.025188,0.96991
0.035538,-0.0069202,-0.024938,0.24586,0.0046423,-0.02527,0.96897
0.036847,-0.0067598,-0.025661,0.25073,0.0051636,-0.025431,0.96771
0.038205,-0.0066111,-0.0262,0.25642,0.0055892,-0.025221,0.96622
0.039593,-0.0064678,-0.026678,0.26189,0.005542,-0.02471,0.96477
0.040851,-0.0063224,-0.027345,0.26584,0.0047319,-0.023255,0.96373
0.042221,-0.0060926,-0.028339,0.26795,0.0029248,-0.022475,0.96317
0.043594,-0.005738,-0.029447,0.26883,0.0010254,-0.021787,0.96294
0.044926,-0.0053603,-0.030586,0.26943,-5.5018e-05,-0.021059,0.96279
0.046188,-0.0049976,-0.031647,0.2703,-0.00030157,-0.020205,0.96257
0.04737,-0.0046539,-0.032622,0.27151,-0.0003939,-0.018982,0.96225
0.048554,-0.0042984,-0.033525,0.27339,-0.00082883,-0.018259,0.96173
0.049747,-0.0039715,-0.034312,0.27606,-0.0015881,-0.017811,0.96097
0.050982,-0.003692,-0.03489,0.27939,-0.002203,-0.017575,0.96002
0.052162,-0.0034921,-0.035322,0.28271,-0.0027345,-0.017428,0.95904
0.053303,-0.0031953,-0.035815,0.28521,-0.0035837,-0.016816,0.95831
0.05459,-0.0027796,-0.036489,0.28655,-0.0050037,-0.016537,0.95791
0.055874,-0.0022272,-0.03736,0.28708,-0.0066615,-0.016099,0.95775
0.057037,-0.0016022,-0.038317,0.28706,-0.0081522,-0.015233,0.95776
0.058122,-0.0010049,-0.039315,0.2871,-0.0093726,-0.014111,0.95775
0.059184,-0.00050895,-0.040218,0.28771,-0.01054,-0.013204,0.95757
0.060322,-9.1993e-05,-0.040901,0.28945,-0.011679,-0.012729,0.95704
0.061477,0.00019288,-0.041333,0.29233,-0.012792,-0.012509,0.95615
0.062636,0.0004218,-0.04159,0.29563,-0.014054,-0.01208,0.95512
0.063696,0.00065884,-0.041743,0.29881,-0.015539,-0.011476,0.95412
0.064774,0.0010448,-0.041914,0.30129,-0.017298,-0.010835,0.95331
0.065904,0.0014889,-0.042245,0.30282,-0.019143,-0.010396,0.9528
0.067092,0.0021021,-0.042682,0.30347,-0.020754,-0.0098613,0.95256
0.068192,0.0027764,-0.043221,0.30326,-0.021903,-0.0088898,0.95262
0.069178,0.0034676,-0.043866,0.30259,-0.022801,-0.0076592,0.95282
0.07032,0.0040645,-0.044371,0.30343,-0.023675,-0.0073045,0.95253
0.071069,0.0045037,-0.044684,0.3043,-0.024584,-0.0069046,0.95224
0.072791,0.0051459,-0.045455,0.30601,-0.025692,-0.006384,0.95166
0.073886,0.0054704,-0.045785,0.30798,-0.027066,-0.0053186,0.95099
0.07486,0.0057294,-0.046032,0.30973,-0.028573,-0.0038742,0.95039
0.075839,0.0061625,-0.046596,0.30982,-0.030523,-0.0025061,0.9503
0.076142,0.0063367,-0.047008,0.30984,-0.032481,-0.0010983,0.95023
0.077223,0.0069681,-0.047703,0.30891,-0.034382,0.00027428,0.95047
0.079182,0.0079999,-0.048617,0.30751,-0.035683,0.0018053,0.95087
0.0803,0.0086364,-0.049305,0.30691,-0.036745,0.0031778,0.95102
0.081384,0.0092268,-0.049893,0.30718,-0.037721,0.0051811,0.95089
0.081856,0.0095302,-0.050209,0.3079,-0.039263,0.0063699,0.95059
0.083944,0.010385,-0.05107,0.30848,-0.041248,0.0078691,0.9503
0.085215,0.01098,-0.051789,0.30844,-0.043499,0.0096725,0.9502
0.086392,0.011498,-0.052479,0.30773,-0.04572,0.011637,0.9503
0.087421,0.011945,-0.053233,0.30614,-0.047554,0.014516,0.95069
0.087279,0.012019,-0.054028,0.30367,-0.049386,0.017328,0.95134
0.088584,0.012732,-0.054915,0.30103,-0.051397,0.01974,0.95202
0.091441,0.01404,-0.055737,0.29924,-0.053499,0.02149,0.95244
0.092928,0.014761,-0.056401,0.29862,-0.055298,0.023016,0.95249
0.09428,0.015304,-0.056837,0.29914,-0.056458,0.025959,0.95218
0.094855,0.015478,-0.057076,0.29914,-0.056458,0.025959,0.95218
0.097166,0.016193,-0.057493,0.30121,-0.059981,0.031276,0.95116
0.098687,0.016641,-0.057806,0.30185,-0.06235,0.034532,0.95069
0.10024,0.017173,-0.058248,0.30196,-0.064899,0.038186,0.95034
0.10254,0.017906,-0.058363,0.30196,-0.064899,0.038186,0.95034
0.10228,0.017729,-0.059033,0.30121,-0.067101,0.042889,0.95023
0.10278,0.018162,-0.060268,0.2966,-0.070749,0.05207,0.95095
0.10594,0.019317,-0.060337,0.2944,-0.072067,0.055891,0.95132
0.10734,0.019849,-0.060572,0.29336,-0.073055,0.059274,0.95136
0.10947,0.020568,-0.060514,0.29336,-0.073055,0.059274,0.95136
0.10904,0.02034,-0.060911,0.2935,-0.073219,0.064727,0.95095
0.11206,0.021374,-0.060566,0.29391,-0.074413,0.068496,0.95047
0.11357,0.021815,-0.060601,0.29403,-0.076407,0.072274,0.94999
0.11514,0.022335,-0.060773,0.29367,-0.078885,0.076332,0.94958
0.11673,0.02283,-0.061023,0.29264,-0.08159,0.080998,0.94928
0.1164,0.022733,-0.062071,0.29078,-0.084244,0.087297,0.94907
0.11732,0.023152,-0.062755,0.28762,-0.087515,0.093341,0.94916
0.12051,0.024411,-0.062805,0.28387,-0.091042,0.099006,0.94938
0.12193,0.02511,-0.063376,0.2808,-0.094351,0.10358,0.94948
0.12327,0.025665,-0.063625,0.27933,-0.096795,0.10752,0.94923
0.12324,0.025631,-0.064151,0.27943,-0.098391,0.11167,0.94856
0.12449,0.025942,-0.06376,0.28044,-0.099925,0.11578,0.94761
0.12703,0.026719,-0.062511,0.28171,-0.10228,0.11981,0.94648
0.12843,0.027063,-0.062219,0.28276,-0.10569,0.12376,0.94528
0.1286,0.027036,-0.062918,0.28344,-0.11008,0.12781,0.94404
0.1301,0.027468,-0.062991,0.28354,-0.11527,0.13225,0.94278
0.13173,0.027882,-0.063337,0.28299,-0.12086,0.13668,0.94161
0.13468,0.028732,-0.06295,0.28174,-0.12623,0.14119,0.94061
0.13605,0.029167,-0.062979,0.28007,-0.13035,0.14532,0.93992
0.13628,0.029231,-0.063907,0.27831,-0.13262,0.14894,0.93956
0.13754,0.029699,-0.063528,0.27698,-0.1332,0.15252,0.9393
0.13962,0.0305,-0.0615,0.27651,-0.13341,0.15573,0.93888
0.14064,0.030868,-0.060681,0.27676,-0.1343,0.15906,0.93812
0.14183,0.031199,-0.060088,0.27704,-0.13658,0.16297,0.93704
0.14196,0.031179,-0.060918,0.27687,-0.14039,0.16738,0.93575
0.14335,0.031501,-0.06094,0.27614,-0.14544,0.1722,0.93431
0.1449,0.031912,-0.061342,0.27446,-0.15145,0.17698,0.93296
0.14736,0.032621,-0.060864,0.27183,-0.15698,0.18172,0.93191
0.14841,0.032871,-0.061007,0.26842,-0.16061,0.18632,0.93137
0.14862,0.032904,-0.06219,0.26508,-0.16236,0.1905,0.93117
0.14931,0.03309,-0.061642,0.26301,-0.16274,0.19517,0.93073
0.14922,0.033236,-0.060727,0.26174,-0.16323,0.19843,0.93031
0.15044,0.033748,-0.058211,0.26108,-0.16419,0.20169,0.92962
0.15118,0.034121,-0.057291,0.26032,-0.16606,0.20473,0.92884
0.15135,0.034389,-0.058055,0.25918,-0.16891,0.20756,0.92801
0.15216,0.034844,-0.057507,0.25768,-0.17187,0.21128,0.92705
0.15353,0.035549,-0.057073,0.25527,-0.17508,0.21351,0.9266
0.15521,0.036393,-0.055301,0.25215,-0.17771,0.21565,0.92646
0.15603,0.036939,-0.0549,0.24843,-0.1796,0.21785,0.92659
0.15637,0.03741,-0.055853,0.24489,-0.1808,0.21964,0.92688
0.15695,0.037799,-0.055073,0.24258,-0.18146,0.22238,0.9267
0.1565,0.038112,-0.05422,0.24135,-0.18257,0.22404,0.9264
0.15749,0.038634,-0.05186,0.24095,-0.18379,0.22563,0.92588
0.15816,0.038963,-0.05099,0.24052,-0.18541,0.22729,0.92526
0.15875,0.039209,-0.051655,0.23951,-0.18748,0.22901,0.92469
0.15944,0.039447,-0.051125,0.23803,-0.18992,0.2315,0.92395
0.16031,0.039801,-0.050771,0.23584,-0.19314,0.233,0.92347
0.16156,0.040282,-0.049362,0.23333,-0.19664,0.23426,0.92305
0.16236,0.040608,-0.049044,0.23052,-0.19985,0.23533,0.92279
0.16264,0.040847,-0.049839,0.22768,-0.20209,0.23616,0.92279
0.16317,0.041105,-0.049059,0.22548,-0.20309,0.23701,0.9229
0.16396,0.041458,-0.046588,0.22421,-0.20335,0.23744,0.92304
0.16431,0.041727,-0.045314,0.22401,-0.20336,0.23778,0.923
0.16472,0.041982,-0.043968,0.22431,-0.20365,0.23803,0.9228
0.16501,0.042248,-0.04412,0.22452,-0.20469,0.23828,0.92245
0.16579,0.042512,-0.043116,0.22433,-0.20655,0.23847,0.92203
0.1665,0.042692,-0.041291,0.22348,-0.2093,0.23878,0.92154
0.16749,0.042948,-0.040862,0.2221,-0.21238,0.23907,0.92109
0.16839,0.04317,-0.040423,0.22039,-0.21508,0.23945,0.92078
0.16899,0.043327,-0.041021,0.2188,-0.21689,0.23998,0.92059
0.16951,0.043355,-0.040277,0.21778,-0.21752,0.24137,0.92032
0.16916,0.043261,-0.037803,0.21709,-0.21767,0.24221,0.92023
0.16954,0.043398,-0.036529,0.21673,-0.21788,0.24302,0.92005
0.16993,0.043595,-0.035274,0.21658,-0.21863,0.24387,0.91969
0.17059,0.043988,-0.035665,0.21638,-0.22026,0.24463,0.91914
0.17123,0.044317,-0.034661,0.2158,-0.22286,0.24536,0.91845
0.17081,0.044485,-0.033923,0.21468,-0.22638,0.24582,0.91774
0.1717,0.044764,-0.032185,0.21278,-0.2305,0.24608,0.91708
0.17256,0.045119,-0.031816,0.21037,-0.23455,0.2462,0.91658
0.17317,0.045503,-0.032545,0.20799,-0.23719,0.24626,0.91642
0.17342,0.045539,-0.031712,0.20643,-0.2379,0.24745,0.91627
0.17314,0.045578,-0.030548,0.2054,-0.23755,0.24781,0.9165
0.17294,0.045515,-0.027617,0.20532,-0.23689,0.24808,0.91662
0.17285,0.04564,-0.02602,0.20593,-0.23647,0.24824,0.91654
0.17297,0.045824,-0.025907,0.20669,-0.23625,0.24824,0.91643
0.17297,0.045861,-0.024328,0.20719,-0.23637,0.24797,0.91636
0.17157,0.045754,-0.022921,0.20713,-0.23705,0.24748,0.91633
0.17172,0.045921,-0.021631,0.20664,-0.23856,0.24675,0.91624
0.17202,0.046195,-0.02061,0.20566,-0.24104,0.24578,0.91608
0.1725,0.04658,-0.01973,0.20436,-0.24388,0.24462,0.91593
0.17305,0.047016,-0.018864,0.20298,-0.2463,0.24327,0.91595
0.17348,0.047368,-0.01782,0.20198,-0.24749,0.24223,0.91612
0.17367,0.047596,-0.016583,0.20162,-0.24769,0.24137,0.91637
0.17362,0.047755,-0.015153,0.20171,-0.24749,0.24059,0.91661
0.17358,0.047856,-0.013624,0.20197,-0.24734,0.23975,0.91681
0.17356,0.047966,-0.012162,0.20194,-0.24768,0.23873,0.917
0.17351,0.048066,-0.010801,0.20146,-0.24868,0.23755,0.91714
0.17374,0.048226,-0.0096228,0.20044,-0.25042,0.23605,0.91728
0.17415,0.048485,-0.008718,0.19876,-0.25337,0.23426,0.91729
0.17476,0.0489,-0.0081334,0.19634,-0.25773,0.2322,0.91712
0.17558,0.049438,-0.0077912,0.1934,-0.26277,0.22992,0.91689
0.17649,0.049997,-0.0074992,0.19052,-0.26753,0.22752,0.91671
0.17732,0.050492,-0.0070623,0.18829,-0.27121,0.22528,0.91665
0.17784,0.050834,-0.0064463,0.18677,-0.27381,0.22335,0.91666
0.17809,0.050989,-0.0055598,0.18587,-0.27525,0.22177,0.91679
0.17792,0.050971,-0.0043887,0.18547,-0.27533,0.2207,0.91711
0.17708,0.050759,-0.0029879,0.18533,-0.27446,0.21972,0.91763
0.17657,0.050541,-0.0015567,0.18517,-0.27324,0.21881,0.91825
0.17607,0.050337,-0.00017515,0.18464,-0.27236,0.21777,0.91886
0.17563,0.050123,0.00098352,0.18352,-0.27224,0.21654,0.91941
0.17539,0.050026,0.0019019,0.18176,-0.27295,0.21499,0.91991
0.17501,0.049942,0.0025471,0.17957,-0.27435,0.21331,0.92032
0.17523,0.050017,0.0028627,0.17701,-0.27665,0.21135,0.92058
0.17564,0.05009,0.0029068,0.17407,-0.27978,0.20918,0.92069
0.17625,0.050215,0.0027533,0.17108,-0.28352,0.20685,0.92063
0.1769,0.050281,0.0025607,0.1681,-0.28726,0.2043,0.92059
0.17615,0.050177,0.0023905,0.16533,-0.29037,0.20201,0.92062
0.1765,0.050022,0.002407,0.1627,-0.29269,0.19982,0.92083
0.17674,0.049769,0.0024929,0.16016,-0.29443,0.19771,0.92118
0.17682,0.049473,0.0026635,0.15761,-0.2958,0.19556,0.92164
0.17692,0.049105,0.0028299,0.1547,-0.29695,0.19339,0.92222
0.1771,0.048762,0.0029243,0.1513,-0.29836,0.19106,0.92282
0.17749,0.048514,0.002811,0.14724,-0.30093,0.18839,0.92319
0.17821,0.048288,0.0024513,0.1426,-0.30521,0.18519,0.92316
0.17938,0.04813,0.0018028,0.1375,-0.31109,0.18148,0.9227
0.18077,0.048003,0.00097094,0.13249,-0.31797,0.1776,0.92185
0.18104,0.04769,0.00025231,0.12802,-0.32445,0.17392,0.92092
0.18174,0.047277,-9.925e-05,0.12472,-0.32858,0.17091,0.92047
0.18177,0.046673,1.92e-05,0.12279,-0.32955,0.1689,0.92076
0.18093,0.045939,0.00058042,0.12198,-0.32797,0.16771,0.92165
0.17957,0.045044,0.0015268,0.12191,-0.32498,0.16704,0.92284
0.17828,0.04409,0.0026974,0.1217,-0.32203,0.16631,0.92403
0.17689,0.043206,0.0038422,0.12112,-0.31999,0.16529,0.92499
0.1757,0.042421,0.0048299,0.11992,-0.31922,0.16407,0.92563
0.17485,0.041771,0.0055352,0.11819,-0.31964,0.16249,0.92599
0.17431,0.040891,0.0059505,0.11594,-0.32125,0.16048,0.92607
0.17398,0.040416,0.006065,0.11318,-0.32382,0.15827,0.9259
0.17392,0.040046,0.0058678,0.11003,-0.32711,0.15576,0.92554
0.17586,0.040444,0.0047687,0.10678,-0.33074,0.15318,0.92507
0.17586,0.040002,0.004547,0.10359,-0.33407,0.15063,0.92465
0.17565,0.039496,0.0045527,0.10066,-0.33674,0.14838,0.92437
0.17529,0.039035,0.0047654,0.097984,-0.33863,0.14631,0.9243
0.17472,0.038427,0.0051433,0.095744,-0.33992,0.14447,0.92435
0.17398,0.037844,0.0056705,0.093837,-0.34111,0.14274,0.92437
0.17323,0.037273,0.0061992,0.092063,-0.34235,0.14102,0.92436
0.17238,0.036645,0.0067004,0.090394,-0.3437,0.13971,0.92422
0.17154,0.036126,0.0071319,0.088335,-0.34526,0.1379,0.92411
0.17081,0.035585,0.0074987,0.085975,-0.34678,0.13602,0.92404
0.17011,0.035112,0.0078203,0.083201,-0.34834,0.1339,0.92402
0.16946,0.034673,0.008096,0.080005,-0.34982,0.13157,0.92407
0.16885,0.034175,0.0084308,0.076556,-0.35125,0.12914,0.92417
0.16822,0.033736,0.0087247,0.072943,-0.35267,0.12652,0.92428
0.16774,0.033205,0.0090663,0.069418,-0.35419,0.12396,0.92432
0.16724,0.032705,0.0093306,0.066104,-0.35557,0.12136,0.92438
0.16676,0.032227,0.0096625,0.063126,-0.35691,0.11887,0.92439
0.16629,0.031722,0.0099961,0.06045,-0.3584,0.1165,0.9243
0.16579,0.031153,0.010267,0.057696,-0.36023,0.11418,0.92405
0.16542,0.030606,0.010433,0.054729,-0.36213,0.11186,0.92377
0.16505,0.030085,0.010626,0.051518,-0.36421,0.1094,0.92343
0.16467,0.029538,0.010768,0.047919,-0.36627,0.10691,0.9231
0.16421,0.028971,0.010891,0.044101,-0.36821,0.10436,0.92281
0.16361,0.028443,0.011115,0.040507,-0.36968,0.10205,0.92265
0.16278,0.027953,0.011374,0.037172,-0.37058,0.10005,0.92265
0.16175,0.027369,0.011814,0.034487,-0.37106,0.098418,0.92274
0.16059,0.026846,0.012358,0.032233,-0.37163,0.096867,0.92275
0.15954,0.02641,0.012889,0.03006,-0.37275,0.095081,0.92256
0.15857,0.025859,0.013418,0.027761,-0.37443,0.092924,0.92217
0.15801,0.025569,0.013846,0.024993,-0.37678,0.090385,0.92154
0.15756,0.025335,0.014203,0.021613,-0.37964,0.087613,0.92072
0.15728,0.025056,0.014455,0.017842,-0.38231,0.084719,0.91997
0.15662,0.024667,0.014678,0.014017,-0.38438,0.082926,0.91934
0.15656,0.024296,0.014958,0.0098488,-0.38703,0.080098,0.91853
0.15606,0.024013,0.01523,0.0058824,-0.38929,0.077226,0.91785
0.15544,0.023719,0.015561,0.0019548,-0.39074,0.074574,0.91747
0.15468,0.023477,0.016013,-0.0016382,-0.39195,0.07201,0.91716
0.15374,0.023176,0.016544,-0.0047943,-0.39312,0.06996,0.91681
0.15258,0.023265,0.017154,-0.0078554,-0.39419,0.067734,0.9165
0.15174,0.023035,0.017672,-0.011082,-0.39528,0.065372,0.91616
0.15102,0.022824,0.018037,-0.014675,-0.3966,0.062822,0.91572
0.15049,0.022548,0.018314,-0.018765,-0.39823,0.060084,0.91513
0.15009,0.02224,0.018481,-0.023318,-0.3997,0.05697,0.91458
0.14955,0.021929,0.018576,-0.027775,-0.40184,0.054155,0.91369
0.14937,0.021544,0.018653,-0.032071,-0.40483,0.051355,0.91238
0.14921,0.021123,0.018761,-0.035961,-0.40746,0.048696,0.91122
0.14897,0.020737,0.018874,-0.039628,-0.4095,0.04632,0.91027
0.14859,0.020417,0.01899,-0.042938,-0.41097,0.044026,0.90957
0.14802,0.020133,0.019153,-0.045814,-0.41213,0.04161,0.90902
0.14757,0.019868,0.019359,-0.048503,-0.41329,0.038948,0.90847
0.14721,0.01948,0.019554,-0.05155,-0.41498,0.036076,0.90765
0.14702,0.019002,0.019745,-0.055128,-0.41756,0.03318,0.90637
0.14709,0.018507,0.019756,-0.059186,-0.42096,0.030171,0.90464
0.14742,0.018015,0.019726,-0.063388,-0.42481,0.027003,0.90266
0.14775,0.017547,0.019566,-0.067414,-0.42911,0.024005,0.90041
0.1482,0.017089,0.01936,-0.071232,-0.43345,0.021114,0.89811
0.1486,0.016603,0.019048,-0.074848,-0.43773,0.018406,0.8958
0.14883,0.01618,0.018531,-0.078192,-0.44193,0.016145,0.89349
0.14886,0.015667,0.018111,-0.081585,-0.44556,0.013634,0.89142
0.14878,0.015059,0.017685,-0.084985,-0.44894,0.011026,0.88945
0.14861,0.014299,0.017156,-0.088708,-0.45229,0.0086591,0.88741
0.1484,0.013536,0.016527,-0.092746,-0.45592,0.0067662,0.88515
0.14832,0.012857,0.015792,-0.09671,-0.45977,0.0050247,0.88274
0.14833,0.012117,0.014963,-0.10041,-0.46358,0.0032541,0.88034
0.14836,0.011525,0.014087,-0.10401,-0.46768,0.0013792,0.87776
0.14845,0.010917,0.013256,-0.1075,-0.47223,-0.00067663,0.8749
0.14874,0.01036,0.012439,-0.11099,-0.4771,-0.0031878,0.8718
0.1491,0.0098045,0.011741,-0.11456,-0.48275,-0.0060019,0.86821
0.14924,0.0091033,0.011048,-0.11874,-0.48914,-0.0091047,0.86404
0.14983,0.0084661,0.010244,-0.12313,-0.49595,-0.012318,0.85949
0.15051,0.0076943,0.0092839,-0.12756,-0.5029,-0.01539,0.85474
0.15097,0.0069469,0.0083908,-0.13165,-0.50952,-0.018066,0.85014
0.15123,0.0063034,0.0074951,-0.13525,-0.51543,-0.02041,0.84594
0.15142,0.0057883,0.0065823,-0.13826,-0.52057,-0.022289,0.84225
0.15114,0.005366,0.0057263,-0.14077,-0.52513,-0.024217,0.83895
0.15071,0.0049927,0.0050334,-0.143,-0.52945,-0.026704,0.83578
0.15016,0.0045734,0.0043922,-0.14572,-0.53403,-0.029458,0.83229
0.14967,0.0039885,0.0036859,-0.14951,-0.53913,-0.032234,0.82822
0.14925,0.0031933,0.0030796,-0.15365,-0.54426,-0.035108,0.82398
0.14907,0.0025677,0.0022235,-0.15808,-0.54935,-0.038255,0.81961
0.14899,0.0019177,0.0012568,-0.16259,-0.55466,-0.04143,0.81498
0.14884,0.0013491,0.00021244,-0.16715,-0.56001,-0.044471,0.81023
0.14848,0.00087462,-0.00081379,-0.17134,-0.56522,-0.04741,0.80556
0.14805,0.00048472,-0.0018653,-0.17517,-0.57009,-0.05009,0.80113
0.14702,5.737e-05,-0.0029086,-0.17842,-0.57459,-0.052199,0.79705
0.14585,-0.0002506,-0.0038504,-0.18097,-0.57881,-0.053856,0.7933
0.14456,-0.00059077,-0.0048303,-0.18309,-0.58287,-0.055067,0.78975
0.14327,-0.00091601,-0.0059163,-0.18511,-0.5868,-0.056151,0.78629
0.14209,-0.00086388,-0.0070128,-0.18743,-0.59047,-0.05744,0.78289
0.14115,-0.0012739,-0.0081257,-0.19022,-0.59395,-0.059151,0.77945
0.14049,-0.0016759,-0.009248,-0.19348,-0.59771,-0.061207,0.7756
0.14002,-0.0020975,-0.010275,-0.19705,-0.60172,-0.063734,0.77139
0.13974,-0.0025705,-0.011202,-0.20067,-0.60601,-0.066628,0.76684
0.13946,-0.0029499,-0.012085,-0.2042,-0.61038,-0.069636,0.76216
0.13919,-0.0032142,-0.012978,-0.20731,-0.61474,-0.072492,0.75753
0.13889,-0.0033033,-0.013837,-0.20996,-0.61908,-0.074934,0.75302
0.1384,-0.0033015,-0.014744,-0.21192,-0.62334,-0.076786,0.74876
0.13693,-0.0029285,-0.016013,-0.21192,-0.62334,-0.076786,0.74876
0.13643,-0.0029473,-0.016316,-0.21367,-0.63122,-0.080339,0.74125
0.13554,-0.0027335,-0.016868,-0.21349,-0.63552,-0.082076,0.73743
0.1347,-0.0025311,-0.017248,-0.21343,-0.64026,-0.08387,0.73313
0.13406,-0.002322,-0.017519,-0.2136,-0.64531,-0.085993,0.72839
0.13275,-0.0019413,-0.018447,-0.2136,-0.64531,-0.085993,0.72839
0.13192,-0.0022294,-0.018668,-0.21364,-0.65042,-0.088317,0.72354
0.13237,-0.0021512,-0.018135,-0.21434,-0.66012,-0.092892,0.71392
0.13194,-0.0018545,-0.01843,-0.21471,-0.66429,-0.09426,0.70974
0.13118,-0.0016637,-0.018752,-0.21471,-0.66748,-0.095081,0.70663
0.12969,-0.0014315,-0.01941,-0.21471,-0.66748,-0.095081,0.70663
0.12794,-0.00097041,-0.019717,-0.21353,-0.67007,-0.094779,0.70458
0.12656,-0.0005482,-0.019632,-0.21213,-0.67411,-0.095511,0.70104
0.12495,-8.5875e-05,-0.019773,-0.21121,-0.67631,-0.095979,0.69913
0.12346,0.00047013,-0.019887,-0.21046,-0.67881,-0.096559,0.69685
0.12228,0.0010652,-0.019898,-0.21003,-0.68145,-0.097615,0.69425
0.1212,0.0016588,-0.019903,-0.20961,-0.6843,-0.098484,0.69145
0.1204,0.0021219,-0.019914,-0.20949,-0.68709,-0.099411,0.68858
0.11972,0.0024007,-0.019992,-0.20952,-0.68958,-0.10011,0.68597
0.11884,0.0025819,-0.020055,-0.20962,-0.69156,-0.10068,0.68386
0.11766,0.0028985,-0.020371,-0.20962,-0.69156,-0.10068,0.68386
0.11639,0.003166,-0.020444,-0.20974,-0.69319,-0.10077,0.68216
0.11519,0.0035186,-0.020631,-0.20998,-0.69445,-0.10085,0.68079
0.11387,0.0039389,-0.020831,-0.21001,-0.69552,-0.10072,0.6797
0.11251,0.0043435,-0.020991,-0.20995,-0.69663,-0.10036,0.67864
0.11128,0.0048115,-0.021195,-0.20984,-0.6978,-0.099833,0.67756
0.11117,0.0056451,-0.021292,-0.20975,-0.69897,-0.099471,0.67643
0.11013,0.0061133,-0.02144,-0.20951,-0.70035,-0.099085,0.67512
0.10919,0.0066543,-0.021487,-0.20938,-0.70187,-0.098651,0.67365
0.10825,0.0072746,-0.021497,-0.20934,-0.70338,-0.09805,0.67218
0.10725,0.00784,-0.021587,-0.20923,-0.70458,-0.097254,0.67107
0.10616,0.0078847,-0.021689,-0.20917,-0.70539,-0.096539,0.67034
0.10482,0.0084718,-0.021754,-0.20874,-0.70598,-0.095306,0.67003
0.10339,0.0090401,-0.021783,-0.20813,-0.70627,-0.093879,0.67012
0.10189,0.0096564,-0.021746,-0.20721,-0.70646,-0.092401,0.6704
0.10048,0.010312,-0.021669,-0.2061,-0.7067,-0.090949,0.67069
0.098837,0.010424,-0.02144,-0.20574,-0.70682,-0.090494,0.67073
0.097802,0.011247,-0.021138,-0.20449,-0.70733,-0.089232,0.67075
0.096785,0.012096,-0.020771,-0.20324,-0.70774,-0.088062,0.67085
0.09572,0.012966,-0.020259,-0.20198,-0.70796,-0.087037,0.67113
0.094703,0.013744,-0.019596,-0.20069,-0.70842,-0.085904,0.67118
0.093705,0.014369,-0.018977,-0.1996,-0.70876,-0.085006,0.67126
0.092624,0.015242,-0.018218,-0.19808,-0.70908,-0.083918,0.67151
0.091648,0.016025,-0.017487,-0.19657,-0.70936,-0.082788,0.6718
0.090699,0.016792,-0.016701,-0.19501,-0.70953,-0.081795,0.6722
0.089755,0.017547,-0.015915,-0.19335,-0.70942,-0.081037,0.67288
0.088856,0.018204,-0.015065,-0.19177,-0.70932,-0.08041,0.67351
0.088014,0.018866,-0.01421,-0.1902,-0.70933,-0.079817,0.67402
0.087179,0.019537,-0.013338,-0.18874,-0.70936,-0.079269,0.67447
0.086369,0.020241,-0.012553,-0.18738,-0.70944,-0.078682,0.67483
0.0856,0.020966,-0.011818,-0.18615,-0.70944,-0.078018,0.67524
0.085199,0.02126,-0.011162,-0.18653,-0.70901,-0.078463,0.67553
0.084491,0.021873,-0.010591,-0.18564,-0.70898,-0.077344,0.67594
0.083625,0.022423,-0.010063,-0.1848,-0.70882,-0.076026,0.6765
0.082681,0.022881,-0.0095804,-0.18401,-0.70843,-0.074771,0.67725
0.081701,0.023332,-0.0090966,-0.18322,-0.70788,-0.073703,0.67817
0.080773,0.024425,-0.0086349,-0.18286,-0.70728,-0.073087,0.67895
0.079905,0.024807,-0.0081641,-0.18262,-0.70683,-0.072253,0.67957
0.078995,0.025187,-0.0077003,-0.18238,-0.70637,-0.071419,0.6802
0.078113,0.025627,-0.0071976,-0.1821,-0.70575,-0.070466,0.68102
0.077216,0.026058,-0.0066879,-0.18178,-0.70507,-0.06943,0.68192
0.077695,0.026537,-0.006182,-0.18297,-0.70391,-0.069628,0.68278
0.076587,0.026969,-0.0056061,-0.18247,-0.70319,-0.068157,0.6838
0.075502,0.027389,-0.0050054,-0.18206,-0.70245,-0.066604,0.68482
0.07435,0.027862,-0.0043393,-0.18171,-0.70157,-0.064849,0.68598
0.073123,0.028388,-0.0037107,-0.18141,-0.70054,-0.062937,0.6873
0.07286,0.028715,-0.0030988,-0.18179,-0.69923,-0.061556,0.68865
0.071464,0.029167,-0.0023703,-0.18121,-0.69796,-0.059348,0.69028
0.069861,0.029647,-0.0015768,-0.1806,-0.6964,-0.056986,0.69221
0.068118,0.030128,-0.00072858,-0.17996,-0.69456,-0.054476,0.69443
0.066287,0.030585,0.00012673,-0.17952,-0.69236,-0.051959,0.69693
0.065766,0.031102,0.00092053,-0.17944,-0.68985,-0.049786,0.69959
0.064039,0.031581,0.0018632,-0.17898,-0.68745,-0.047455,0.70222
0.062431,0.031997,0.0029121,-0.17846,-0.68523,-0.045494,0.70465
0.06109,0.032507,0.0040969,-0.17787,-0.68346,-0.043967,0.70662
0.059988,0.033024,0.0053771,-0.17739,-0.68222,-0.042963,0.708
0.060759,0.033865,0.0067076,-0.17769,-0.68113,-0.042721,0.70899
0.05973,0.034426,0.0080965,-0.17741,-0.68015,-0.041878,0.71005
0.058507,0.035004,0.0094876,-0.17686,-0.67882,-0.040705,0.71152
0.056998,0.0356,0.010873,-0.17602,-0.67682,-0.038922,0.71373
0.055181,0.03622,0.012306,-0.17487,-0.67437,-0.036596,0.71646
0.053452,0.036801,0.013771,-0.17498,-0.67108,-0.035522,0.71956
0.051364,0.0374,0.015243,-0.17343,-0.66799,-0.032921,0.72293
0.049406,0.038065,0.016869,-0.17193,-0.66488,-0.030841,0.72624
0.047769,0.038766,0.018541,-0.17054,-0.66209,-0.029258,0.72917
0.046449,0.039445,0.020306,-0.16926,-0.65993,-0.02815,0.73147
0.045854,0.040231,0.022057,-0.17068,-0.65763,-0.030172,0.73313
0.044758,0.040921,0.023845,-0.16951,-0.656,-0.02933,0.7349
0.043584,0.041566,0.025551,-0.1685,-0.65397,-0.028223,0.73697
0.042168,0.042182,0.027242,-0.16762,-0.65146,-0.026641,0.73946
0.0404,0.042715,0.028936,-0.16661,-0.64831,-0.024623,0.74252
0.03896,0.044906,0.030581,-0.16685,-0.64434,-0.023811,0.74594
0.037095,0.045401,0.032325,-0.1658,-0.64052,-0.021361,0.74953
0.035453,0.045882,0.034057,-0.16491,-0.63697,-0.018941,0.75281
0.03417,0.046395,0.035735,-0.16435,-0.63394,-0.016844,0.75553
0.033259,0.046935,0.037392,-0.16408,-0.63158,-0.015143,0.75759
0.033157,0.045527,0.039014,-0.16623,-0.62984,-0.016464,0.75855
0.032839,0.045971,0.040598,-0.1665,-0.62865,-0.015527,0.75949
0.032514,0.046346,0.042105,-0.16698,-0.62751,-0.014597,0.76035
0.031987,0.046695,0.043573,-0.16758,-0.62592,-0.013446,0.76155
0.031112,0.047049,0.044889,-0.16817,-0.62351,-0.011879,0.76342
0.029743,0.047386,0.046153,-0.16905,-0.61911,-0.0096465,0.76683
0.028192,0.047665,0.047347,-0.16973,-0.61476,-0.0071372,0.7702
0.026639,0.047874,0.04851,-0.17047,-0.61007,-0.0045669,0.77378
0.025304,0.04789,0.049837,-0.17166,-0.60645,-0.0026345,0.77637
0.02431,0.047914,0.051067,-0.17333,-0.60342,-0.0010723,0.77835
0.025028,0.048158,0.052238,-0.17564,-0.60075,-0.00029716,0.77991
0.024472,0.04832,0.053205,-0.17771,-0.59814,0.00080016,0.78144
0.023879,0.048432,0.054149,-0.17966,-0.59525,0.0020122,0.7832
0.022987,0.048475,0.05506,-0.18145,-0.59188,0.003767,0.78533
0.021832,0.048413,0.056008,-0.1831,-0.58791,0.0059197,0.78791
0.020774,0.048859,0.057077,-0.18461,-0.5836,0.008363,0.79073
0.019243,0.048788,0.05823,-0.18599,-0.57921,0.010722,0.7936
0.017846,0.048706,0.059347,-0.18739,-0.57516,0.012889,0.79619
0.016694,0.048612,0.060508,-0.18896,-0.57171,0.014742,0.79826
0.015897,0.04856,0.061527,-0.19076,-0.56894,0.016198,0.79979
0.015623,0.048386,0.062471,-0.194,-0.56596,0.015573,0.80113
0.015096,0.048421,0.063397,-0.19602,-0.56313,0.016495,0.80261
0.014444,0.048347,0.06427,-0.19815,-0.55987,0.017385,0.80435
0.01361,0.048282,0.065185,-0.20021,-0.55622,0.018382,0.80635
0.01255,0.048097,0.06617,-0.20217,-0.55213,0.019748,0.80863
0.011447,0.047901,0.067222,-0.20403,-0.54769,0.021057,0.81115
0.010258,0.047691,0.06828,-0.20586,-0.54338,0.022374,0.81355
0.0092973,0.047435,0.069334,-0.20797,-0.53951,0.023317,0.81556
0.0085676,0.047173,0.070491,-0.21022,-0.53624,0.023863,0.81712
0.0081507,0.046967,0.071522,-0.21285,-0.53335,0.023979,0.81833
0.008564,0.04742,0.072494,-0.21596,-0.53042,0.023332,0.81944
0.0082525,0.047302,0.073363,-0.21869,-0.52747,0.0234,0.82061
0.0077795,0.047124,0.074327,-0.22134,-0.5242,0.023709,0.82199
0.0071222,0.046854,0.075287,-0.22388,-0.52058,0.024441,0.82358
0.0063486,0.046537,0.076116,-0.22627,-0.51647,0.025496,0.82547
0.0055416,0.046432,0.07703,-0.22867,-0.5123,0.026549,0.82738
0.0048725,0.04621,0.077859,-0.23106,-0.50831,0.027531,0.82914
0.0043616,0.046024,0.078646,-0.23367,-0.50478,0.028268,0.83054
0.0040575,0.045862,0.079322,-0.23649,-0.50168,0.028895,0.83159
0.0038915,0.045708,0.080031,-0.23945,-0.49877,0.029222,0.83249
0.0038369,0.045836,0.080648,-0.24262,-0.49577,0.029319,0.83336
0.0037513,0.045556,0.08106,-0.24581,-0.49258,0.029493,0.83431
0.0036146,0.045279,0.081518,-0.24901,-0.48921,0.029828,0.83533
0.0034127,0.044951,0.082006,-0.25214,-0.48557,0.030284,0.8365
0.0031407,0.044687,0.082545,-0.25513,-0.48174,0.030773,0.83779
0.0042781,0.044569,0.083074,-0.25903,-0.47728,0.0295,0.83919
0.0040744,0.044305,0.083669,-0.26194,-0.4735,0.029789,0.84041
0.0039711,0.04405,0.0842,-0.26495,-0.46994,0.029781,0.84147
0.004602,0.043574,0.08254,-0.26825,-0.46675,0.02957,0.8422
0.0048268,0.043259,0.082885,-0.27183,-0.46369,0.02922,0.84276
0.0057114,0.043021,0.083126,-0.27564,-0.46054,0.028772,0.84327
0.006093,0.042705,0.083208,-0.27977,-0.4572,0.02843,0.84374
0.0064303,0.042339,0.083248,-0.28396,-0.45351,0.028324,0.84433
0.0066871,0.041986,0.083288,-0.28804,-0.44943,0.028247,0.84513
0.0069051,0.04171,0.083301,-0.2919,-0.44517,0.028349,0.84606
0.0076515,0.041479,0.0834,-0.29607,-0.44063,0.027422,0.84701
0.0079711,0.0418,0.083402,-0.29988,-0.43652,0.027229,0.84781
0.0084481,0.041521,0.083385,-0.30382,-0.4326,0.026875,0.84843
0.0090858,0.041186,0.083417,-0.30796,-0.42891,0.02631,0.84882
0.0097878,0.040879,0.083477,-0.31215,-0.4254,0.025576,0.84909
0.011679,0.040723,0.083508,-0.31694,-0.4217,0.023296,0.84922
0.012618,0.040556,0.083574,-0.32097,-0.41877,0.022434,0.84918
0.013647,0.040421,0.083694,-0.32467,-0.41591,0.021637,0.8492
0.014575,0.04036,0.083828,-0.32814,-0.41289,0.02084,0.84936
0.015359,0.040344,0.084071,-0.33132,-0.40952,0.02026,0.84977
0.016582,0.040422,0.084337,-0.33464,-0.40545,0.018982,0.85045
0.017108,0.040218,0.084612,-0.33725,-0.4015,0.018521,0.8513
0.017713,0.040348,0.08497,-0.33978,-0.39766,0.017901,0.85211
0.018507,0.040395,0.085284,-0.3424,-0.39441,0.017136,0.85259
0.019517,0.040363,0.08561,-0.34529,-0.3916,0.016037,0.85274
0.020634,0.040197,0.085714,-0.34916,-0.38859,0.013282,0.85259
0.021907,0.039872,0.085768,-0.35263,-0.38638,0.011849,0.85219
0.023217,0.039742,0.085744,-0.35623,-0.38412,0.010538,0.85173
0.024356,0.039581,0.085816,-0.35966,-0.38145,0.0095179,0.8515
0.025225,0.039466,0.08589,-0.36272,-0.37815,0.0088677,0.85168
0.025954,0.039264,0.086107,-0.3662,-0.37347,0.0071373,0.85227
0.02636,0.040087,0.086341,-0.36898,-0.36887,0.0069929,0.85308
0.026604,0.039902,0.086616,-0.37187,-0.364,0.0069686,0.85392
0.026818,0.039733,0.086879,-0.37491,-0.35914,0.0067659,0.85465
0.027284,0.039437,0.087048,-0.37825,-0.35494,0.0061974,0.85493
0.029221,0.039143,0.087119,-0.38201,-0.35127,0.0050338,0.85478
0.030083,0.038468,0.087062,-0.38567,-0.3484,0.0042201,0.85432
0.03107,0.038117,0.086971,-0.38927,-0.34572,0.0034671,0.85378
0.031948,0.037753,0.086818,-0.39263,-0.34294,0.002889,0.85336
0.03262,0.03744,0.086673,-0.39572,-0.33992,0.0026132,0.85314
0.03314,0.037141,0.086719,-0.39888,-0.33608,0.0019935,0.8532
0.033268,0.03662,0.086882,-0.40152,-0.33184,0.0022825,0.85361
0.033211,0.036447,0.087174,-0.40389,-0.32717,0.0027781,0.8543
0.033158,0.036418,0.087543,-0.40606,-0.32256,0.0032028,0.85502
0.033301,0.036425,0.087864,-0.40818,-0.31857,0.003401,0.85551
0.033631,0.036357,0.088144,-0.4111,-0.31444,0.0011783,0.85564
0.034333,0.036368,0.088295,-0.41321,-0.31224,0.00086146,0.85543
0.035282,0.036328,0.088376,-0.41533,-0.31065,0.00035349,0.85498
0.03635,0.03633,0.088308,-0.41739,-0.30927,-0.00035202,0.85448
0.037426,0.036316,0.08818,-0.41933,-0.30793,-0.00088206,0.85401
0.038774,0.036306,0.088108,-0.42118,-0.30612,-0.0014724,0.85376
0.039614,0.037926,0.088124,-0.4226,-0.30368,-0.0016424,0.85392
0.040101,0.038161,0.088213,-0.42378,-0.30068,-0.0017027,0.8544
0.040551,0.038504,0.088356,-0.42465,-0.29761,-0.0017544,0.85504
0.041089,0.038874,0.088457,-0.42542,-0.29471,-0.0019223,0.85566
0.041821,0.039243,0.088428,-0.42626,-0.29219,-0.0023341,0.85611
0.042718,0.039978,0.088364,-0.427,-0.29023,-0.0028895,0.8564
0.043856,0.040226,0.088158,-0.42792,-0.28904,-0.003631,0.85635
0.045188,0.040391,0.087825,-0.42891,-0.28857,-0.0043394,0.85601
0.046606,0.0405,0.087434,-0.42996,-0.28816,-0.0049588,0.85561
0.048398,0.040538,0.086949,-0.4311,-0.28696,-0.0058376,0.85544
0.049475,0.040985,0.086442,-0.43212,-0.2851,-0.0061803,0.85554
0.050215,0.041156,0.085769,-0.43304,-0.28249,-0.0063828,0.85594
0.050786,0.041492,0.085153,-0.43367,-0.2794,-0.0062915,0.85664
0.051232,0.041966,0.084815,-0.43393,-0.27597,-0.0060716,0.85762
0.051795,0.042525,0.084561,-0.43395,-0.27255,-0.0058865,0.8587
0.052369,0.043078,0.084289,-0.43383,-0.2698,-0.0057057,0.85963
0.053281,0.043656,0.083957,-0.43366,-0.26802,-0.0056506,0.86027
0.054469,0.044147,0.083481,-0.43358,-0.26712,-0.0056932,0.8606
0.055792,0.044524,0.082895,-0.4337,-0.26662,-0.0058048,0.86069
0.057649,0.044828,0.082309,-0.43422,-0.2652,-0.007058,0.86086
0.058694,0.045172,0.081737,-0.43419,-0.26351,-0.0070924,0.86139
0.05931,0.045708,0.081345,-0.43388,-0.26057,-0.0070007,0.86244
0.059629,0.046414,0.081111,-0.43304,-0.25669,-0.0066255,0.86403
0.059704,0.047215,0.081036,-0.43183,-0.2522,-0.0059617,0.86596
0.059814,0.048095,0.080997,-0.43059,-0.24744,-0.0056993,0.86795
0.059959,0.048724,0.080902,-0.42907,-0.24348,-0.0046512,0.86982
0.060333,0.049436,0.08061,-0.42779,-0.24044,-0.003698,0.87131
0.060968,0.049863,0.079968,-0.42702,-0.23828,-0.0029411,0.87228
0.061758,0.05004,0.079098,-0.42702,-0.23659,-0.002627,0.87274
0.062635,0.050042,0.077964,-0.42789,-0.23517,-0.0026338,0.8727
0.063515,0.049876,0.076718,-0.42908,-0.23377,-0.0026985,0.87249
0.064212,0.04986,0.075546,-0.43006,-0.23191,-0.0023841,0.8725
0.064487,0.049958,0.074619,-0.43044,-0.22913,-0.0016552,0.87305
0.064263,0.050229,0.073981,-0.43011,-0.22485,-0.00044187,0.87433
0.063326,0.050748,0.073649,-0.42903,-0.21911,0.0012132,0.87631
0.062533,0.051522,0.073477,-0.42743,-0.21299,0.0027005,0.8786
0.061895,0.052163,0.073388,-0.42576,-0.2081,0.0040292,0.88057
0.061781,0.052627,0.07328,-0.42449,-0.20527,0.0050811,0.88184
0.06226,0.05284,0.072894,-0.42388,-0.20434,0.0055019,0.88235
0.063209,0.052844,0.072104,-0.42428,-0.20384,0.0040341,0.88228
0.06426,0.053228,0.071043,-0.42469,-0.20442,0.0037419,0.88195
0.065138,0.05315,0.069984,-0.42493,-0.20453,0.0035199,0.88181
0.065574,0.053354,0.069131,-0.42446,-0.20352,0.0036691,0.88227
0.065561,0.053779,0.068777,-0.42303,-0.20092,0.0042198,0.88355
0.065472,0.054474,0.068804,-0.42075,-0.19697,0.0049216,0.88552
0.065089,0.055812,0.069059,-0.41813,-0.19291,0.0056336,0.88765
0.064831,0.056551,0.069284,-0.41575,-0.19006,0.0061712,0.88938
0.065089,0.057049,0.069268,-0.41419,-0.18891,0.0064006,0.89035
0.065833,0.05727,0.068803,-0.41351,-0.18909,0.0060451,0.89063
0.067399,0.057153,0.067852,-0.41399,-0.18967,0.0039683,0.89029
0.068599,0.056723,0.06668,-0.41484,-0.19109,0.003042,0.8896
0.069772,0.056251,0.065443,-0.41587,-0.19209,0.0019606,0.8889
0.070792,0.055965,0.064337,-0.41654,-0.19239,0.00099304,0.88853
0.07149,0.055834,0.063468,-0.41671,-0.19154,0.00034545,0.88863
0.071834,0.055934,0.06296,-0.41599,-0.19035,0.0014058,0.88922
0.072206,0.057899,0.062714,-0.41494,-0.1875,0.0013303,0.89032
0.07224,0.058278,0.062503,-0.41349,-0.18457,0.0012236,0.8916
0.072457,0.05849,0.062298,-0.41226,-0.18254,0.0010585,0.89259
0.072995,0.058471,0.061848,-0.41158,-0.18171,0.00074846,0.89307
0.073681,0.058319,0.061278,-0.41169,-0.18119,-0.0010559,0.89313
0.074738,0.058056,0.060451,-0.41215,-0.18153,-0.0020539,0.89284
0.075829,0.057669,0.05959,-0.41287,-0.18171,-0.003114,0.89247
0.076696,0.057382,0.058756,-0.41346,-0.18118,-0.0040664,0.8923
0.077248,0.057331,0.058178,-0.41348,-0.17944,-0.0046607,0.89264
0.07556,0.057862,0.057959,-0.41259,-0.17595,-0.0048951,0.89375
0.074996,0.058441,0.058127,-0.41053,-0.1709,-0.0043689,0.89568
0.074065,0.059353,0.058749,-0.40737,-0.16447,-0.0035485,0.89832
0.072949,0.060342,0.059479,-0.40367,-0.15779,-0.0025817,0.90119
0.072075,0.061136,0.060196,-0.40019,-0.15191,-0.0017618,0.90375
0.07282,0.061544,0.060656,-0.39789,-0.14643,-0.003355,0.90567
0.072855,0.061642,0.060809,-0.39655,-0.14336,-0.003504,0.90674
0.073357,0.061522,0.06043,-0.39623,-0.14142,-0.0042176,0.90719
0.074151,0.061239,0.059748,-0.39658,-0.14017,-0.0052737,0.90722
0.075009,0.060936,0.05894,-0.3971,-0.13902,-0.0063336,0.90716
0.075698,0.060671,0.058072,-0.39736,-0.13737,-0.0071851,0.9073
0.076007,0.060567,0.057443,-0.39693,-0.13463,-0.007576,0.90789
0.075824,0.060652,0.057318,-0.39553,-0.13035,-0.007249,0.90913
0.075083,0.061027,0.057697,-0.39297,-0.12405,-0.0063816,0.91112
0.073836,0.061702,0.058569,-0.38956,-0.11603,-0.0050696,0.91365
0.072422,0.062546,0.059742,-0.3857,-0.10708,-0.0034149,0.91638
0.072061,0.061288,0.060377,-0.3857,-0.10708,-0.0034149,0.91638
0.070544,0.062301,0.061717,-0.3817,-0.097805,-0.0017201,0.91909
0.069173,0.063239,0.06288,-0.37778,-0.088894,3.3818e-05,0.92162
0.068066,0.063866,0.063695,-0.37428,-0.081206,0.0016025,0.92375
0.068069,0.064076,0.064216,-0.37151,-0.07512,0.0026804,0.92538
0.067779,0.064259,0.064278,-0.36969,-0.07074,0.0031268,0.92645
0.067856,0.064135,0.063988,-0.36879,-0.068139,0.003294,0.92701
0.06822,0.063983,0.063361,-0.36855,-0.066604,0.0031232,0.92721
0.068695,0.063828,0.062646,-0.36871,-0.065452,0.0026865,0.92723
0.068871,0.063807,0.06202,-0.36871,-0.064204,0.0022989,0.92732
0.069164,0.064531,0.061626,-0.36821,-0.062387,0.0020416,0.92764
0.069041,0.064773,0.061629,-0.36692,-0.05962,0.0023922,0.92834
0.068608,0.065198,0.062109,-0.3646,-0.055721,0.0032309,0.92949
0.067913,0.065709,0.062957,-0.36135,-0.050731,0.0045911,0.93104
0.067061,0.06632,0.064119,-0.35733,-0.044943,0.0061805,0.93287
0.066101,0.065501,0.065342,-0.35308,-0.038924,0.0075549,0.93475
0.065494,0.066039,0.066507,-0.3491,-0.033583,0.0089433,0.93644
0.065299,0.066489,0.067205,-0.34592,-0.029708,0.010002,0.93774
0.065501,0.066819,0.067335,-0.34357,-0.027557,0.010556,0.93866
0.066036,0.067009,0.067107,-0.3419,-0.026776,0.010647,0.93929
0.066727,0.067118,0.066588,-0.34064,-0.026865,0.010271,0.93975
0.067391,0.067144,0.06612,-0.33944,-0.027351,0.0099548,0.94018
0.06806,0.06722,0.065783,-0.33812,-0.027733,0.0097625,0.94064
0.068689,0.067476,0.065849,-0.33626,-0.027461,0.0097942,0.94132
0.06954,0.067892,0.066239,-0.33343,-0.026153,0.010184,0.94236
0.069852,0.068569,0.066999,-0.32959,-0.024056,0.011066,0.94375
0.070086,0.069365,0.067982,-0.3249,-0.021416,0.012237,0.94543
0.070263,0.070144,0.069029,-0.31981,-0.018658,0.013599,0.9472
0.07051,0.070752,0.070084,-0.31462,-0.015721,0.014917,0.94897
0.070868,0.071158,0.071043,-0.30968,-0.013067,0.016103,0.95062
0.071529,0.071972,0.071946,-0.30506,-0.0099698,0.015481,0.95216
0.072078,0.072286,0.072748,-0.301,-0.0077913,0.016215,0.95346
0.072793,0.072627,0.073404,-0.29735,-0.0062106,0.016727,0.9546
0.073599,0.073127,0.0738,-0.29381,-0.0050292,0.017247,0.9557
0.074328,0.073605,0.074207,-0.28996,-0.0041316,0.01775,0.95687
0.074977,0.07354,0.074821,-0.28545,-0.0030571,0.01819,0.95822
0.07525,0.073727,0.075845,-0.27995,-0.001324,0.019659,0.95981
0.075206,0.073948,0.077394,-0.27368,0.0019443,0.021424,0.96158
0.075062,0.074164,0.079183,-0.26725,0.0063545,0.023516,0.96332
0.074306,0.074636,0.08091,-0.26112,0.011218,0.025664,0.9649
0.074514,0.075027,0.082301,-0.25563,0.01589,0.02736,0.96626
0.074949,0.075514,0.083307,-0.25072,0.019912,0.029049,0.96742
0.07571,0.075993,0.083848,-0.24608,0.02312,0.030274,0.9685
0.076665,0.076371,0.083925,-0.24128,0.025119,0.031196,0.96963
0.077799,0.076447,0.084033,-0.23573,0.02573,0.031809,0.97096
0.07891,0.076231,0.084333,-0.22956,0.02567,0.031731,0.97244
0.080035,0.076039,0.084891,-0.22274,0.025271,0.031958,0.97403
0.081131,0.07597,0.085621,-0.21555,0.025111,0.032245,0.97564
0.082306,0.076128,0.086457,-0.20819,0.025434,0.032624,0.97721
0.083409,0.076418,0.087234,-0.20072,0.026499,0.032982,0.97873
0.084742,0.076705,0.088035,-0.19321,0.028079,0.033337,0.98019
0.086159,0.077034,0.088637,-0.1858,0.029431,0.033561,0.98157
0.087596,0.077108,0.089029,-0.17872,0.029844,0.03358,0.98287
0.089064,0.076838,0.089189,-0.1724,0.029205,0.033419,0.98403
0.090678,0.076427,0.089179,-0.16672,0.027909,0.032938,0.98506
0.092153,0.075966,0.089172,-0.16151,0.026616,0.032132,0.98599
0.093621,0.075489,0.089153,-0.15606,0.02568,0.031333,0.98692
0.095036,0.075193,0.089305,-0.14996,0.025569,0.030715,0.98788
0.096313,0.075048,0.089686,-0.14337,0.026485,0.030362,0.98885
0.097782,0.074973,0.090122,-0.13664,0.02793,0.030045,0.98977
0.099108,0.07491,0.090316,-0.13008,0.029273,0.02977,0.99062
0.1005,0.074702,0.09029,-0.12386,0.029771,0.029366,0.99142
0.1018,0.074326,0.090067,-0.11803,0.029371,0.028846,0.99216
0.10303,0.073853,0.089793,-0.11239,0.028568,0.028283,0.99285
0.10338,0.07356,0.089496,-0.10692,0.027927,0.027701,0.99349
0.10428,0.073114,0.089349,-0.10154,0.027566,0.028155,0.99405
0.10522,0.072729,0.089293,-0.096102,0.027752,0.027941,0.99459
0.10621,0.072422,0.089408,-0.090626,0.028462,0.027981,0.99508
0.10721,0.072101,0.089615,-0.084797,0.029842,0.028067,0.99556
0.10804,0.071814,0.089927,-0.078657,0.031187,0.027961,0.99602
0.10885,0.069575,0.0901,-0.072503,0.031684,0.028441,0.99646
0.10994,0.069234,0.090056,-0.066745,0.031171,0.027759,0.9969
0.11095,0.068859,0.089652,-0.061893,0.029741,0.027091,0.99727
0.11193,0.06835,0.089021,-0.057541,0.027935,0.026406,0.9976
0.11282,0.06786,0.088323,-0.053373,0.026034,0.02589,0.9979
0.11331,0.066872,0.087644,-0.049218,0.024236,0.02754,0.99811
0.11412,0.066391,0.087073,-0.044757,0.023048,0.027283,0.99836
0.11494,0.065934,0.086636,-0.040065,0.022397,0.027106,0.99858
0.11572,0.065391,0.086329,-0.034989,0.021803,0.026873,0.99879
0.11582,0.064974,0.086016,-0.029635,0.021048,0.02653,0.99899
0.11631,0.064028,0.085534,-0.024547,0.019916,0.027226,0.99913
0.1172,0.063442,0.084758,-0.020093,0.018264,0.026075,0.99929
0.11813,0.062819,0.083652,-0.016453,0.016035,0.024547,0.99943
0.11901,0.0622,0.082235,-0.013482,0.013255,0.02312,0.99955
0.12068,0.061383,0.080708,-0.010805,0.010471,0.022198,0.99964
0.12091,0.060265,0.079336,-0.0078311,0.008328,0.023535,0.99966
0.12133,0.059532,0.078312,-0.0037376,0.0073717,0.023343,0.99969
0.12155,0.058724,0.077793,0.0016709,0.0074392,0.023382,0.9997
0.12173,0.057905,0.077565,0.0079913,0.0080789,0.023593,0.99966
0.12252,0.056939,0.077704,0.014063,0.0086161,0.023702,0.99958
0.1226,0.055524,0.077098,0.018794,0.008471,0.023661,0.99951
0.12269,0.054831,0.075411,0.021618,0.0072566,0.023145,0.99947
0.12308,0.054031,0.073766,0.023288,0.0048618,0.022716,0.99946
0.12326,0.053159,0.072012,0.02487,0.0022081,0.022507,0.99943
0.12414,0.052105,0.071444,0.027492,0.00017264,0.022435,0.99937
0.12393,0.051104,0.070372,0.03162,-0.00087828,0.02373,0.99922
0.12276,0.050438,0.068777,0.037315,-0.0014142,0.023772,0.99902
0.12256,0.049646,0.06847,0.044474,-0.001959,0.023908,0.99872
0.12242,0.048818,0.068304,0.051894,-0.0026707,0.024162,0.99836
0.12329,0.047987,0.068448,0.058009,-0.0031868,0.024321,0.99801
0.12308,0.047357,0.067631,0.062206,-0.0038153,0.025487,0.99773
0.12202,0.04687,0.065905,0.064762,-0.0051298,0.025132,0.99757
0.12192,0.046206,0.064358,0.066367,-0.0071437,0.024647,0.99747
0.12168,0.045575,0.062705,0.068224,-0.0096301,0.024024,0.99733
0.12259,0.044729,0.062209,0.071106,-0.012572,0.023961,0.9971
0.12166,0.043957,0.061069,0.075108,-0.015086,0.024961,0.99675
0.11952,0.043382,0.059568,0.080366,-0.016503,0.025661,0.9963
0.11885,0.042555,0.059278,0.086299,-0.01681,0.026422,0.99578
0.11828,0.041746,0.05901,0.092207,-0.016768,0.027212,0.99523
0.11913,0.040832,0.058988,0.096962,-0.017147,0.027507,0.99476
0.11763,0.039592,0.058074,0.099869,-0.018225,0.027478,0.99445
0.11632,0.039059,0.056169,0.10112,-0.020233,0.026498,0.99432
0.11621,0.038428,0.054289,0.10153,-0.023203,0.025011,0.99425
0.11585,0.037681,0.052397,0.10199,-0.026578,0.024717,0.99412
0.11649,0.036747,0.051917,0.10324,-0.029292,0.02502,0.99391
0.11468,0.036823,0.05119,0.10554,-0.030763,0.026049,0.9936
0.11241,0.036129,0.049553,0.10864,-0.031131,0.026405,0.99324
0.11162,0.035366,0.049121,0.11199,-0.030973,0.026545,0.99287
0.11098,0.034698,0.048715,0.11504,-0.030933,0.026104,0.99254
0.11187,0.034114,0.048573,0.11735,-0.031515,0.024764,0.99228
0.11162,0.033636,0.047736,0.1189,-0.033021,0.022794,0.9921
0.10989,0.033213,0.045619,0.11958,-0.035562,0.020927,0.99197
0.10931,0.032699,0.043949,0.11978,-0.038614,0.020302,0.99184
0.10845,0.032099,0.042307,0.11995,-0.041592,0.020538,0.9917
0.10885,0.031438,0.041931,0.12029,-0.044223,0.020735,0.99154
0.1077,0.030798,0.04059,0.12117,-0.046121,0.021379,0.99133
0.10534,0.030438,0.038665,0.12279,-0.04735,0.021356,0.99107
0.1044,0.029904,0.038058,0.12497,-0.04784,0.020747,0.99079
0.10358,0.029459,0.037631,0.12731,-0.047949,0.019309,0.99051
0.10434,0.029223,0.037843,0.12925,-0.047978,0.016625,0.99031
0.10355,0.028902,0.037128,0.13052,-0.048209,0.015813,0.99015
0.10124,0.028595,0.034876,0.13093,-0.049363,0.014406,0.99006
0.099952,0.028282,0.033449,0.13073,-0.050756,0.014566,0.99001
0.0984,0.027938,0.031991,0.13029,-0.051936,0.015051,0.99
0.098347,0.027691,0.031832,0.12968,-0.052726,0.015596,0.99003
0.096244,0.027203,0.030314,0.12931,-0.052887,0.018178,0.99003
0.093151,0.026623,0.028175,0.12948,-0.052791,0.018186,0.99001
0.0917,0.02626,0.027572,0.13042,-0.051727,0.017437,0.98995
0.090448,0.025935,0.027163,0.13139,-0.04974,0.015532,0.98996
0.091033,0.025837,0.027354,0.13161,-0.047689,0.012577,0.99007
0.089731,0.025549,0.02645,0.13097,-0.046409,0.011365,0.99023
0.087231,0.024425,0.024052,0.13014,-0.045972,0.011118,0.99037
0.085578,0.023996,0.02282,0.12985,-0.045884,0.011483,0.9904
0.083918,0.023581,0.021747,0.12992,-0.045449,0.011562,0.99042
0.083756,0.023381,0.021975,0.13,-0.044702,0.01163,0.99044
0.083455,0.023151,0.02092,0.13003,-0.044057,0.011482,0.99046
0.082094,0.022516,0.019921,0.12997,-0.043562,0.010637,0.9905
0.079167,0.02215,0.018039,0.12966,-0.043059,0.0089078,0.99058
0.077893,0.022073,0.01696,0.12918,-0.042694,0.0059613,0.99068
0.078258,0.022213,0.016915,0.12828,-0.042455,0.0036363,0.99082
0.077419,0.022023,0.015652,0.12701,-0.042058,0.0042713,0.991
0.07542,0.021791,0.01452,0.12567,-0.041525,0.0052438,0.99119
0.073192,0.021615,0.013528,0.12436,-0.040603,0.0060761,0.99139
0.07109,0.02151,0.012708,0.12371,-0.039445,0.0065127,0.99151
0.069145,0.021419,0.012086,0.12419,-0.038385,0.0063379,0.9915
0.067022,0.02127,0.011684,0.12536,-0.037699,0.0057041,0.99138
0.065569,0.020851,0.011423,0.12645,-0.037404,0.0038661,0.99126
0.064196,0.020907,0.011187,0.12678,-0.037438,0.00081363,0.99122
0.062653,0.020967,0.010787,0.12643,-0.037448,-0.0018963,0.99127
0.060838,0.020949,0.010372,0.1262,-0.036878,-0.0028403,0.99131
0.0589,0.020903,0.010216,0.12639,-0.035733,-0.0027352,0.99133
0.056674,0.021019,0.010278,0.12671,-0.034142,-0.0022429,0.99135
0.05459,0.021039,0.010351,0.12681,-0.032518,-0.0016796,0.99139
0.052737,0.021162,0.010453,0.12702,-0.03098,-0.0015426,0.99141
0.051004,0.021274,0.01069,0.12777,-0.029581,-0.0021821,0.99136
0.048623,0.021228,0.011052,0.129,-0.028437,-0.0034745,0.99123
0.047319,0.021116,0.011426,0.13038,-0.027567,-0.0054415,0.99107
0.046033,0.021189,0.01174,0.13131,-0.027117,-0.007685,0.99094
0.04455,0.021207,0.01184,0.13178,-0.026602,-0.0087092,0.99088
0.043003,0.02121,0.011997,0.13218,-0.025892,-0.0087028,0.99085
0.041287,0.021228,0.012261,0.1325,-0.024877,-0.0085813,0.99083
0.039642,0.021401,0.012549,0.13264,-0.023351,-0.0085764,0.99085
0.038224,0.021546,0.012906,0.13273,-0.021364,-0.0089778,0.99088
0.036878,0.021719,0.013307,0.13293,-0.01921,-0.009723,0.99089
0.03561,0.02197,0.013692,0.1332,-0.017361,-0.010759,0.99088
0.034589,0.022292,0.014071,0.13334,-0.016114,-0.012648,0.99086
0.033394,0.02281,0.014263,0.13316,-0.015252,-0.013942,0.99088
0.032116,0.023091,0.014268,0.13241,-0.014788,-0.014659,0.99098
0.030806,0.023309,0.014176,0.13116,-0.014231,-0.014504,0.99115
0.02951,0.023621,0.014125,0.12951,-0.013728,-0.014159,0.99138
0.028442,0.023983,0.01416,0.12772,-0.012865,-0.013143,0.99164
0.027516,0.023919,0.014365,0.12629,-0.011721,-0.01332,0.99183
0.026649,0.024363,0.014792,0.1256,-0.010082,-0.013982,0.99193
0.025958,0.024895,0.015377,0.12563,-0.0083419,-0.015245,0.99192
0.025374,0.0254,0.016175,0.12642,-0.0070235,-0.01709,0.99181
0.025087,0.025955,0.01694,0.12728,-0.0063534,-0.019215,0.99166
0.024666,0.026491,0.017536,0.12762,-0.0061032,-0.021275,0.99158
0.024274,0.027052,0.017933,0.12748,-0.0059335,-0.022719,0.99156
0.023841,0.027596,0.01827,0.12699,-0.005545,-0.023327,0.99161
0.023352,0.028087,0.018615,0.12627,-0.004889,-0.023527,0.9917
0.023105,0.02867,0.018939,0.12548,-0.0041768,-0.023214,0.99182
0.022835,0.029216,0.019124,0.12464,-0.0034847,-0.023424,0.99192
0.022655,0.029761,0.019291,0.12424,-0.002951,-0.023814,0.99196
0.022403,0.030169,0.01942,0.12412,-0.0025771,-0.024137,0.99197
0.022128,0.030466,0.019531,0.12382,-0.0022983,-0.024468,0.992
0.021658,0.030653,0.01952,0.12283,-0.001815,-0.024249,0.99213
0.021319,0.031115,0.019397,0.12178,-0.0013466,-0.02438,0.99226
0.020994,0.031253,0.019269,0.12088,-0.00094734,-0.024238,0.99237
0.020801,0.031429,0.019204,0.12022,-0.00075832,-0.024204,0.99245
0.020625,0.03155,0.019117,0.11958,-0.00083129,-0.024203,0.99253
0.020459,0.031623,0.018951,0.11906,-0.0010227,-0.023973,0.9926
0.020618,0.031618,0.018566,0.11835,-0.0012748,-0.024058,0.99268
0.020785,0.031599,0.018174,0.11777,-0.0015656,-0.02422,0.99274
0.020862,0.031559,0.017901,0.11741,-0.0018906,-0.024452,0.99278
0.020935,0.031448,0.017604,0.11708,-0.0021667,-0.024466,0.99282
0.021164,0.031372,0.01734,0.11677,-0.0025592,-0.024129,0.99286
0.021289,0.031341,0.016961,0.11627,-0.0027558,-0.024072,0.99292
0.021434,0.031331,0.016644,0.11557,-0.0028674,-0.023944,0.99301
0.021644,0.031315,0.016244,0.11477,-0.0026411,-0.023789,0.9931
0.021919,0.031309,0.015888,0.11398,-0.0023299,-0.023767,0.9932
0.022081,0.031289,0.015665,0.11342,-0.0020607,-0.024073,0.99325
0.022333,0.031345,0.015547,0.11313,-0.0019538,-0.0244,0.99328
0.022672,0.03132,0.015509,0.11317,-0.0020553,-0.024913,0.99326
0.022932,0.031335,0.015592,0.11351,-0.0022713,-0.025359,0.99321
0.023141,0.031385,0.015665,0.1139,-0.0025254,-0.025714,0.99316
0.023012,0.031359,0.015686,0.11408,-0.0025632,-0.024446,0.99317
0.023207,0.031344,0.015728,0.11405,-0.0026136,-0.024619,0.99317
0.023455,0.031461,0.015743,0.1137,-0.0025443,-0.024688,0.9932
0.023742,0.03167,0.015648,0.11313,-0.0023548,-0.02469,0.99327
0.023971,0.031883,0.015684,0.1126,-0.0022019,-0.024646,0.99333
0.024247,0.032122,0.015768,0.11234,-0.0020462,-0.024754,0.99336
0.024566,0.032232,0.015965,0.11269,-0.0019446,-0.02482,0.99332
0.024778,0.032451,0.016233,0.11334,-0.0019602,-0.024904,0.99324
0.024945,0.03261,0.016475,0.11412,-0.0020969,-0.024846,0.99315
0.025142,0.032755,0.016702,0.11482,-0.00241,-0.024788,0.99307
0.025284,0.032903,0.016892,0.11533,-0.0026144,-0.025136,0.99301
0.025266,0.033234,0.017067,0.11566,-0.0025926,-0.024897,0.99297
0.025229,0.033285,0.01717,0.1158,-0.0024012,-0.024547,0.99297
0.025179,0.033373,0.017313,0.11565,-0.0023547,-0.024213,0.99299
0.025128,0.033397,0.017408,0.11534,-0.0024919,-0.023971,0.99303
0.025215,0.033527,0.01747,0.11515,-0.00266,-0.023546,0.99307
0.025199,0.033515,0.017542,0.11513,-0.0026523,-0.023288,0.99307
0.025125,0.033471,0.017668,0.11537,-0.0024615,-0.023105,0.99305
0.025033,0.033408,0.017842,0.11568,-0.0020917,-0.022835,0.99302
0.024939,0.033372,0.017965,0.11595,-0.0016853,-0.022611,0.993
0.024755,0.033289,0.018032,0.11598,-0.0012339,-0.022147,0.993
0.024628,0.033114,0.018057,0.11586,-0.00079933,-0.021953,0.99302
0.02447,0.033014,0.01808,0.1157,-0.00058345,-0.02171,0.99305
0.024286,0.032896,0.018092,0.11537,-3.38e-05,-0.021619,0.99309
0.024188,0.032792,0.017971,0.11499,0.00030262,-0.021483,0.99313
0.024094,0.032611,0.017818,0.11469,0.00016293,-0.021326,0.99317
0.023975,0.032615,0.017692,0.11451,0.00015645,-0.021252,0.99319
0.023855,0.032466,0.017577,0.11436,0.00037377,-0.021053,0.99322
0.023734,0.032287,0.017552,0.1144,0.00098795,-0.020808,0.99322
0.023558,0.032073,0.017688,0.11463,0.0019184,-0.020517,0.99319
0.023474,0.031885,0.017881,0.11508,0.0029865,-0.020302,0.99314
0.023282,0.032184,0.01815,0.11548,0.0039233,-0.019911,0.9931
0.023151,0.032045,0.018415,0.11578,0.0043816,-0.019558,0.99307
0.023012,0.031902,0.018595,0.11597,0.0043627,-0.019113,0.99306
0.022851,0.031736,0.018705,0.11605,0.0040322,-0.018708,0.99306
0.023006,0.031683,0.018706,0.11606,0.0034352,-0.018342,0.99307
0.022817,0.031618,0.01864,0.11589,0.0028331,-0.017946,0.9931
0.022619,0.031519,0.018544,0.11555,0.0022285,-0.017433,0.99315
0.022476,0.031479,0.018582,0.11555,0.0022285,-0.017433,0.99315
0.022273,0.031451,0.018565,0.11527,0.0019724,-0.016926,0.99319
0.021335,0.03128,0.018683,0.11511,0.0021074,-0.016508,0.99321
0.021015,0.031326,0.018887,0.11508,0.0026058,-0.015745,0.99323
0.020739,0.031181,0.019192,0.11524,0.0032737,-0.015452,0.99321
0.020514,0.031021,0.019484,0.11537,0.0038899,-0.015287,0.9932
0.020291,0.030899,0.019781,0.11568,0.0044265,-0.015195,0.99316
0.020112,0.030745,0.020043,0.11591,0.0049573,-0.015239,0.99313
0.019873,0.031546,0.020262,0.11619,0.0052728,-0.015184,0.9931
0.019785,0.031488,0.020454,0.11636,0.0053678,-0.015176,0.99308
0.019729,0.031447,0.020531,0.11636,0.0053678,-0.015176,0.99308
0.019725,0.031427,0.02066,0.11623,0.0054067,-0.0151,0.99309
0.019682,0.031362,0.020844,0.11612,0.0055805,-0.014983,0.99311
0.019651,0.031351,0.021122,0.11606,0.0059654,-0.014998,0.99311
0.019606,0.031346,0.021386,0.11604,0.006398,-0.014925,0.99311
0.019648,0.03141,0.021492,0.11597,0.0065311,-0.014804,0.99312
0.019654,0.031464,0.021638,0.11596,0.0066197,-0.014721,0.99312
0.019488,0.031397,0.021786,0.11596,0.0066222,-0.014635,0.99312
0.019509,0.031427,0.021973,0.11584,0.00657,-0.014728,0.99314
0.019516,0.03138,0.022196,0.11566,0.0068202,-0.014792,0.99316
0.019515,0.031417,0.022405,0.11544,0.0069392,-0.014854,0.99318
0.019557,0.031512,0.022518,0.11509,0.0070073,-0.014879,0.99322
0.019369,0.03163,0.022646,0.1147,0.0069478,-0.014861,0.99326
0.019338,0.031748,0.022684,0.11429,0.0069,-0.014369,0.99332
0.019302,0.031793,0.022758,0.11393,0.0068049,-0.014175,0.99336
0.019258,0.031785,0.022788,0.11367,0.006794,-0.014105,0.99339
0.019257,0.031755,0.02279,0.11345,0.006746,-0.013991,0.99342
0.019118,0.031669,0.022729,0.11323,0.0067804,-0.01392,0.99345
0.019185,0.031374,0.022715,0.11314,0.0068631,-0.013973,0.99346
0.019222,0.031418,0.022641,0.11306,0.0069421,-0.014067,0.99346
0.019263,0.031441,0.022575,0.11293,0.0069758,-0.014162,0.99348
0.019329,0.031465,0.022477,0.11272,0.0068367,-0.014217,0.9935
0.019261,0.031496,0.022282,0.11231,0.0066386,-0.014281,0.99355
0.019359,0.031514,0.022057,0.11176,0.0064815,-0.014358,0.99361
0.019447,0.031494,0.021869,0.11121,0.0064131,-0.014351,0.99367
0.019597,0.031479,0.021716,0.11063,0.0066039,-0.014397,0.99373
0.019774,0.031405,0.02157,0.11024,0.0068834,-0.014562,0.99377
0.01952,0.031269,0.021543,0.11002,0.0072553,-0.014804,0.99379
0.019772,0.03126,0.021413,0.10981,0.0075412,-0.015044,0.99381
0.020051,0.031306,0.021292,0.1096,0.0078257,-0.015415,0.99383
0.020338,0.031366,0.021156,0.10926,0.0081428,-0.015836,0.99385
0.020625,0.031366,0.020998,0.10888,0.0085007,-0.016262,0.99389
0.020825,0.031348,0.020847,0.10845,0.008903,-0.01665,0.99392
0.021194,0.030154,0.020761,0.10794,0.0093008,-0.017044,0.99397
0.021375,0.030106,0.020566,0.10752,0.0092744,-0.017288,0.99401
0.021562,0.030158,0.02047,0.10719,0.0092514,-0.017483,0.99404
0.021717,0.03017,0.020392,0.10703,0.0092374,-0.017666,0.99406
0.02188,0.030195,0.020324,0.10677,0.0095676,-0.017868,0.99408
0.022086,0.029953,0.020404,0.1068,0.009953,-0.018094,0.99407
0.022222,0.029973,0.020485,0.10689,0.010294,-0.018357,0.99405
0.022344,0.030031,0.020601,0.10703,0.010506,-0.018699,0.99402
0.022503,0.030078,0.020726,0.10731,0.010425,-0.018938,0.99399
0.022406,0.030095,0.020815,0.1075,0.010256,-0.019049,0.99397
0.02247,0.030101,0.020917,0.10759,0.010088,-0.019038,0.99396
0.022454,0.030096,0.020992,0.10762,0.010136,-0.018951,0.99396
0.022425,0.030075,0.021125,0.10756,0.010438,-0.018877,0.99396
0.022461,0.030039,0.021218,0.10745,0.010953,-0.018857,0.99397
0.02242,0.030024,0.021374,0.10737,0.0116,-0.018838,0.99397
0.0221,0.029973,0.021528,0.10729,0.012456,-0.017701,0.99399
0.022082,0.03001,0.021674,0.1073,0.013274,-0.017854,0.99398
0.022028,0.030072,0.021765,0.10742,0.013662,-0.017985,0.99396
0.021968,0.030034,0.021819,0.10737,0.013875,-0.018039,0.99396
0.021951,0.029978,0.02181,0.10728,0.013957,-0.018047,0.99397
0.021511,0.029766,0.021826,0.10702,0.014388,-0.016347,0.99402
0.02136,0.029647,0.021801,0.10678,0.014598,-0.01624,0.99404
0.021232,0.029518,0.021806,0.10651,0.014762,-0.01609,0.99407
0.021053,0.029457,0.021851,0.10609,0.015138,-0.015913,0.99411
0.0207,0.029388,0.021846,0.10575,0.01569,-0.015736,0.99414
0.020533,0.029323,0.021944,0.10561,0.016298,-0.015416,0.99415
0.020382,0.029236,0.022055,0.1057,0.016957,-0.015345,0.99414
0.020171,0.029173,0.022247,0.10597,0.017445,-0.015295,0.9941
0.01999,0.029052,0.022418,0.10621,0.017719,-0.015201,0.99407
0.0197,0.028925,0.022624,0.10638,0.017814,-0.015192,0.99405
0.019461,0.028805,0.022822,0.10644,0.017995,-0.01502,0.99404
0.019278,0.028674,0.023061,0.1066,0.018264,-0.014886,0.99402
0.019072,0.028575,0.023274,0.10679,0.01858,-0.01484,0.994
0.018913,0.028479,0.023511,0.10704,0.018678,-0.014781,0.99397
0.018734,0.028407,0.023683,0.10712,0.018771,-0.014693,0.99396
0.018519,0.028314,0.02384,0.10718,0.018869,-0.014432,0.99396
0.018358,0.028207,0.024005,0.10725,0.019051,-0.014259,0.99395
0.018182,0.028112,0.024187,0.10731,0.019319,-0.01409,0.99394
0.018008,0.028012,0.024318,0.10742,0.019543,-0.014002,0.99392
0.017697,0.0279,0.024491,0.10763,0.019596,-0.013945,0.9939
0.017336,0.027758,0.024633,0.10786,0.019601,-0.012761,0.99389
0.017166,0.027673,0.024806,0.10807,0.019571,-0.012615,0.99387
0.017008,0.027633,0.024945,0.10823,0.019582,-0.012518,0.99385
0.016866,0.027585,0.025117,0.10834,0.019723,-0.012342,0.99384
0.016742,0.027493,0.025311,0.10849,0.019909,-0.012164,0.99382
0.016243,0.027292,0.025486,0.10862,0.020231,-0.010214,0.99383
0.016156,0.027282,0.025694,0.10868,0.020413,-0.010087,0.99382
0.01606,0.027217,0.025889,0.1088,0.020551,-0.0099515,0.9938
0.015961,0.027211,0.026071,0.10891,0.020689,-0.0098611,0.99379
0.015908,0.027196,0.026238,0.10902,0.02083,-0.0096848,0.99377
0.015471,0.027084,0.02641,0.10903,0.021101,-0.0078729,0.99378
0.01543,0.027005,0.026569,0.10911,0.021191,-0.00787,0.99377
0.015373,0.026978,0.026727,0.10927,0.021286,-0.0078616,0.99375
0.015298,0.026979,0.026839,0.10953,0.021385,-0.0078478,0.99372
0.015155,0.026972,0.026944,0.10973,0.021528,-0.0077519,0.9937
0.015043,0.026931,0.02708,0.10984,0.021582,-0.007528,0.99369
0.01499,0.026847,0.027235,0.10996,0.02172,-0.0074377,0.99367
0.014874,0.02679,0.027351,0.1099,0.021849,-0.0073583,0.99367
0.014824,0.026729,0.027465,0.10985,0.021893,-0.0072763,0.99368
0.014776,0.026702,0.027572,0.10993,0.021983,-0.0072735,0.99367
0.014529,0.02666,0.027659,0.11002,0.022195,-0.0060596,0.99366
0.014503,0.026707,0.02781,0.11024,0.022247,-0.0061332,0.99364
0.014478,0.026716,0.027942,0.1105,0.022257,-0.0061577,0.99361
0.014468,0.026696,0.028051,0.11067,0.022352,-0.0061943,0.99359
0.014416,0.026691,0.028199,0.11079,0.022571,-0.0062336,0.99357
0.014346,0.026629,0.028325,0.11089,0.022801,-0.0060189,0.99355
0.014271,0.026601,0.028438,0.11097,0.022977,-0.0059736,0.99354
0.014247,0.026573,0.028584,0.11122,0.02299,-0.0059571,0.99351
0.014214,0.026568,0.028673,0.11144,0.022872,-0.0059395,0.99349
0.014171,0.026615,0.028707,0.11158,0.022665,-0.0057938,0.99348
0.014148,0.026652,0.028688,0.11156,0.022419,-0.0053109,0.99349
0.014121,0.026715,0.028716,0.1116,0.022294,-0.0052183,0.99349
0.014159,0.026725,0.028673,0.1116,0.022294,-0.0052183,0.99349
0.014192,0.0267,0.028727,0.11178,0.022301,-0.0052933,0.99347
0.014035,0.026619,0.028784,0.11191,0.022348,-0.0053724,0.99345
0.014042,0.026653,0.028815,0.11203,0.022316,-0.0051458,0.99344
0.014121,0.02673,0.028831,0.11216,0.022277,-0.0052223,0.99343
0.014194,0.026804,0.028776,0.1123,0.022237,-0.0052538,0.99341
0.014253,0.026857,0.028685,0.1124,0.022153,-0.0053317,0.9934
0.014055,0.026804,0.028559,0.11231,0.022063,-0.0053346,0.99341
0.014151,0.026749,0.028486,0.11215,0.021966,-0.005474,0.99343
0.014185,0.026784,0.028418,0.11195,0.021826,-0.0054838,0.99346
0.0142,0.026729,0.028408,0.11164,0.021856,-0.0054183,0.99349
0.01426,0.026738,0.02837,0.11137,0.022018,-0.0053989,0.99352
0.013169,0.026494,0.028373,0.11119,0.022268,-0.0054627,0.99353
0.01315,0.026538,0.028397,0.11112,0.02257,-0.0054336,0.99354
0.013136,0.026542,0.028373,0.11112,0.022742,-0.0054388,0.99353
0.013169,0.026604,0.0284,0.1112,0.02283,-0.0054769,0.99352
0.013185,0.026589,0.028371,0.1112,0.022916,-0.0054794,0.99352
0.01314,0.026574,0.028332,0.11124,0.022875,-0.0054754,0.99351
0.013045,0.026544,0.028292,0.11132,0.022715,-0.0052067,0.99351
0.012989,0.026545,0.028298,0.11141,0.022549,-0.005065,0.99351
0.012884,0.026492,0.0283,0.11141,0.022293,-0.0049262,0.99351
0.012792,0.026434,0.028267,0.11133,0.022121,-0.0047544,0.99353
0.012804,0.026411,0.02824,0.11123,0.022039,-0.0045444,0.99354
0.012771,0.026397,0.028291,0.11113,0.022039,-0.0043778,0.99355
NaN,NaN,NaN,NaN,NaN,NaN,NaN
