-0.071909,-0.10173,-0.026139,0.046296,-0.073688,-0.033819,0.99563
-0.071903,-0.10169,-0.026278,0.046654,-0.073938,-0.033705,0.9956
-0.071875,-0.10166,-0.026391,0.046886,-0.074237,-0.033592,0.99557
-0.071767,-0.1016,-0.026539,0.047025,-0.074446,-0.033646,0.99555
-0.07169,-0.10151,-0.026596,0.04712,-0.0747,-0.033658,0.99552
-0.071554,-0.10141,-0.026652,0.047208,-0.074777,-0.03375,0.99551
-0.071461,-0.10122,-0.026721,0.047036,-0.074785,-0.033747,0.99552
-0.071267,-0.10097,-0.026853,0.046785,-0.074968,-0.033752,0.99552
-0.070972,-0.10064,-0.026962,0.04666,-0.075177,-0.034018,0.9955
-0.070695,-0.10035,-0.027052,0.046661,-0.075332,-0.03437,0.99547
-0.070432,-0.10008,-0.027074,0.046749,-0.075488,-0.034638,0.99545
-0.070148,-0.099831,-0.027165,0.046757,-0.075734,-0.034951,0.99542
-0.069818,-0.099607,-0.02717,0.046758,-0.07589,-0.035303,0.99539
-0.069528,-0.099331,-0.027169,0.046841,-0.075956,-0.035652,0.99537
-0.069238,-0.099183,-0.027037,0.046923,-0.07594,-0.035912,0.99536
-0.068921,-0.098955,-0.026976,0.046919,-0.075928,-0.03617,0.99535
-0.068611,-0.098658,-0.02693,0.046786,-0.075883,-0.036339,0.99536
-0.068331,-0.098356,-0.026771,0.046689,-0.075785,-0.036636,0.99536
-0.068008,-0.098033,-0.026614,0.046897,-0.075631,-0.037021,0.99534
-0.067749,-0.09772,-0.026527,0.047005,-0.075305,-0.037397,0.99535
-0.067509,-0.097434,-0.026395,0.047168,-0.075196,-0.03774,0.99534
-0.067272,-0.097189,-0.026315,0.047389,-0.075389,-0.038054,0.9953
-0.067032,-0.097032,-0.02625,0.047649,-0.075452,-0.038362,0.99527
-0.066887,-0.096886,-0.026228,0.047649,-0.075452,-0.038362,0.99527
-0.066743,-0.096759,-0.026156,0.047817,-0.075347,-0.038662,0.99526
-0.066545,-0.096619,-0.026146,0.0478,-0.075077,-0.038866,0.99527
-0.066511,-0.096584,-0.02606,0.047711,-0.074995,-0.038861,0.99528
-0.06643,-0.096556,-0.026021,0.047702,-0.074738,-0.03885,0.9953
-0.066445,-0.096561,-0.02598,0.047702,-0.074738,-0.03885,0.9953
-0.066404,-0.096577,-0.025986,0.047599,-0.07448,-0.038837,0.99533
-0.066376,-0.096611,-0.026042,0.047509,-0.074309,-0.038958,0.99534
-0.066435,-0.096726,-0.026015,0.047724,-0.074338,-0.039049,0.99532
-0.066529,-0.096921,-0.02605,0.047984,-0.074412,-0.039056,0.99531
-0.066598,-0.097128,-0.026098,0.047984,-0.074412,-0.039056,0.99531
-0.066711,-0.097381,-0.026118,0.048134,-0.074882,-0.039035,0.99526
-0.066721,-0.097641,-0.026191,0.048134,-0.074882,-0.039035,0.99526
-0.066784,-0.097869,-0.026258,0.048125,-0.074625,-0.039024,0.99529
-0.066878,-0.098056,-0.026266,0.048027,-0.074371,-0.038968,0.99531
-0.066964,-0.098211,-0.026281,0.048027,-0.074371,-0.038968,0.99531
-0.067142,-0.098337,-0.026295,0.047935,-0.074203,-0.038959,0.99533
-0.067249,-0.098485,-0.026386,0.047534,-0.073916,-0.038985,0.99537
-0.067404,-0.098617,-0.026395,0.047309,-0.073789,-0.039105,0.99538
-0.067527,-0.098837,-0.026366,0.047309,-0.073789,-0.039105,0.99538
-0.067601,-0.099028,-0.026389,0.04705,-0.073797,-0.039188,0.99539
-0.067667,-0.099154,-0.02639,0.046785,-0.073796,-0.039401,0.9954
-0.067706,-0.099223,-0.02642,0.046522,-0.073799,-0.039527,0.9954
-0.067767,-0.099272,-0.026413,0.046262,-0.073803,-0.039696,0.99541
-0.067825,-0.099273,-0.026331,0.045991,-0.07363,-0.0399,0.99543
-0.067825,-0.099258,-0.02624,0.045714,-0.073286,-0.040098,0.99546
-0.067878,-0.09917,-0.026083,0.045434,-0.072857,-0.040291,0.99549
-0.067916,-0.099053,-0.025941,0.045156,-0.072509,-0.040574,0.99552
-0.067926,-0.098933,-0.025793,0.044968,-0.072247,-0.040776,0.99554
-0.067965,-0.098815,-0.025656,0.044744,-0.072116,-0.041026,0.99555
-0.067956,-0.098697,-0.02554,0.044561,-0.072021,-0.041321,0.99555
-0.067961,-0.098608,-0.025389,0.044373,-0.071837,-0.041699,0.99556
-0.067956,-0.098555,-0.025161,0.044235,-0.071698,-0.042037,0.99556
-0.067951,-0.098464,-0.024977,0.044137,-0.071515,-0.042373,0.99556
-0.067956,-0.098344,-0.024721,0.043995,-0.071375,-0.042667,0.99556
-0.067909,-0.098181,-0.024528,0.043896,-0.071188,-0.043089,0.99556
-0.067815,-0.098023,-0.024364,0.043754,-0.071048,-0.043383,0.99557
-0.067788,-0.097907,-0.024192,0.043567,-0.070864,-0.043761,0.99557
-0.067753,-0.09786,-0.024062,0.043342,-0.070729,-0.044097,0.99558
-0.067742,-0.097778,-0.023917,0.043067,-0.070467,-0.044384,0.9956
-0.067665,-0.097734,-0.023839,0.04275,-0.070164,-0.044712,0.99562
-0.067649,-0.097644,-0.023732,0.042427,-0.06986,-0.044953,0.99564
-0.067584,-0.097574,-0.023663,0.042021,-0.069561,-0.045236,0.99567
-0.067537,-0.097511,-0.02367,0.041619,-0.069347,-0.045524,0.99568
-0.067456,-0.097481,-0.023715,0.041219,-0.069219,-0.045814,0.9957
-0.067391,-0.097478,-0.023772,0.040815,-0.069001,-0.046188,0.99571
-0.067313,-0.097515,-0.023837,0.040327,-0.068791,-0.046474,0.99573
-0.06726,-0.097537,-0.02395,0.039794,-0.068626,-0.046718,0.99575
-0.067181,-0.097538,-0.024074,0.039216,-0.068334,-0.046999,0.99578
-0.067105,-0.0975,-0.024149,0.03868,-0.067997,-0.047279,0.99581
-0.067017,-0.097431,-0.024272,0.038277,-0.067869,-0.047526,0.99583
-0.066955,-0.097361,-0.024334,0.037927,-0.067786,-0.047777,0.99583
-0.066934,-0.097327,-0.024383,0.037625,-0.067834,-0.047947,0.99583
-0.066856,-0.097295,-0.02438,0.037402,-0.067788,-0.048158,0.99583
-0.066834,-0.097296,-0.024413,0.037221,-0.067616,-0.04832,0.99585
-0.066763,-0.09727,-0.024423,0.037043,-0.06753,-0.048487,0.99585
-0.06672,-0.097264,-0.024431,0.036908,-0.067488,-0.048526,0.99586
-0.066717,-0.097228,-0.024435,0.036907,-0.067484,-0.048612,0.99585
-0.066635,-0.097234,-0.024438,0.037082,-0.067562,-0.048618,0.99584
-0.066618,-0.097229,-0.024378,0.037306,-0.067686,-0.048584,0.99582
-0.066644,-0.097228,-0.024234,0.037654,-0.067761,-0.048505,0.99581
-0.066656,-0.097214,-0.024138,0.038006,-0.06784,-0.048384,0.9958
-0.06665,-0.097193,-0.023982,0.03832,-0.067964,-0.048308,0.99578
-0.066661,-0.097123,-0.023893,0.038754,-0.068034,-0.048231,0.99576
-0.066703,-0.097032,-0.023806,0.039285,-0.068196,-0.048073,0.99574
-0.066695,-0.096953,-0.023737,0.040029,-0.068387,-0.047963,0.9957
-0.066652,-0.096883,-0.023726,0.040916,-0.06879,-0.047863,0.99564
-0.06662,-0.096839,-0.023689,0.042016,-0.069227,-0.047725,0.99557
-0.066584,-0.096846,-0.023579,0.043293,-0.069661,-0.047546,0.9955
-0.066555,-0.096812,-0.023536,0.044568,-0.070012,-0.047277,0.99543
-0.066535,-0.096752,-0.023413,0.045805,-0.070413,-0.046967,0.99536
-0.066489,-0.096668,-0.023356,0.04696,-0.070989,-0.04662,0.99528
-0.066431,-0.096577,-0.023267,0.048244,-0.071597,-0.046362,0.99519
-0.066309,-0.096397,-0.023146,0.049787,-0.072105,-0.046276,0.99508
-0.066221,-0.096223,-0.023029,0.051509,-0.072866,-0.046074,0.99494
-0.066099,-0.095977,-0.022997,0.05333,-0.073884,-0.045841,0.99478
-0.065919,-0.09575,-0.02303,0.055247,-0.075074,-0.045574,0.9946
-0.065755,-0.095494,-0.023067,0.057252,-0.076178,-0.04526,0.99442
-0.065578,-0.095272,-0.023106,0.059292,-0.077155,-0.044812,0.99425
-0.065428,-0.095144,-0.023178,0.061169,-0.078315,-0.044283,0.99406
-0.065262,-0.095016,-0.023249,0.062739,-0.079445,-0.043706,0.9939
-0.065079,-0.094906,-0.023327,0.064142,-0.08058,-0.043256,0.99374
-0.06485,-0.094739,-0.023438,0.065444,-0.081456,-0.042836,0.9936
-0.064607,-0.09455,-0.023535,0.066654,-0.082328,-0.042544,0.99346
-0.064351,-0.094319,-0.02368,0.067775,-0.083118,-0.042248,0.99333
-0.064042,-0.094016,-0.023875,0.068987,-0.083986,-0.042085,0.99318
-0.063693,-0.093669,-0.024089,0.070507,-0.084969,-0.041975,0.993
-0.063361,-0.093279,-0.024359,0.072163,-0.086163,-0.041788,0.99279
-0.063038,-0.092946,-0.024701,0.073835,-0.087623,-0.041484,0.99255
-0.062697,-0.09274,-0.025035,0.075465,-0.089127,-0.041181,0.9923
-0.062354,-0.092553,-0.025444,0.076881,-0.090602,-0.040788,0.99208
-0.061979,-0.09238,-0.025793,0.078116,-0.091914,-0.040341,0.99188
-0.061565,-0.09217,-0.026204,0.07913,-0.093187,-0.039934,0.9917
-0.06113,-0.091945,-0.02664,0.07992,-0.094338,-0.039561,0.99154
-0.060609,-0.091627,-0.027067,0.080883,-0.095473,-0.039406,0.99136
-0.060047,-0.091266,-0.027498,0.081937,-0.096687,-0.039385,0.99115
-0.059394,-0.090866,-0.028014,0.083382,-0.098006,-0.039502,0.9909
-0.058667,-0.090343,-0.028625,0.084956,-0.099361,-0.039623,0.99063
-0.057927,-0.089824,-0.029295,0.086625,-0.10081,-0.039619,0.99034
-0.057157,-0.089339,-0.030009,0.088298,-0.10234,-0.039445,0.99004
-0.056367,-0.088905,-0.030732,0.090106,-0.10384,-0.039143,0.98973
-0.055581,-0.088612,-0.031478,0.091879,-0.10556,-0.038676,0.9894
-0.05483,-0.088435,-0.032234,0.093454,-0.10752,-0.038086,0.98907
-0.054167,-0.088297,-0.032945,0.094848,-0.10956,-0.037499,0.98873
-0.053513,-0.088197,-0.033667,0.096073,-0.11144,-0.036858,0.98843
-0.052832,-0.088024,-0.03439,0.097233,-0.11309,-0.036467,0.98814
-0.052184,-0.087827,-0.035128,0.09843,-0.11444,-0.036278,0.98788
-0.051508,-0.087552,-0.035832,0.099525,-0.11569,-0.036171,0.98762
-0.050792,-0.087266,-0.036617,0.10062,-0.11686,-0.036147,0.98738
-0.050143,-0.086938,-0.037429,0.10172,-0.11803,-0.035993,0.98713
-0.049458,-0.086618,-0.038236,0.10294,-0.11907,-0.035748,0.98689
-0.048814,-0.086315,-0.039135,0.10421,-0.12026,-0.035165,0.98663
-0.048189,-0.086091,-0.040022,0.10555,-0.12175,-0.034508,0.98633
-0.047622,-0.08599,-0.04093,0.10704,-0.12354,-0.033736,0.98597
-0.047084,-0.085984,-0.041765,0.10852,-0.12541,-0.033054,0.9856
-0.046632,-0.085998,-0.04252,0.10995,-0.12715,-0.032409,0.98524
-0.046113,-0.08598,-0.043247,0.11125,-0.12868,-0.031882,0.98491
-0.045634,-0.085878,-0.04396,0.11262,-0.13003,-0.031392,0.98459
-0.045117,-0.085725,-0.04458,0.11411,-0.13132,-0.030944,0.98426
-0.044612,-0.085531,-0.045206,0.11583,-0.13265,-0.030587,0.9839
-0.044122,-0.085266,-0.045817,0.11758,-0.13385,-0.030138,0.98354
-0.043598,-0.084984,-0.046499,0.1194,-0.13519,-0.029607,0.98315
-0.043118,-0.084687,-0.047158,0.12155,-0.1366,-0.028998,0.98271
-0.042705,-0.084447,-0.047721,0.12411,-0.13812,-0.028225,0.9822
-0.042348,-0.084277,-0.048255,0.12694,-0.13973,-0.027415,0.98164
-0.042006,-0.084268,-0.048739,0.12981,-0.14155,-0.026527,0.98102
-0.041665,-0.084274,-0.04917,0.13278,-0.14328,-0.025765,0.9804
-0.041332,-0.084266,-0.049543,0.13582,-0.14501,-0.025003,0.97974
-0.040903,-0.084098,-0.049958,0.13874,-0.14669,-0.024238,0.9791
-0.040437,-0.083855,-0.050489,0.14158,-0.14856,-0.023435,0.97843
-0.03996,-0.083514,-0.051027,0.14443,-0.15067,-0.02273,0.97771
-0.039449,-0.083097,-0.051673,0.14755,-0.15289,-0.021554,0.97693
-0.038818,-0.082633,-0.052326,0.15094,-0.15525,-0.020732,0.97605
-0.038229,-0.082248,-0.053016,0.15452,-0.15787,-0.019663,0.9751
-0.038225,-0.082305,-0.053755,0.15815,-0.1607,-0.018645,0.97407
-0.037575,-0.082098,-0.054425,0.16169,-0.16345,-0.017622,0.97305
-0.036925,-0.081996,-0.055062,0.1651,-0.16607,-0.016764,0.97205
-0.036169,-0.081867,-0.05569,0.16819,-0.1684,-0.016063,0.97113
-0.035381,-0.081606,-0.05636,0.17091,-0.17055,-0.015482,0.97029
-0.034819,-0.081434,-0.057094,0.17337,-0.17271,-0.015028,0.96948
-0.033862,-0.080944,-0.057905,0.17563,-0.17493,-0.014573,0.96868
-0.032902,-0.080323,-0.05884,0.17783,-0.17728,-0.013995,0.96786
-0.031881,-0.079623,-0.059835,0.18009,-0.17967,-0.013417,0.96701
-0.030838,-0.078891,-0.060901,0.18249,-0.18219,-0.012629,0.9661
-0.029774,-0.078247,-0.062064,0.18532,-0.18462,-0.011711,0.96511
-0.028686,-0.077836,-0.063251,0.18834,-0.18721,-0.010713,0.96404
-0.027553,-0.07769,-0.06442,0.19123,-0.18985,-0.0098023,0.96296
-0.026419,-0.077795,-0.065597,0.19381,-0.19253,-0.009236,0.96192
-0.025234,-0.077926,-0.066711,0.19587,-0.19522,-0.0090098,0.96096
-0.023958,-0.077864,-0.067894,0.19738,-0.19765,-0.0091591,0.96015
-0.022758,-0.077678,-0.069047,0.19847,-0.19961,-0.0094593,0.95952
-0.021752,-0.077423,-0.070259,0.19938,-0.20087,-0.0084767,0.95907
-0.020462,-0.077069,-0.071505,0.19978,-0.20212,-0.0090903,0.95873
-0.019166,-0.076712,-0.072783,0.20004,-0.20307,-0.0098193,0.95846
-0.018107,-0.0766,-0.074051,0.20049,-0.20387,-0.01059,0.95819
-0.016787,-0.076466,-0.07534,0.2011,-0.20481,-0.011321,0.95785
-0.015555,-0.076474,-0.0767,0.20184,-0.20604,-0.011764,0.95743
-0.014401,-0.076491,-0.078043,0.20275,-0.20751,-0.012041,0.95692
-0.013321,-0.076511,-0.079369,0.20386,-0.209,-0.012151,0.95635
-0.012322,-0.076518,-0.080664,0.20504,-0.21056,-0.011916,0.95576
-0.011398,-0.076507,-0.081903,0.20619,-0.21235,-0.011473,0.95512
-0.010545,-0.076448,-0.08311,0.2075,-0.21421,-0.010864,0.95443
-0.0096782,-0.076448,-0.084264,0.20905,-0.2162,-0.010172,0.95365
-0.008844,-0.07653,-0.085336,0.211,-0.21823,-0.0095264,0.95277
-0.0080607,-0.076762,-0.086274,0.21333,-0.22001,-0.0090045,0.95184
-0.0072653,-0.076915,-0.087141,0.21595,-0.22173,-0.0084402,0.95086
-0.0063508,-0.077055,-0.08806,0.21859,-0.22346,-0.0076592,0.94986
-0.0053964,-0.077108,-0.088891,0.22128,-0.22533,-0.0069679,0.9488
-0.0044591,-0.077018,-0.089671,0.2239,-0.22714,-0.0063629,0.94775
-0.0035756,-0.076861,-0.090398,0.22654,-0.22895,-0.0056272,0.94669
-0.0027047,-0.076705,-0.091148,0.22893,-0.23079,-0.0048016,0.94568
-0.0021043,-0.076585,-0.091858,0.23154,-0.23245,-0.0028906,0.94464
-0.0012476,-0.076337,-0.092538,0.23375,-0.23446,-0.0021147,0.9436
-0.00043731,-0.076141,-0.093194,0.23591,-0.23643,-0.00125,0.94257
-0.00024284,-0.076272,-0.093844,0.23817,-0.2384,-0.00042814,0.94151
0.00063553,-0.07605,-0.094468,0.24055,-0.24031,0.00026614,0.94042
0.0015471,-0.075743,-0.095098,0.24306,-0.24218,0.0010465,0.93929
0.0024288,-0.075357,-0.0957,0.2455,-0.24415,0.0019137,0.93815
0.0034022,-0.074913,-0.096331,0.24793,-0.2461,0.0028223,0.93699
0.0041435,-0.07457,-0.096945,0.25028,-0.24807,0.0036461,0.93585
0.0052006,-0.074127,-0.097524,0.2524,-0.24991,0.0044761,0.93478
0.0061949,-0.073683,-0.098093,0.25426,-0.25168,0.0053108,0.9338
0.0072477,-0.073257,-0.098611,0.25585,-0.25353,0.0059699,0.93286
0.0082719,-0.072736,-0.09915,0.2571,-0.25549,0.0066271,0.93198
0.0086977,-0.072536,-0.099619,0.2584,-0.25748,0.0071129,0.93106
0.0097626,-0.071846,-0.10009,0.25964,-0.25934,0.0075158,0.9302
0.010801,-0.071102,-0.10053,0.26106,-0.26104,0.008055,0.92932
0.011853,-0.070308,-0.1009,0.26269,-0.26266,0.008379,0.9284
0.012968,-0.06959,-0.10122,0.26439,-0.26428,0.0087874,0.92746
0.015098,-0.068257,-0.10155,0.26607,-0.26596,0.0093257,0.92649
0.016256,-0.06759,-0.10185,0.26778,-0.26759,0.0098652,0.92552
0.017334,-0.066899,-0.10216,0.26941,-0.26923,0.010578,0.92456
0.018403,-0.066232,-0.10246,0.27095,-0.27087,0.011334,0.92363
0.019465,-0.065515,-0.10274,0.27242,-0.27261,0.012046,0.92267
0.021649,-0.064145,-0.10299,0.27392,-0.27438,0.012669,0.92169
0.02274,-0.063441,-0.10323,0.27547,-0.27618,0.013203,0.92069
0.0239,-0.06271,-0.10347,0.27699,-0.27812,0.013564,0.91964
0.025099,-0.061941,-0.10376,0.27873,-0.28009,0.014008,0.91851
0.02637,-0.061212,-0.10401,0.28077,-0.28201,0.014452,0.9173
0.02763,-0.060569,-0.10425,0.28288,-0.28383,0.014985,0.91608
0.029006,-0.059854,-0.1045,0.28502,-0.28558,0.015568,0.91486
0.030503,-0.059143,-0.10471,0.28712,-0.28723,0.01615,0.91367
0.031936,-0.058464,-0.10492,0.28906,-0.28881,0.016781,0.91255
0.033419,-0.057771,-0.10519,0.29082,-0.29031,0.017502,0.9115
0.034501,-0.057294,-0.10546,0.29233,-0.29201,0.018304,0.91046
0.03591,-0.056574,-0.10578,0.29359,-0.29389,0.019317,0.90943
0.037379,-0.055817,-0.1061,0.29495,-0.29587,0.020372,0.90832
0.038896,-0.05509,-0.10639,0.29657,-0.29798,0.021332,0.90708
0.04041,-0.054364,-0.1067,0.29864,-0.30009,0.022251,0.90568
0.041804,-0.053784,-0.10698,0.30127,-0.30222,0.023296,0.90408
0.043334,-0.053104,-0.10722,0.30445,-0.30433,0.02443,0.90227
0.044831,-0.052545,-0.10746,0.30809,-0.30631,0.026212,0.90032
0.046352,-0.05195,-0.10763,0.31166,-0.30846,0.027647,0.89831
0.047971,-0.051232,-0.1079,0.31473,-0.31097,0.02903,0.89632
0.049702,-0.050409,-0.10829,0.31707,-0.31397,0.030136,0.89442
0.051515,-0.049504,-0.10872,0.31884,-0.3172,0.031021,0.89262
0.053318,-0.048654,-0.10914,0.32044,-0.32027,0.031742,0.89092
0.055158,-0.047777,-0.10961,0.32192,-0.32306,0.032383,0.88935
0.056973,-0.046976,-0.11009,0.32336,-0.32566,0.033076,0.88786
0.058757,-0.046162,-0.11046,0.32499,-0.32793,0.033477,0.88641
0.060394,-0.045442,-0.11071,0.32694,-0.32949,0.03377,0.8851
0.061975,-0.044799,-0.1109,0.32913,-0.33031,0.034343,0.88396
0.063461,-0.044245,-0.11107,0.33144,-0.33082,0.03515,0.88288
0.064984,-0.043644,-0.1112,0.33365,-0.33166,0.035985,0.88169
0.066049,-0.04326,-0.11148,0.33537,-0.33327,0.036492,0.88041
0.067781,-0.042539,-0.11191,0.33665,-0.33554,0.036592,0.87906
0.069766,-0.041679,-0.11242,0.33734,-0.3385,0.03585,0.87769
0.071528,-0.040936,-0.11303,0.33813,-0.34139,0.035802,0.87627
0.073313,-0.04024,-0.11361,0.33894,-0.34431,0.035923,0.8748
0.075003,-0.039585,-0.11418,0.33992,-0.34713,0.036098,0.8733
0.076561,-0.039038,-0.11457,0.34128,-0.34931,0.036331,0.87189
0.077263,-0.038815,-0.11472,0.34288,-0.35049,0.036766,0.87077
0.078612,-0.038364,-0.11483,0.34464,-0.35092,0.037488,0.86987
0.079953,-0.038002,-0.11491,0.34647,-0.35116,0.038171,0.86902
0.081323,-0.037492,-0.11494,0.34816,-0.35177,0.038719,0.86807
0.082647,-0.037025,-0.11506,0.34965,-0.35293,0.03916,0.86698
0.08412,-0.036503,-0.11529,0.35085,-0.35481,0.039229,0.86572
0.08552,-0.035978,-0.11562,0.35222,-0.35699,0.039465,0.86426
0.08704,-0.035465,-0.11604,0.35357,-0.35965,0.039687,0.86259
0.087915,-0.03526,-0.11637,0.35528,-0.36262,0.039855,0.86063
0.089392,-0.034835,-0.11665,0.35753,-0.36526,0.040211,0.85857
0.090684,-0.034587,-0.11679,0.36047,-0.36705,0.041109,0.85653
0.091836,-0.034529,-0.11676,0.36402,-0.36776,0.042303,0.85466
0.09296,-0.034494,-0.11651,0.36763,-0.3678,0.043563,0.85304
0.09418,-0.034342,-0.11615,0.37063,-0.36761,0.044394,0.85178
0.095559,-0.03403,-0.11586,0.37248,-0.36762,0.044696,0.85095
0.09703,-0.033648,-0.11567,0.37342,-0.36772,0.044954,0.85048
0.098435,-0.03323,-0.11555,0.3739,-0.36806,0.045037,0.85012
0.099805,-0.032843,-0.1155,0.37454,-0.36855,0.045452,0.8496
0.10108,-0.032605,-0.11555,0.37572,-0.36953,0.046421,0.8486
0.10226,-0.032471,-0.1156,0.37767,-0.37088,0.047941,0.84706
0.10329,-0.032467,-0.11559,0.38069,-0.37244,0.050111,0.8449
0.10437,-0.03245,-0.1156,0.3837,-0.37399,0.052195,0.84273
0.10544,-0.032353,-0.11544,0.38672,-0.37539,0.054192,0.84059
0.10666,-0.032086,-0.11522,0.38867,-0.37623,0.055176,0.83925
0.10801,-0.03173,-0.11494,0.39006,-0.37673,0.055765,0.83834
0.10935,-0.0312,-0.11471,0.39006,-0.37673,0.055765,0.83834
0.11048,-0.030843,-0.11429,0.39119,-0.37684,0.056372,0.83773
0.11147,-0.03051,-0.11384,0.39238,-0.37677,0.057197,0.83714
0.11205,-0.030386,-0.11339,0.39369,-0.3768,0.05837,0.83643
0.11291,-0.030095,-0.113,0.39508,-0.37716,0.059668,0.83553
0.11379,-0.029834,-0.11256,0.39677,-0.37769,0.060999,0.83439
0.11463,-0.029637,-0.11207,0.39889,-0.37805,0.062511,0.8331
0.11552,-0.029498,-0.11151,0.40131,-0.37816,0.063728,0.83179
0.1165,-0.029334,-0.11085,0.40385,-0.37805,0.064823,0.83053
0.11753,-0.02925,-0.11011,0.40619,-0.37801,0.065608,0.82934
0.11855,-0.029167,-0.10936,0.40818,-0.37814,0.066353,0.82824
0.11956,-0.029085,-0.1086,0.40989,-0.37812,0.067401,0.82733
0.12052,-0.029029,-0.10782,0.41141,-0.37786,0.069103,0.82655
0.12118,-0.02909,-0.107,0.41289,-0.37743,0.071336,0.82582
0.12195,-0.02901,-0.10618,0.41442,-0.37712,0.07382,0.82498
0.12273,-0.028933,-0.10536,0.41624,-0.37706,0.076174,0.82387
0.12343,-0.028882,-0.10455,0.41881,-0.37685,0.078838,0.82242
0.12425,-0.028749,-0.10373,0.4213,-0.37695,0.080711,0.82092
0.12564,-0.028459,-0.10288,0.42371,-0.37699,0.082581,0.81947
0.12641,-0.028398,-0.10201,0.42602,-0.37709,0.084367,0.81804
0.1272,-0.028381,-0.10118,0.42809,-0.37691,0.086378,0.81683
0.12787,-0.028432,-0.10027,0.43005,-0.37633,0.088833,0.81581
0.12858,-0.028426,-0.099335,0.43181,-0.37573,0.091426,0.81487
0.12929,-0.028347,-0.098416,0.43344,-0.37549,0.09374,0.81385
0.13021,-0.028159,-0.097517,0.43499,-0.37558,0.095482,0.81278
0.1312,-0.027956,-0.096652,0.43655,-0.3756,0.097231,0.81173
0.13206,-0.02786,-0.095824,0.43849,-0.37492,0.099858,0.81067
0.13295,-0.027772,-0.094987,0.44051,-0.37413,0.10259,0.8096
0.1338,-0.027641,-0.09406,0.44287,-0.37349,0.10531,0.80826
0.13463,-0.027478,-0.093073,0.44541,-0.37307,0.10773,0.80674
0.1356,-0.02745,-0.091989,0.448,-0.37269,0.10967,0.80521
0.13655,-0.027415,-0.090873,0.4506,-0.37192,0.1117,0.80384
0.13752,-0.027371,-0.089742,0.45298,-0.37094,0.11353,0.80269
0.13844,-0.027293,-0.088595,0.45517,-0.37011,0.11522,0.8016
0.13945,-0.027119,-0.087535,0.45696,-0.36984,0.11698,0.80045
0.14044,-0.02689,-0.086587,0.45843,-0.37002,0.11894,0.79924
0.14141,-0.026619,-0.085745,0.45983,-0.37032,0.12146,0.79791
0.14236,-0.026273,-0.08498,0.46135,-0.37064,0.12424,0.79646
0.14317,-0.025804,-0.08425,0.46296,-0.37111,0.12698,0.79487
0.14408,-0.025417,-0.083435,0.46482,-0.37164,0.12929,0.79317
0.14504,-0.025006,-0.082607,0.46694,-0.37204,0.1309,0.79147
0.14604,-0.024567,-0.081637,0.46913,-0.3721,0.13212,0.78994
0.14706,-0.023955,-0.080619,0.47124,-0.37184,0.13311,0.78864
0.14787,-0.023395,-0.079635,0.47329,-0.37161,0.13392,0.78738
0.14891,-0.022892,-0.078661,0.47508,-0.37147,0.13467,0.78624
0.14985,-0.022427,-0.077888,0.47678,-0.37166,0.13569,0.78495
0.15081,-0.02201,-0.077195,0.47851,-0.37205,0.1369,0.7835
0.15172,-0.021629,-0.076644,0.48027,-0.37263,0.13829,0.7819
0.15172,-0.021359,-0.076127,0.48202,-0.37336,0.1395,0.78026
0.15268,-0.020872,-0.075654,0.48362,-0.3741,0.14045,0.77873
0.15367,-0.020415,-0.075131,0.48505,-0.37471,0.14114,0.77743
0.15463,-0.019957,-0.074571,0.48637,-0.37513,0.14162,0.77632
0.15565,-0.019485,-0.074047,0.48749,-0.37545,0.14185,0.77542
0.1569,-0.018993,-0.073529,0.48847,-0.37557,0.14198,0.77471
0.15788,-0.018608,-0.073068,0.48921,-0.37572,0.14229,0.77412
0.15882,-0.018186,-0.07266,0.48968,-0.37606,0.14276,0.77357
0.15998,-0.017532,-0.072528,0.48916,-0.37746,0.14197,0.77336
0.16099,-0.017085,-0.072351,0.48919,-0.3783,0.14239,0.77286
0.16202,-0.016694,-0.072231,0.48938,-0.37912,0.1428,0.77226
0.1631,-0.016368,-0.072163,0.48969,-0.37972,0.14339,0.77166
0.16414,-0.01609,-0.07196,0.49006,-0.38029,0.14386,0.77106
0.16511,-0.016018,-0.071836,0.49074,-0.38057,0.14499,0.77027
0.16618,-0.01576,-0.071621,0.49102,-0.38131,0.14546,0.76964
0.16735,-0.01552,-0.071351,0.49112,-0.38188,0.14601,0.76919
0.16835,-0.015295,-0.071026,0.49111,-0.38246,0.14655,0.7688
0.16936,-0.015028,-0.070672,0.49095,-0.38313,0.14693,0.7685
0.17038,-0.014712,-0.070204,0.49068,-0.38388,0.14712,0.76826
0.17132,-0.014379,-0.069693,0.49059,-0.38454,0.14754,0.76791
0.17286,-0.013914,-0.069127,0.49066,-0.38524,0.14783,0.76745
0.17362,-0.013613,-0.068507,0.49091,-0.38594,0.14816,0.76688
0.17434,-0.013312,-0.067836,0.49121,-0.38654,0.14854,0.76632
0.17496,-0.012918,-0.067083,0.49131,-0.38719,0.14883,0.76586
0.17555,-0.012557,-0.066315,0.49146,-0.38766,0.14942,0.76541
0.17612,-0.012136,-0.065527,0.49161,-0.38812,0.14998,0.76498
0.17665,-0.011697,-0.064669,0.49183,-0.38856,0.15045,0.76452
0.17715,-0.011298,-0.063811,0.49209,-0.38896,0.15105,0.76403
0.17771,-0.010834,-0.062979,0.49204,-0.38948,0.15121,0.76377
0.1782,-0.010504,-0.062126,0.49219,-0.38971,0.15181,0.76343
0.17856,-0.010128,-0.061249,0.49207,-0.39026,0.15241,0.76311
0.17906,-0.0097352,-0.06034,0.49177,-0.3909,0.15308,0.76284
0.17949,-0.0092612,-0.059466,0.49117,-0.39153,0.15376,0.76277
0.17985,-0.0088813,-0.058514,0.49068,-0.39185,0.15488,0.76269
0.18024,-0.0083699,-0.057575,0.48997,-0.39237,0.15534,0.76279
0.18064,-0.0078185,-0.056499,0.48937,-0.39276,0.1555,0.76294
0.18102,-0.0073079,-0.055312,0.48906,-0.39289,0.1554,0.76309
0.18134,-0.0067889,-0.054071,0.489,-0.39284,0.15518,0.7632
0.18165,-0.0063324,-0.052705,0.48918,-0.39265,0.1548,0.76326
0.18191,-0.0059059,-0.051414,0.48948,-0.39235,0.1545,0.76328
0.18213,-0.0054719,-0.050123,0.48972,-0.39214,0.1543,0.76328
0.18234,-0.0050239,-0.048826,0.48986,-0.39202,0.15408,0.76329
0.1826,-0.0045222,-0.047603,0.48967,-0.39202,0.1539,0.76345
0.18284,-0.0039629,-0.046459,0.48908,-0.39223,0.15377,0.76375
0.18304,-0.0034062,-0.0453,0.4882,-0.39244,0.15375,0.76421
0.18324,-0.0027406,-0.044077,0.48727,-0.39261,0.1537,0.76472
0.18348,-0.0021201,-0.042841,0.48647,-0.39281,0.15364,0.76514
0.18365,-0.0015626,-0.041676,0.48595,-0.39301,0.15354,0.76539
0.18388,-0.0010105,-0.040439,0.48565,-0.39322,0.15327,0.76553
0.18405,-0.00053474,-0.039255,0.48563,-0.39338,0.15309,0.76549
0.18472,-5.2899e-05,-0.038117,0.48571,-0.39351,0.15297,0.7654
0.18488,0.00037924,-0.036817,0.48559,-0.39365,0.15283,0.76543
0.18503,0.0008415,-0.035565,0.48516,-0.39369,0.15286,0.76568
0.18521,0.0014081,-0.034286,0.48438,-0.39358,0.15304,0.7662
0.18532,0.0019856,-0.033068,0.48356,-0.39344,0.1532,0.76675
0.18573,0.0026531,-0.03187,0.48284,-0.3934,0.15333,0.7672
0.18592,0.0032905,-0.030636,0.48244,-0.39346,0.15345,0.76739
0.18599,0.0038528,-0.029491,0.48256,-0.39356,0.15354,0.76725
0.18607,0.0043586,-0.028377,0.48288,-0.39384,0.15354,0.76691
0.1861,0.0048737,-0.027195,0.4833,-0.39412,0.15353,0.76649
0.18611,0.0054386,-0.026044,0.48349,-0.39444,0.15352,0.76622
0.18613,0.0060114,-0.024873,0.48343,-0.39471,0.15356,0.7661
0.18618,0.0066231,-0.023771,0.48318,-0.3949,0.15369,0.76614
0.1861,0.0072471,-0.022658,0.48266,-0.39502,0.15385,0.76637
0.18605,0.0078951,-0.02156,0.48207,-0.395,0.15398,0.76673
0.18772,0.008642,-0.020504,0.48164,-0.39496,0.15407,0.767
0.18772,0.0092642,-0.019494,0.48151,-0.39508,0.1541,0.76702
0.1877,0.0098011,-0.01852,0.4818,-0.39542,0.15414,0.76665
0.1877,0.010303,-0.017565,0.482,-0.39592,0.15404,0.76629
0.18765,0.010793,-0.016614,0.48226,-0.39621,0.15404,0.76597
0.18766,0.011239,-0.015722,0.48245,-0.39654,0.15416,0.76566
0.18766,0.011696,-0.0148,0.48278,-0.39683,0.1542,0.76529
0.18766,0.012169,-0.013961,0.48299,-0.39709,0.15433,0.765
0.18767,0.012763,-0.013093,0.48294,-0.39746,0.15413,0.76488
0.18766,0.013303,-0.012255,0.48282,-0.39759,0.15422,0.76487
0.18724,0.013827,-0.011433,0.4825,-0.39772,0.15439,0.76497
0.18731,0.014491,-0.010663,0.48207,-0.398,0.15451,0.76507
0.18738,0.015077,-0.0099324,0.482,-0.39834,0.15454,0.76493
0.18732,0.015536,-0.0091622,0.48259,-0.3983,0.15529,0.76443
0.18732,0.01606,-0.008424,0.4831,-0.39858,0.15546,0.76393
0.18728,0.0165,-0.0076296,0.48363,-0.39879,0.15577,0.76342
0.18723,0.016948,-0.0069042,0.48404,-0.39892,0.15612,0.76302
0.18725,0.017355,-0.0062076,0.48427,-0.39904,0.15659,0.76271
0.18723,0.017749,-0.005542,0.48435,-0.3992,0.15724,0.76245
0.18725,0.018241,-0.0049433,0.48421,-0.39949,0.15789,0.76225
0.18724,0.018736,-0.004353,0.48395,-0.40001,0.15857,0.762
0.18737,0.019363,-0.0038279,0.4836,-0.40069,0.15924,0.76172
0.18752,0.019942,-0.0032576,0.4834,-0.40158,0.15987,0.76125
0.18753,0.02038,-0.0027359,0.48368,-0.40248,0.16086,0.76039
0.18758,0.020809,-0.0021894,0.48402,-0.40351,0.16148,0.75949
0.18725,0.021217,-0.0015027,0.48456,-0.4043,0.162,0.75862
0.18714,0.021691,-0.00069191,0.48515,-0.40466,0.16251,0.75793
0.187,0.022138,0.00024119,0.48566,-0.40487,0.16299,0.7574
0.1868,0.02245,0.0011743,0.48645,-0.40483,0.16396,0.7567
0.18669,0.022901,0.0021125,0.48685,-0.40534,0.16413,0.75613
0.18523,0.023266,0.0030447,0.48715,-0.406,0.16432,0.75554
0.18527,0.02372,0.003924,0.48736,-0.40675,0.1644,0.75499
0.18531,0.024262,0.004814,0.48749,-0.40759,0.16425,0.75448
0.18525,0.024438,0.0057098,0.48845,-0.40754,0.16513,0.7537
0.18531,0.024895,0.0066525,0.48901,-0.40818,0.16468,0.75309
0.18533,0.025303,0.0075916,0.48984,-0.40863,0.16416,0.75242
0.18531,0.025677,0.0086126,0.49069,-0.40879,0.16368,0.75188
0.18518,0.026033,0.0096462,0.49146,-0.4088,0.1632,0.75148
0.18507,0.026322,0.01069,0.49225,-0.40859,0.16313,0.75109
0.18508,0.026718,0.011658,0.49275,-0.40878,0.16283,0.75072
0.18446,0.027054,0.012543,0.49312,-0.40917,0.1626,0.75032
0.18456,0.02751,0.013523,0.49332,-0.40966,0.16241,0.74996
0.18456,0.028006,0.014471,0.49337,-0.41035,0.16227,0.74958
0.18457,0.028502,0.015405,0.49338,-0.41132,0.16211,0.74907
0.18465,0.028966,0.016355,0.49354,-0.41259,0.16173,0.74835
0.18406,0.029352,0.017341,0.49397,-0.41367,0.16127,0.74757
0.18402,0.029701,0.018452,0.49468,-0.41411,0.16083,0.74695
0.18391,0.02998,0.019719,0.49559,-0.414,0.16023,0.74654
0.18373,0.03027,0.021105,0.49658,-0.41355,0.1596,0.74627
0.18366,0.030559,0.022506,0.49748,-0.41326,0.15887,0.74599
0.18197,0.030803,0.023831,0.49817,-0.41311,0.15819,0.74575
0.18208,0.031371,0.025163,0.49868,-0.41314,0.1574,0.74556
0.18214,0.032005,0.026471,0.49904,-0.41319,0.15667,0.74544
0.18213,0.032638,0.027766,0.4995,-0.41318,0.15615,0.74525
0.18221,0.033352,0.02907,0.50003,-0.41329,0.15545,0.74498
0.18192,0.034044,0.030413,0.50055,-0.4134,0.15476,0.74471
0.18195,0.034758,0.031774,0.50114,-0.41341,0.15412,0.74445
0.182,0.035389,0.033142,0.50184,-0.41337,0.15355,0.74411
0.18203,0.036048,0.034445,0.50249,-0.41366,0.15281,0.74366
0.182,0.036589,0.035683,0.50334,-0.41398,0.15233,0.74301
0.18203,0.03715,0.036851,0.50408,-0.41437,0.15207,0.74235
0.18207,0.037722,0.037982,0.5046,-0.41497,0.15184,0.7417
0.18203,0.038349,0.039016,0.50485,-0.41583,0.1517,0.74108
0.18203,0.038917,0.039973,0.50497,-0.41681,0.15149,0.74049
0.18202,0.039479,0.040876,0.50512,-0.41775,0.15138,0.73988
0.18209,0.040229,0.041048,0.50525,-0.41842,0.15119,0.73945
0.18133,0.040616,0.042025,0.50556,-0.41876,0.15098,0.73909
0.1812,0.040845,0.043748,0.50599,-0.41889,0.15075,0.73877
0.18114,0.041222,0.044678,0.50644,-0.4191,0.15032,0.73842
0.18104,0.041621,0.045638,0.50702,-0.41919,0.15002,0.73804
0.18101,0.042196,0.045884,0.50749,-0.41926,0.1499,0.7377
0.18071,0.042556,0.046744,0.50782,-0.41948,0.14984,0.73736
0.18061,0.042977,0.047623,0.50805,-0.41983,0.1498,0.73701
0.18044,0.043361,0.048423,0.50816,-0.42032,0.14987,0.73664
0.18034,0.043829,0.049186,0.50809,-0.42115,0.14994,0.7362
0.18034,0.044275,0.049968,0.50807,-0.4221,0.14992,0.73568
0.17919,0.044586,0.050809,0.50825,-0.42289,0.14972,0.73514
0.17911,0.044947,0.05167,0.50858,-0.42318,0.14959,0.73477
0.17892,0.045208,0.052647,0.50913,-0.42308,0.14954,0.73446
0.17874,0.045517,0.053751,0.50968,-0.42314,0.14925,0.7341
0.17857,0.045805,0.054847,0.51027,-0.4234,0.14899,0.73359
0.17784,0.046064,0.055983,0.51074,-0.42372,0.14869,0.73314
0.17772,0.046413,0.057112,0.51123,-0.42405,0.14833,0.73269
0.17774,0.046952,0.058272,0.51118,-0.42503,0.14704,0.73241
0.17772,0.04738,0.059422,0.51152,-0.42555,0.14651,0.73198
0.17761,0.047767,0.060608,0.51188,-0.42602,0.14594,0.73156
0.17713,0.048037,0.061739,0.51235,-0.42633,0.1455,0.73114
0.17701,0.04832,0.062922,0.513,-0.42664,0.14484,0.73064
0.17686,0.048443,0.064033,0.51393,-0.4267,0.14486,0.72994
0.17685,0.048786,0.065159,0.51434,-0.42745,0.14405,0.72938
0.17689,0.049116,0.066251,0.51461,-0.42838,0.14316,0.72882
0.17704,0.049407,0.067299,0.51474,-0.4292,0.14232,0.7284
0.17709,0.049686,0.068323,0.51483,-0.42967,0.1417,0.72818
0.17698,0.049905,0.069233,0.5151,-0.42973,0.14122,0.72806
0.17685,0.050076,0.070209,0.51549,-0.42965,0.14066,0.72793
0.17674,0.050191,0.071136,0.51596,-0.42956,0.14006,0.72777
0.17673,0.050322,0.072045,0.51642,-0.42946,0.13941,0.72762
0.17662,0.050516,0.072874,0.51677,-0.42943,0.13885,0.7275
0.17638,0.050544,0.073654,0.51746,-0.42897,0.13887,0.72728
0.17622,0.05073,0.074489,0.51775,-0.42897,0.13827,0.72719
0.17635,0.050597,0.075058,0.51791,-0.4291,0.13769,0.72711
0.17622,0.05085,0.07568,0.51792,-0.42925,0.13704,0.72714
0.17619,0.051052,0.076221,0.5178,-0.42938,0.13642,0.72726
0.17606,0.051193,0.076729,0.51777,-0.4295,0.13594,0.7273
0.17605,0.051315,0.07711,0.51773,-0.4297,0.13559,0.72728
0.176,0.051474,0.077444,0.51767,-0.43013,0.13519,0.72714
0.176,0.051667,0.077628,0.51742,-0.43088,0.13486,0.72694
0.17594,0.051879,0.077728,0.51704,-0.43175,0.13457,0.72674
0.17602,0.052212,0.077698,0.51629,-0.43288,0.13427,0.72666
0.17599,0.052558,0.077679,0.51564,-0.43393,0.13407,0.72653
0.17603,0.052958,0.077606,0.51481,-0.43514,0.13382,0.72644
0.17612,0.053324,0.077506,0.51375,-0.43633,0.1336,0.72652
0.17625,0.053715,0.07747,0.51282,-0.43706,0.13336,0.72678
0.17639,0.054243,0.077516,0.51154,-0.43788,0.13232,0.72738
0.17634,0.05451,0.077603,0.51104,-0.43777,0.13232,0.72779
0.17618,0.054854,0.077741,0.51064,-0.43766,0.13219,0.72817
0.17606,0.055248,0.077893,0.51024,-0.43789,0.13217,0.72831
0.17601,0.055715,0.07806,0.50979,-0.43855,0.13219,0.72823
0.17599,0.056231,0.078165,0.50915,-0.43962,0.13225,0.72802
0.1761,0.056865,0.078251,0.50812,-0.44123,0.13234,0.72775
0.17631,0.057542,0.078276,0.50687,-0.44321,0.13245,0.7274
0.17651,0.058366,0.078252,0.50545,-0.44546,0.1326,0.72698
0.17674,0.059095,0.078328,0.50422,-0.44747,0.13272,0.72658
0.17691,0.059708,0.078398,0.50347,-0.44884,0.13289,0.72622
0.17695,0.060158,0.078661,0.50328,-0.44957,0.133,0.72588
0.17692,0.060502,0.07897,0.50356,-0.44996,0.13305,0.72544
0.17694,0.060816,0.079358,0.50356,-0.44996,0.13305,0.72544
0.1769,0.061125,0.079817,0.50396,-0.4503,0.13308,0.72494
0.17686,0.061424,0.080253,0.50423,-0.45078,0.13308,0.72446
0.17699,0.061817,0.080702,0.50413,-0.45165,0.1327,0.72405
0.17718,0.062256,0.081079,0.50387,-0.4527,0.13251,0.72362
0.1775,0.062779,0.081347,0.50331,-0.45424,0.13228,0.72308
0.17773,0.063329,0.081566,0.50265,-0.45599,0.13194,0.7225
0.17791,0.063806,0.081768,0.50227,-0.45743,0.13159,0.72192
0.17795,0.064096,0.082139,0.50234,-0.45821,0.13132,0.72142
0.17795,0.064184,0.082583,0.5029,-0.45829,0.13132,0.72098
0.17795,0.06413,0.083072,0.50368,-0.45806,0.1313,0.72059
0.17791,0.064037,0.083473,0.50432,-0.45797,0.13126,0.7202
0.17788,0.063984,0.08382,0.50469,-0.45804,0.13113,0.71992
0.17797,0.064009,0.084091,0.50479,-0.45844,0.13073,0.71968
0.178,0.064029,0.084289,0.50481,-0.45869,0.13072,0.7195
0.17807,0.064117,0.08439,0.50473,-0.45895,0.13071,0.7194
0.17816,0.064241,0.084432,0.50455,-0.45943,0.1307,0.71922
0.17822,0.064334,0.084303,0.50414,-0.45989,0.13078,0.7192
0.17826,0.064363,0.084216,0.50379,-0.45999,0.13086,0.71936
0.17833,0.064457,0.084131,0.50337,-0.45996,0.13085,0.71967
0.17835,0.064516,0.084088,0.50317,-0.46002,0.13064,0.71981
0.17851,0.064593,0.084043,0.50307,-0.4601,0.13046,0.71987
0.1786,0.064646,0.083964,0.50297,-0.46009,0.13032,0.71997
0.17875,0.064748,0.083857,0.50263,-0.46019,0.1301,0.72018
0.17883,0.064765,0.083731,0.5024,-0.46024,0.12993,0.72034
0.17898,0.064849,0.083638,0.50214,-0.46033,0.12975,0.7205
0.17902,0.064848,0.083522,0.50189,-0.46044,0.12965,0.72062
0.17911,0.064923,0.083474,0.50165,-0.46056,0.12965,0.72071
0.1791,0.065031,0.0834,0.50127,-0.46079,0.12947,0.72087
0.17906,0.065012,0.083302,0.50111,-0.46089,0.12964,0.72087
0.17901,0.065045,0.083202,0.50076,-0.46116,0.12971,0.72093
0.17896,0.06506,0.08308,0.50033,-0.46144,0.12983,0.72103
0.17889,0.065029,0.083006,0.4998,-0.46155,0.12995,0.72131
0.17881,0.064968,0.082927,0.49954,-0.46141,0.13017,0.72154
0.17865,0.064901,0.082888,0.49939,-0.46121,0.1303,0.72175
0.17852,0.064836,0.082893,0.49925,-0.46101,0.13027,0.72197
0.17836,0.064832,0.082895,0.49909,-0.46088,0.13031,0.72216
0.17821,0.064808,0.082855,0.49901,-0.46072,0.13036,0.72231
0.17807,0.064842,0.082758,0.49877,-0.46084,0.13017,0.72244
0.17793,0.064864,0.08265,0.49856,-0.4609,0.13017,0.72253
0.17785,0.064862,0.082552,0.49829,-0.46091,0.13012,0.72273
0.17777,0.064855,0.082386,0.49788,-0.46097,0.1302,0.72296
0.17768,0.06484,0.082257,0.4975,-0.46096,0.13021,0.72323
0.17761,0.064771,0.082222,0.49745,-0.4606,0.13035,0.72347
0.17757,0.064713,0.082207,0.4973,-0.46038,0.13026,0.72372
0.17758,0.06471,0.082188,0.4971,-0.46029,0.13009,0.72395
0.17763,0.064748,0.082065,0.49683,-0.4603,0.12995,0.72415
0.17751,0.064763,0.082057,0.4966,-0.46034,0.12986,0.7243
0.1775,0.064793,0.082021,0.49629,-0.46056,0.1295,0.72444
0.17742,0.064775,0.081968,0.49609,-0.46047,0.12946,0.72464
0.17744,0.064718,0.08191,0.49584,-0.46049,0.12937,0.72481
0.17744,0.064736,0.081869,0.49544,-0.46047,0.12933,0.7251
0.17734,0.064728,0.08181,0.49491,-0.46042,0.12927,0.72551
0.17718,0.064562,0.081745,0.49483,-0.45988,0.12994,0.72579
0.17712,0.064619,0.081709,0.49428,-0.45981,0.1298,0.72623
0.1771,0.06465,0.081653,0.49379,-0.45979,0.12967,0.7266
0.17699,0.06466,0.081555,0.49325,-0.45981,0.12962,0.72696
0.17693,0.064655,0.081495,0.49281,-0.45984,0.12957,0.72725
0.17681,0.06468,0.081451,0.4924,-0.4598,0.12957,0.72756
0.17669,0.064629,0.081378,0.49203,-0.4599,0.1296,0.72774
0.17659,0.064596,0.081319,0.49171,-0.46002,0.12956,0.72789
0.17653,0.064579,0.081228,0.49135,-0.46028,0.1295,0.72797
0.17649,0.064559,0.081156,0.49094,-0.46048,0.12941,0.72814
0.17641,0.064575,0.081066,0.49044,-0.46078,0.12935,0.7283
0.17632,0.064626,0.080977,0.48984,-0.46099,0.1293,0.72858
0.17619,0.064625,0.080867,0.4893,-0.46101,0.12925,0.72894
0.17605,0.064625,0.080726,0.48881,-0.46091,0.12929,0.72932
0.17599,0.064604,0.080573,0.48833,-0.46083,0.12928,0.72969
0.17585,0.064561,0.080375,0.48782,-0.46087,0.12932,0.73
0.17578,0.064508,0.080107,0.48734,-0.46102,0.12931,0.73023
0.17569,0.064405,0.079808,0.48689,-0.46112,0.12939,0.73045
0.17558,0.064288,0.079515,0.48656,-0.46108,0.12944,0.73069
0.17553,0.064112,0.079199,0.48618,-0.46092,0.12939,0.73106
0.17548,0.063949,0.078845,0.48558,-0.46088,0.12942,0.73147
0.17549,0.06375,0.078434,0.48481,-0.46095,0.12951,0.73192
0.17554,0.06351,0.078005,0.48396,-0.46111,0.12958,0.73237
0.17561,0.063256,0.077517,0.48309,-0.46157,0.12956,0.73266
0.17576,0.063,0.076948,0.48207,-0.46215,0.12954,0.73297
0.17594,0.062829,0.076345,0.48091,-0.46292,0.12938,0.73327
0.17614,0.062638,0.075762,0.47973,-0.46383,0.12922,0.73351
0.17645,0.062459,0.075165,0.47849,-0.46469,0.12897,0.73381
0.17664,0.062281,0.074697,0.47733,-0.46546,0.12864,0.73413
0.17672,0.06198,0.074276,0.47634,-0.46581,0.12837,0.73461
0.17674,0.061679,0.074034,0.47555,-0.46561,0.12814,0.73528
0.17665,0.061303,0.073789,0.47489,-0.46521,0.12801,0.73598
0.17671,0.06103,0.073657,0.47415,-0.46489,0.12767,0.73672
0.17678,0.060837,0.073511,0.47319,-0.46478,0.12727,0.73748
0.1769,0.060706,0.073378,0.4719,-0.46487,0.12686,0.73832
0.17693,0.060622,0.073249,0.47042,-0.46513,0.12649,0.73916
0.17714,0.060593,0.073044,0.46876,-0.46554,0.12604,0.74003
0.17734,0.060592,0.072864,0.46694,-0.46622,0.12553,0.74084
0.17761,0.060585,0.072653,0.4651,-0.46713,0.12493,0.74153
0.17778,0.060499,0.072451,0.46351,-0.46808,0.12429,0.74203
0.17788,0.06025,0.072385,0.46257,-0.46838,0.12366,0.74253
0.17784,0.059978,0.072348,0.46165,-0.46863,0.123,0.74306
0.17777,0.059587,0.072421,0.46095,-0.46842,0.12243,0.74372
0.17763,0.059211,0.072597,0.46024,-0.46796,0.12183,0.74455
0.17766,0.058928,0.072686,0.45885,-0.46828,0.12098,0.74534
0.17774,0.058788,0.0727,0.45703,-0.46887,0.12008,0.74623
0.17784,0.058599,0.072718,0.45524,-0.46941,0.11923,0.74713
0.17809,0.058526,0.072581,0.4528,-0.4705,0.11823,0.74808
0.17845,0.058535,0.072341,0.45022,-0.47212,0.117,0.74881
0.17888,0.058525,0.071998,0.44755,-0.47422,0.11566,0.74929
0.17938,0.058438,0.07164,0.44516,-0.47632,0.11469,0.74953
0.17996,0.058312,0.07116,0.44263,-0.47861,0.11341,0.74977
0.18049,0.05818,0.070728,0.44015,-0.48072,0.11212,0.75007
0.181,0.05795,0.07029,0.43752,-0.48268,0.11089,0.75053
0.18147,0.057696,0.069858,0.43471,-0.48474,0.10961,0.75103
0.18196,0.057483,0.069443,0.43179,-0.48686,0.10829,0.75153
0.18248,0.05729,0.06897,0.4288,-0.48908,0.107,0.75199
0.18292,0.057134,0.068521,0.42587,-0.49134,0.10571,0.75236
0.18323,0.056929,0.068101,0.4232,-0.49343,0.10457,0.75266
0.18343,0.056652,0.067747,0.42102,-0.49507,0.10352,0.75295
0.18338,0.056318,0.067459,0.41938,-0.49612,0.10266,0.75329
0.18315,0.055811,0.067272,0.41813,-0.49672,0.10199,0.75368
0.18284,0.05527,0.067168,0.41712,-0.49705,0.10142,0.7541
0.18245,0.054703,0.067061,0.41619,-0.49727,0.10088,0.75454
0.18207,0.054152,0.066954,0.4151,-0.49769,0.1003,0.75494
0.1819,0.053814,0.066825,0.41307,-0.49903,0.098483,0.75541
0.18163,0.053326,0.06661,0.41149,-0.50014,0.097756,0.75563
0.18146,0.052893,0.066405,0.40966,-0.50159,0.096887,0.75578
0.18128,0.052432,0.066165,0.40795,-0.50283,0.096069,0.75599
0.18096,0.051925,0.065949,0.40664,-0.50329,0.095403,0.75647
0.18054,0.051348,0.065863,0.40574,-0.50315,0.094798,0.75712
0.18008,0.050652,0.065767,0.40508,-0.50273,0.09441,0.7578
0.17966,0.050019,0.065719,0.40439,-0.50277,0.093924,0.7582
0.17939,0.049534,0.065609,0.40329,-0.50357,0.093253,0.75834
0.17932,0.049073,0.065409,0.40174,-0.50502,0.092348,0.75831
0.17944,0.048706,0.065145,0.39989,-0.50677,0.091347,0.75824
0.17961,0.048313,0.06483,0.39773,-0.50865,0.090123,0.75827
0.17974,0.047846,0.064519,0.39559,-0.51006,0.088827,0.75859
0.17962,0.047258,0.064345,0.39379,-0.51041,0.087602,0.75943
0.1793,0.046573,0.064255,0.39242,-0.50977,0.086477,0.7607
0.17921,0.046059,0.064253,0.39038,-0.5094,0.084083,0.76226
0.17876,0.04531,0.06423,0.38917,-0.50866,0.082885,0.76351
0.17844,0.044605,0.064168,0.38765,-0.50843,0.081576,0.76457
0.17813,0.043896,0.063964,0.38591,-0.50851,0.080311,0.76554
0.17791,0.043296,0.063655,0.38399,-0.50859,0.079131,0.76657
0.17725,0.04222,0.063296,0.38259,-0.50819,0.078878,0.76756
0.17703,0.041539,0.062841,0.38039,-0.50834,0.077817,0.76867
0.17677,0.040863,0.062345,0.37809,-0.50858,0.076681,0.76975
0.17645,0.040164,0.061832,0.37581,-0.50867,0.075499,0.77093
0.17612,0.039394,0.061356,0.37365,-0.50854,0.074452,0.77216
0.17565,0.038566,0.060874,0.37161,-0.50852,0.073324,0.77327
0.17527,0.037738,0.060484,0.36968,-0.50867,0.072227,0.77419
0.17495,0.036986,0.060093,0.36757,-0.50914,0.070998,0.775
0.17473,0.036321,0.059678,0.36507,-0.50991,0.069628,0.7758
0.17466,0.03572,0.059211,0.36218,-0.51107,0.06817,0.77652
0.1747,0.03512,0.05864,0.35871,-0.51268,0.066478,0.77721
0.17473,0.034651,0.058071,0.35522,-0.51427,0.064791,0.77792
0.17452,0.034086,0.057605,0.35237,-0.51457,0.063344,0.77913
0.1739,0.033332,0.057369,0.35042,-0.51342,0.062241,0.78085
0.17293,0.032404,0.057322,0.34929,-0.51131,0.06142,0.78281
0.17193,0.031499,0.057437,0.34837,-0.50919,0.060291,0.78468
0.17086,0.030446,0.057542,0.34748,-0.50752,0.059329,0.78623
0.16991,0.029442,0.057673,0.34623,-0.50641,0.058181,0.78758
0.1692,0.02854,0.057646,0.34454,-0.5058,0.056765,0.78882
0.16863,0.027786,0.057575,0.3424,-0.50542,0.055121,0.79011
0.16817,0.027049,0.057368,0.33964,-0.50547,0.053213,0.7914
0.16793,0.026547,0.057024,0.33645,-0.50595,0.051419,0.79258
0.1678,0.026087,0.056647,0.33299,-0.50675,0.049495,0.79364
0.16767,0.025546,0.056213,0.32945,-0.50781,0.047693,0.79455
0.16765,0.025007,0.055764,0.32598,-0.50915,0.045927,0.79523
0.16779,0.024479,0.055261,0.3224,-0.51089,0.043681,0.7957
0.16778,0.023757,0.054818,0.31926,-0.51236,0.041789,0.79612
0.16776,0.023,0.054313,0.316,-0.51357,0.039943,0.79674
0.16771,0.022171,0.053825,0.31271,-0.51436,0.038108,0.79762
0.16756,0.021308,0.053311,0.3093,-0.51431,0.036553,0.79905
0.16745,0.020554,0.052778,0.30561,-0.51451,0.034473,0.80043
0.16721,0.019719,0.052321,0.30208,-0.51468,0.0327,0.80174
0.16695,0.01882,0.051818,0.2985,-0.51433,0.031281,0.80336
0.16661,0.01791,0.05123,0.29499,-0.51396,0.029869,0.80494
0.16636,0.016963,0.050554,0.29144,-0.51411,0.028352,0.80619
0.16636,0.01654,0.04982,0.28769,-0.51482,0.026832,0.80714
0.16631,0.01554,0.048932,0.28363,-0.51574,0.025476,0.80803
0.16632,0.014528,0.047939,0.2795,-0.51684,0.024163,0.80881
0.16625,0.013464,0.046869,0.2753,-0.51794,0.022937,0.80958
0.1661,0.012414,0.045821,0.27121,-0.51876,0.02172,0.81047
0.16592,0.011428,0.044782,0.26732,-0.51919,0.020643,0.81151
0.1656,0.010303,0.043851,0.26373,-0.51908,0.019618,0.81278
0.16503,0.0091995,0.04301,0.2606,-0.51856,0.018772,0.81414
0.16437,0.0080423,0.042354,0.25773,-0.5178,0.017849,0.81556
0.16356,0.0068948,0.041701,0.25502,-0.51678,0.017104,0.81708
0.16274,0.0060269,0.041111,0.25237,-0.51563,0.016271,0.81864
0.16183,0.0048152,0.040509,0.24986,-0.51438,0.015574,0.8202
0.1609,0.0036204,0.03996,0.24734,-0.51297,0.014881,0.82187
0.1599,0.002441,0.039392,0.2447,-0.5116,0.014275,0.82352
0.15896,0.0012216,0.038872,0.24211,-0.51036,0.013538,0.82506
0.158,9.817e-05,0.038317,0.23961,-0.50919,0.012754,0.82653
0.15708,-0.0009747,0.037759,0.23723,-0.50796,0.011969,0.82799
0.15617,-0.0020517,0.037265,0.23499,-0.50686,0.011012,0.82931
0.15532,-0.0031279,0.036715,0.23253,-0.50579,0.0099653,0.83066
0.15455,-0.0042278,0.036124,0.2299,-0.50458,0.0088409,0.83214
0.15397,-0.005274,0.03547,0.22638,-0.50352,0.0068503,0.83377
0.15312,-0.006366,0.034828,0.22358,-0.50193,0.0060802,0.83549
0.15221,-0.007412,0.034167,0.22091,-0.50019,0.0052694,0.83724
0.1513,-0.0085016,0.033614,0.21836,-0.49825,0.0043357,0.83908
0.15045,-0.0095645,0.032999,0.21586,-0.49643,0.0034848,0.84081
0.14969,-0.010547,0.032423,0.21306,-0.49473,0.0020297,0.84252
0.14893,-0.011549,0.031734,0.21033,-0.49285,0.00092242,0.84431
0.14813,-0.012584,0.031079,0.20733,-0.49068,-8.5187e-05,0.84631
0.14734,-0.013665,0.03043,0.20419,-0.48845,-0.0010059,0.84836
0.1465,-0.014798,0.029802,0.20093,-0.48619,-0.0019227,0.85043
0.1458,-0.015817,0.029202,0.19705,-0.48417,-0.003362,0.85249
0.14499,-0.016872,0.02856,0.19341,-0.48207,-0.0041478,0.85451
0.14408,-0.017919,0.02806,0.1898,-0.47982,-0.0048452,0.85658
0.14307,-0.018986,0.027611,0.18661,-0.47723,-0.0055337,0.85872
0.14196,-0.020089,0.027322,0.18377,-0.47421,-0.0062165,0.86099
0.14072,-0.021276,0.027104,0.18123,-0.47074,-0.006972,0.86343
0.1395,-0.022415,0.026982,0.1787,-0.46686,-0.007675,0.86606
0.13819,-0.023508,0.026846,0.17589,-0.46274,-0.0082379,0.86883
0.13685,-0.024646,0.026718,0.17283,-0.45857,-0.0084928,0.87165
0.13559,-0.025743,0.026504,0.16969,-0.45448,-0.0087055,0.8744
0.13564,-0.025446,0.025166,0.16633,-0.45051,-0.009393,0.87709
0.13444,-0.026242,0.024923,0.16308,-0.44673,-0.0099111,0.87963
0.13323,-0.027505,0.024721,0.15996,-0.44305,-0.010347,0.88205
0.13205,-0.028745,0.024459,0.15695,-0.4394,-0.010652,0.88441
0.13086,-0.029917,0.024173,0.15401,-0.43572,-0.010957,0.88674
0.12968,-0.031079,0.023961,0.15082,-0.43206,-0.011603,0.88907
0.12828,-0.031637,0.023773,0.14761,-0.4283,-0.011944,0.89142
0.12697,-0.032898,0.023631,0.14429,-0.42469,-0.012287,0.89368
0.12577,-0.03402,0.023489,0.14094,-0.4212,-0.012717,0.89586
0.1246,-0.035155,0.023266,0.1375,-0.4178,-0.013106,0.89798
0.12345,-0.036333,0.02307,0.13416,-0.4144,-0.013493,0.90005
0.12224,-0.037292,0.022825,0.13108,-0.41099,-0.013752,0.90206
0.12126,-0.038558,0.022629,0.12821,-0.40754,-0.013796,0.90404
0.11986,-0.039846,0.022461,0.12543,-0.40392,-0.013662,0.90605
0.11844,-0.041189,0.022344,0.12245,-0.39996,-0.013601,0.90821
0.11701,-0.042554,0.022257,0.1192,-0.39558,-0.013522,0.91056
0.11559,-0.043835,0.022066,0.11568,-0.39122,-0.013354,0.9129
0.11426,-0.0452,0.022001,0.11202,-0.38648,-0.0133,0.91537
0.11292,-0.046572,0.02188,0.10826,-0.38189,-0.01338,0.91775
0.11166,-0.048004,0.021693,0.10445,-0.37757,-0.013464,0.91997
0.1106,-0.049569,0.021569,0.10034,-0.37362,-0.014202,0.92203
0.10938,-0.051054,0.021419,0.096465,-0.36973,-0.014339,0.92401
0.10776,-0.052383,0.021122,0.092377,-0.36581,-0.014427,0.92598
0.10657,-0.05383,0.020833,0.08819,-0.36172,-0.014422,0.92799
0.10531,-0.055283,0.020659,0.083948,-0.35733,-0.014447,0.93008
0.10389,-0.056676,0.020498,0.079724,-0.35247,-0.014499,0.93231
0.10235,-0.058146,0.020513,0.075641,-0.347,-0.01436,0.9347
0.1007,-0.0597,0.020713,0.071711,-0.34102,-0.01403,0.93721
0.098887,-0.061261,0.021065,0.068159,-0.33473,-0.013521,0.93975
0.097034,-0.06267,0.021458,0.064924,-0.32857,-0.013015,0.94216
0.095545,-0.064049,0.021802,0.061232,-0.32309,-0.01395,0.94428
0.093764,-0.065447,0.022556,0.061232,-0.32309,-0.01395,0.94428
0.093084,-0.066971,0.022777,0.05794,-0.31832,-0.013447,0.94612
0.091662,-0.068387,0.022656,0.054355,-0.31437,-0.012876,0.94766
0.090211,-0.069774,0.022527,0.050621,-0.31092,-0.012363,0.94901
0.088801,-0.071183,0.022342,0.046816,-0.30766,-0.01181,0.95027
0.08699,-0.07154,0.022272,0.04326,-0.3042,-0.011211,0.95156
0.085601,-0.072938,0.022299,0.040006,-0.3007,-0.010657,0.95282
0.08405,-0.074325,0.022477,0.037045,-0.29697,-0.010097,0.95411
0.082468,-0.07565,0.02278,0.03454,-0.29283,-0.0093571,0.95549
0.080741,-0.077003,0.023311,0.0325,-0.28839,-0.008525,0.95692
0.079334,-0.079058,0.023835,0.030693,-0.28342,-0.0078487,0.95847
0.078647,-0.08049,0.024367,0.029054,-0.27827,-0.0069949,0.96004
0.077173,-0.081833,0.024858,0.027336,-0.27329,-0.0061889,0.96152
0.075817,-0.083222,0.025251,0.025632,-0.26857,-0.0055194,0.9629
0.074411,-0.084558,0.025743,0.023995,-0.26424,-0.0047343,0.96415
0.072442,-0.084748,0.026231,0.022549,-0.26009,-0.0033534,0.96531
0.070872,-0.085931,0.026678,0.020926,-0.25609,-0.002667,0.96642
0.069512,-0.087072,0.02712,0.019221,-0.2521,-0.0019347,0.96751
0.068081,-0.088183,0.027627,0.017647,-0.24814,-0.0012478,0.96856
0.066755,-0.089326,0.028177,0.016211,-0.24424,-0.00047546,0.96958
0.065898,-0.091164,0.028748,0.014669,-0.24028,-0.00065272,0.97059
0.065951,-0.092376,0.02936,0.013442,-0.23623,0.00012221,0.9716
0.064725,-0.093436,0.029863,0.012265,-0.23238,0.00080031,0.97255
0.06356,-0.094514,0.030286,0.011148,-0.22883,0.0014256,0.9734
0.062494,-0.095643,0.030685,0.010083,-0.22549,0.0019127,0.97419
0.061415,-0.096791,0.03111,0.0089817,-0.22228,0.0024391,0.97494
0.060395,-0.098015,0.031665,0.0079697,-0.21907,0.003009,0.97567
0.059273,-0.099192,0.032158,0.006871,-0.21579,0.0037565,0.97641
0.058102,-0.1003,0.032677,0.0058107,-0.21246,0.0044605,0.97714
0.056979,-0.1014,0.033135,0.0046626,-0.20904,0.0051286,0.97788
0.055958,-0.10251,0.033494,0.0034749,-0.20575,0.0057051,0.97858
0.055445,-0.10366,0.033838,0.0022998,-0.20272,0.0061869,0.97921
0.05461,-0.1048,0.034074,0.0012266,-0.20002,0.0066959,0.97977
0.053627,-0.1059,0.034383,0.00033776,-0.1975,0.0072838,0.98028
0.052703,-0.10705,0.034736,-0.00041563,-0.1951,0.0078223,0.98075
0.051721,-0.10815,0.035266,-0.0010107,-0.19243,0.0082392,0.98128
0.049813,-0.1092,0.035853,-0.001178,-0.1895,0.0092192,0.98184
0.048521,-0.1103,0.03668,-0.00088029,-0.18626,0.010378,0.98245
0.04715,-0.11132,0.037617,-0.00017034,-0.1825,0.011641,0.98314
0.04586,-0.11239,0.038628,0.0007348,-0.17834,0.012828,0.98389
0.044276,-0.11346,0.039707,0.0018226,-0.17396,0.015189,0.98463
0.04314,-0.11449,0.040736,0.002593,-0.16959,0.016434,0.98537
0.04177,-0.11546,0.041769,0.0030654,-0.16536,0.017591,0.98607
0.040407,-0.11632,0.042674,0.0033046,-0.16166,0.018818,0.98666
0.039131,-0.11718,0.043386,0.0034846,-0.15855,0.020021,0.98714
0.037903,-0.11795,0.043924,0.0035977,-0.15588,0.021122,0.98754
0.037191,-0.11868,0.044385,0.0037726,-0.1536,0.022336,0.98787
0.035965,-0.11944,0.0448,0.0039122,-0.15145,0.023589,0.98818
0.034771,-0.12021,0.045255,0.0042281,-0.14931,0.024971,0.98847
0.033551,-0.12092,0.045735,0.0048067,-0.14716,0.02648,0.98875
0.032452,-0.12163,0.046382,0.0058864,-0.14487,0.027463,0.98905
0.032132,-0.12228,0.047165,0.0072756,-0.14255,0.028792,0.98934
0.031115,-0.12291,0.047897,0.008629,-0.14052,0.029849,0.98959
0.030182,-0.12349,0.048491,0.0094789,-0.13884,0.030771,0.98979
0.02941,-0.12402,0.048814,0.0098318,-0.1377,0.031551,0.98992
0.02872,-0.12443,0.04891,0.0097363,-0.13715,0.032442,0.98997
0.028116,-0.12482,0.048809,0.0094385,-0.13698,0.033231,0.98997
0.02749,-0.12517,0.048662,0.0092829,-0.1371,0.033963,0.98993
0.026914,-0.12555,0.048631,0.0094716,-0.13713,0.03474,0.9899
0.026332,-0.12599,0.048666,0.0099966,-0.13697,0.035559,0.98989
0.025732,-0.12632,0.048841,0.010643,-0.13659,0.036386,0.9899
0.0256,-0.12666,0.049175,0.01145,-0.13595,0.037138,0.98995
0.024999,-0.12691,0.049615,0.012367,-0.13491,0.037689,0.99006
0.024357,-0.1271,0.050123,0.01335,-0.13351,0.038164,0.99022
0.023693,-0.12724,0.05065,0.014332,-0.13203,0.038728,0.99038
0.023042,-0.12741,0.051082,0.015235,-0.13065,0.039422,0.99053
0.022457,-0.12748,0.051384,0.015967,-0.12928,0.040205,0.99066
0.021819,-0.1276,0.05168,0.016444,-0.12792,0.041164,0.99079
0.021208,-0.12776,0.051972,0.016837,-0.12666,0.04212,0.99091
0.02062,-0.12792,0.05227,0.017323,-0.12555,0.043065,0.991
0.019756,-0.12738,0.052694,0.018079,-0.1247,0.043828,0.99106
0.020447,-0.12742,0.053164,0.019061,-0.12413,0.044486,0.99109
0.020066,-0.12754,0.053641,0.020083,-0.12359,0.044883,0.99111
0.019772,-0.12756,0.054106,0.021155,-0.12326,0.045182,0.99112
0.019567,-0.1276,0.054494,0.022109,-0.12323,0.045343,0.9911
0.01959,-0.12759,0.054774,0.022845,-0.12348,0.044674,0.99108
0.019389,-0.12763,0.054961,0.023472,-0.12389,0.044905,0.991
0.019266,-0.12768,0.05504,0.023877,-0.1241,0.045152,0.99095
0.01905,-0.12774,0.055188,0.024229,-0.12411,0.045535,0.99093
0.01885,-0.12782,0.055278,0.024358,-0.12399,0.045882,0.99092
0.019147,-0.12871,0.055411,0.024395,-0.12377,0.045978,0.99094
0.01922,-0.12881,0.05544,0.024312,-0.12371,0.046202,0.99094
0.019106,-0.12892,0.055287,0.024142,-0.12372,0.046377,0.99094
0.018988,-0.129,0.055034,0.023927,-0.12377,0.046504,0.99093
0.018902,-0.1291,0.054736,0.023632,-0.12392,0.046589,0.99092
0.018305,-0.12827,0.05438,0.023212,-0.12411,0.046635,0.9909
0.018143,-0.12836,0.054007,0.022794,-0.1244,0.046887,0.99086
0.017976,-0.12846,0.053628,0.022291,-0.12461,0.047192,0.99083
0.017814,-0.12855,0.053212,0.021824,-0.12468,0.047541,0.99082
0.017651,-0.1287,0.052866,0.0214,-0.12472,0.047978,0.9908
0.01766,-0.12914,0.052595,0.021017,-0.12471,0.048417,0.99079
0.018082,-0.12924,0.052345,0.020506,-0.12474,0.048769,0.99078
0.017993,-0.12936,0.052076,0.019855,-0.12464,0.048913,0.9908
0.017929,-0.12936,0.051686,0.01912,-0.12463,0.048968,0.99081
0.017892,-0.12941,0.05136,0.018436,-0.12475,0.049062,0.9908
0.017589,-0.12897,0.051091,0.017885,-0.12499,0.049147,0.99078
0.017595,-0.12898,0.050892,0.017635,-0.12518,0.049229,0.99076
0.017454,-0.12894,0.05076,0.017473,-0.12536,0.049356,0.99073
0.017394,-0.12891,0.050647,0.017306,-0.12546,0.04944,0.99071
0.017314,-0.12884,0.050564,0.017182,-0.1256,0.049522,0.9907
0.016733,-0.12826,0.050413,0.017255,-0.1257,0.050945,0.99061
0.016939,-0.12818,0.050407,0.017312,-0.12592,0.051151,0.99057
0.016861,-0.12805,0.050348,0.01745,-0.12605,0.051274,0.99054
0.016831,-0.12795,0.050333,0.017541,-0.12614,0.051354,0.99053
0.0168,-0.12785,0.050349,0.017547,-0.12623,0.051396,0.99051
0.01675,-0.12772,0.05031,0.017516,-0.12637,0.051694,0.99048
0.016647,-0.12762,0.050306,0.017436,-0.12655,0.051687,0.99046
0.016672,-0.12751,0.050278,0.01749,-0.12676,0.051721,0.99043
0.016699,-0.12739,0.050321,0.01776,-0.12701,0.051664,0.9904
0.016698,-0.12736,0.050349,0.01812,-0.12734,0.051686,0.99035
0.0167,-0.12731,0.050312,0.018398,-0.12768,0.051757,0.99029
0.016756,-0.12726,0.050208,0.018587,-0.12802,0.051868,0.99024
0.016716,-0.12722,0.050146,0.018647,-0.12833,0.05207,0.99019
0.016722,-0.1272,0.05007,0.018614,-0.12847,0.052282,0.99016
0.016662,-0.1272,0.050011,0.018578,-0.12853,0.052499,0.99014
0.016623,-0.12715,0.050024,0.018535,-0.12849,0.052588,0.99014
0.016669,-0.12714,0.049966,0.018582,-0.12854,0.052756,0.99013
0.016701,-0.12711,0.049846,0.018729,-0.12884,0.052831,0.99008
0.016747,-0.12705,0.049692,0.018789,-0.12923,0.052857,0.99003
0.016792,-0.12697,0.049506,0.018853,-0.1297,0.052878,0.98996
0.016834,-0.12694,0.049276,0.018787,-0.13014,0.05299,0.9899
0.016912,-0.12696,0.049097,0.018803,-0.1304,0.05307,0.98986
0.016924,-0.12693,0.048961,0.018815,-0.13058,0.053279,0.98983
0.016959,-0.1269,0.048775,0.01878,-0.13072,0.05353,0.98979
0.016971,-0.12686,0.048653,0.018797,-0.13091,0.053872,0.98975
0.016874,-0.12654,0.04846,0.018812,-0.13118,0.054076,0.9897
0.016988,-0.12645,0.048205,0.018827,-0.13153,0.054229,0.98965
0.017136,-0.12642,0.047935,0.018853,-0.13205,0.054296,0.98958
0.017288,-0.12638,0.047615,0.019012,-0.13269,0.054353,0.98948
0.017455,-0.12639,0.047341,0.019214,-0.13329,0.054287,0.9894
0.017761,-0.12642,0.047027,0.019225,-0.13386,0.053694,0.98936
0.017926,-0.12643,0.046787,0.019115,-0.13434,0.053633,0.9893
0.018118,-0.12642,0.046585,0.018871,-0.13469,0.053581,0.98926
0.018273,-0.1264,0.046363,0.018583,-0.135,0.053532,0.98922
0.018422,-0.12634,0.046139,0.018331,-0.13519,0.053527,0.9892
0.01853,-0.12628,0.045906,0.018161,-0.13535,0.053389,0.98919
0.018125,-0.12629,0.045627,0.017867,-0.1355,0.053349,0.98918
0.018311,-0.12628,0.045322,0.017567,-0.13563,0.053301,0.98917
0.018505,-0.12622,0.044976,0.017231,-0.1359,0.053208,0.98914
0.018709,-0.12619,0.044739,0.016932,-0.13604,0.053036,0.98914
0.018922,-0.12615,0.044542,0.016588,-0.13621,0.052815,0.98913
0.019154,-0.12605,0.044273,0.01616,-0.13639,0.052557,0.98913
0.019285,-0.12595,0.044113,0.01573,-0.13657,0.052338,0.98912
0.019422,-0.12582,0.043919,0.0153,-0.13667,0.05217,0.98912
0.019501,-0.12574,0.043826,0.014953,-0.13668,0.05213,0.98913
0.019524,-0.12551,0.043722,0.014647,-0.13656,0.052142,0.98915
0.019685,-0.12548,0.043621,0.014551,-0.13639,0.052106,0.98918
0.019788,-0.12543,0.04357,0.014545,-0.1363,0.052064,0.98919
0.019943,-0.12532,0.043503,0.014716,-0.13629,0.051975,0.9892
0.02006,-0.12524,0.04342,0.014946,-0.13658,0.051877,0.98916
0.020239,-0.12517,0.043285,0.015047,-0.137,0.051767,0.9891
0.020002,-0.12511,0.043187,0.015149,-0.13742,0.051618,0.98905
0.020119,-0.12502,0.043108,0.015114,-0.13763,0.051397,0.98903
0.020215,-0.12496,0.043039,0.015028,-0.13779,0.051171,0.98902
0.020301,-0.12487,0.043,0.014857,-0.13788,0.050999,0.98902
0.020455,-0.12492,0.042957,0.014727,-0.13785,0.051089,0.98903
0.021128,-0.12483,0.042864,0.014375,-0.13777,0.050967,0.98905
0.021309,-0.12475,0.042756,0.014106,-0.1376,0.050849,0.98908
0.021438,-0.12469,0.042671,0.014054,-0.13747,0.050724,0.98911
0.021567,-0.12467,0.042631,0.014049,-0.13746,0.050592,0.98912
0.021455,-0.12438,0.042432,0.01411,-0.13761,0.051106,0.98907
0.021604,-0.12438,0.042357,0.014069,-0.13773,0.050929,0.98906
0.021725,-0.12438,0.042276,0.013857,-0.13787,0.05084,0.98905
0.021807,-0.12437,0.042236,0.01373,-0.13799,0.050664,0.98904
0.021864,-0.12434,0.042203,0.01356,-0.13808,0.050577,0.98904
0.021927,-0.12429,0.042178,0.013477,-0.13825,0.050312,0.98903
0.022117,-0.12427,0.042138,0.01348,-0.13833,0.050308,0.98902
0.022111,-0.12422,0.042088,0.013528,-0.13846,0.0503,0.989
0.022169,-0.12423,0.041983,0.013582,-0.13867,0.050335,0.98896
0.022197,-0.12423,0.041907,0.013631,-0.1388,0.050413,0.98894
0.022036,-0.12379,0.041784,0.01364,-0.13898,0.050451,0.98892
0.021932,-0.12383,0.041742,0.013555,-0.13898,0.050538,0.98891
0.021972,-0.12384,0.041652,0.013386,-0.139,0.050588,0.98891
0.022031,-0.12388,0.041616,0.013257,-0.13904,0.050627,0.9889
0.022024,-0.12389,0.041554,0.013086,-0.13905,0.050716,0.9889
0.022055,-0.12379,0.041515,0.012915,-0.13914,0.050543,0.9889
0.022034,-0.12384,0.041513,0.012966,-0.13927,0.050582,0.98888
0.022011,-0.12388,0.041546,0.012967,-0.13928,0.050668,0.98887
0.02202,-0.12391,0.041559,0.01305,-0.13919,0.050671,0.98888
0.02201,-0.12393,0.041578,0.013045,-0.1391,0.050715,0.98889
0.02113,-0.12229,0.041598,0.012995,-0.13897,0.050761,0.98891
0.022166,-0.12231,0.041645,0.012992,-0.13881,0.050817,0.98893
0.022139,-0.12238,0.041663,0.012942,-0.13868,0.050864,0.98895
0.022167,-0.12241,0.041669,0.012808,-0.13856,0.050873,0.98896
0.022186,-0.12245,0.041647,0.01263,-0.13847,0.050834,0.98898
0.022046,-0.12233,0.041636,0.01241,-0.13836,0.050845,0.989
0.021972,-0.12238,0.041604,0.012145,-0.13828,0.050807,0.98901
0.021916,-0.12245,0.041621,0.012145,-0.13828,0.050807,0.98901
0.021883,-0.12253,0.041612,0.012194,-0.13833,0.050936,0.989
0.021813,-0.12255,0.041633,0.012367,-0.13832,0.051019,0.989
0.021674,-0.12254,0.041719,0.012584,-0.13828,0.051189,0.98899
0.021654,-0.12259,0.041799,0.0128,-0.13823,0.051359,0.98898
0.021576,-0.12262,0.041937,0.013063,-0.13823,0.051486,0.98898
0.021493,-0.12263,0.042073,0.013284,-0.13827,0.051612,0.98896
0.021438,-0.12264,0.042117,0.013465,-0.13844,0.051647,0.98893
0.021501,-0.12262,0.042177,0.013599,-0.13863,0.051376,0.98892
0.021706,-0.12264,0.042209,0.013605,-0.1388,0.051367,0.98889
0.021733,-0.12267,0.042224,0.013655,-0.13893,0.05132,0.98888
0.021771,-0.1227,0.042193,0.013655,-0.13893,0.05132,0.98888
0.021797,-0.12267,0.042156,0.013655,-0.13893,0.05132,0.98888
0.021823,-0.12321,0.042059,0.013634,-0.13895,0.052617,0.98881
0.02179,-0.12321,0.041914,0.013464,-0.13896,0.052581,0.98881
0.021826,-0.12318,0.041793,0.013248,-0.13901,0.052622,0.9888
0.021922,-0.12316,0.041533,0.012862,-0.13907,0.052627,0.9888
0.021935,-0.12315,0.041324,0.012429,-0.13908,0.052588,0.98881
0.022459,-0.12367,0.041033,0.011865,-0.13929,0.05194,0.98882
0.022697,-0.12364,0.040799,0.011396,-0.13944,0.051942,0.9888
0.022719,-0.12364,0.040729,0.0111,-0.13958,0.051941,0.98879
0.022768,-0.12365,0.040612,0.010931,-0.13967,0.051939,0.98877
0.022765,-0.12363,0.040547,0.010843,-0.13967,0.05198,0.98877
0.022753,-0.12365,0.040536,0.010855,-0.13977,0.05224,0.98874
0.022742,-0.12343,0.040427,0.010861,-0.13994,0.052231,0.98872
0.022869,-0.12343,0.04029,0.010962,-0.14028,0.052172,0.98868
0.02299,-0.12345,0.040175,0.011106,-0.14066,0.052025,0.98863
0.023088,-0.12341,0.040065,0.011118,-0.141,0.051796,0.98859
0.023231,-0.12338,0.039992,0.011125,-0.14124,0.051611,0.98857
0.02326,-0.12322,0.039957,0.01113,-0.14141,0.051516,0.98855
0.023288,-0.12317,0.039945,0.011175,-0.14145,0.051513,0.98854
0.023298,-0.12312,0.03997,0.01135,-0.14153,0.051506,0.98853
0.02331,-0.12309,0.040013,0.011482,-0.14149,0.051638,0.98853
0.023263,-0.12311,0.040103,0.01162,-0.14154,0.051937,0.9885
0.022861,-0.12231,0.040083,0.011624,-0.14163,0.052018,0.98848
0.02282,-0.12231,0.040049,0.011458,-0.14173,0.052064,0.98847
0.022839,-0.12231,0.039988,0.011375,-0.14182,0.052061,0.98846
0.0229,-0.12226,0.039941,0.011336,-0.14194,0.051969,0.98844
0.022921,-0.12223,0.039937,0.011424,-0.1421,0.051701,0.98844
0.022974,-0.12224,0.039954,0.011424,-0.1421,0.051701,0.98844
0.022929,-0.12216,0.039954,0.011654,-0.14247,0.051552,0.98839
0.022911,-0.12212,0.039978,0.011702,-0.14252,0.051596,0.98838
0.022893,-0.1221,0.039986,0.011786,-0.14251,0.051633,0.98838
0.022957,-0.12211,0.040003,0.011786,-0.14251,0.051633,0.98838
0.022835,-0.12183,0.040016,0.011739,-0.14239,0.051641,0.98839
0.022915,-0.12183,0.039978,0.011477,-0.14239,0.051599,0.9884
0.022987,-0.1218,0.039933,0.01131,-0.14249,0.051558,0.98839
0.023017,-0.12176,0.039852,0.01114,-0.14258,0.051471,0.98838
0.023067,-0.12174,0.039839,0.01114,-0.14258,0.051471,0.98838
0.023623,-0.12175,0.039795,0.011008,-0.14261,0.051339,0.98838
0.02364,-0.12177,0.039791,0.010876,-0.14258,0.051258,0.9884
0.023656,-0.12179,0.039773,0.010834,-0.14262,0.051256,0.98839
0.023671,-0.12181,0.039753,0.010834,-0.14262,0.051256,0.98839
0.023581,-0.12184,0.039759,0.010882,-0.14259,0.051686,0.98837
0.023591,-0.12187,0.039726,0.010797,-0.1426,0.051774,0.98837
0.023578,-0.12186,0.039676,0.010802,-0.14261,0.051906,0.98836
0.02357,-0.12186,0.039679,0.01076,-0.14265,0.051905,0.98835
0.023589,-0.12182,0.03968,0.010811,-0.14278,0.051944,0.98833
0.02355,-0.1218,0.039713,0.010811,-0.14278,0.051944,0.98833
0.023164,-0.12146,0.03976,0.010863,-0.14292,0.052068,0.9883
0.023131,-0.12138,0.03984,0.01118,-0.14328,0.051918,0.98826
0.023096,-0.12136,0.039856,0.01118,-0.14328,0.051918,0.98826
0.023069,-0.12134,0.039966,0.011444,-0.14344,0.051904,0.98823
0.023023,-0.12132,0.040013,0.011664,-0.14348,0.051944,0.98822
0.023171,-0.12128,0.04006,0.011798,-0.14352,0.051986,0.98821
0.023139,-0.12124,0.040104,0.01193,-0.14356,0.052067,0.9882
0.023083,-0.12121,0.040098,0.01189,-0.14361,0.052152,0.98819