0,0,0,-2.9439e-17,-1.1102e-16,-2.9439e-17,1
-2.8159e-05,-7.0055e-05,2.9847e-05,0.00029851,-0.0001304,0.00014074,1
-0.00013418,-0.0001522,8.4603e-05,0.00050962,-0.00017586,0.00027969,1
-0.00021418,-0.00017876,0.0001932,0.00076001,-0.00017671,0.00046428,1
-0.00024306,-0.00022939,0.00029778,0.0010994,-8.7863e-05,0.00056904,1
-0.00032351,-0.00031143,0.00043401,0.0014401,-8.5202e-05,0.00067151,1
-0.000372,-0.00032148,0.00058071,0.0017852,-0.00016963,0.00072927,1
-0.00043656,-0.00036935,0.00075199,0.0020449,-0.00025211,0.00073922,1
-0.00046291,-0.00041176,0.00092955,0.0022663,-0.00037603,0.00065981,1
-0.00049114,-0.00044799,0.0010417,0.0024387,-0.00037356,0.00066795,1
-0.0005651,-0.00054183,0.0011627,0.0025685,-0.0004148,0.00067293,1
-0.00062947,-0.0005125,0.0013044,0.0025685,-0.0004148,0.00067293,1
-0.00073296,-0.0005173,0.0014226,0.0024783,-0.00041831,0.00075503,1
-0.00077535,-0.00044921,0.001565,0.002477,-0.00033212,0.00075731,1
-0.00083231,-0.00042882,0.0017815,0.0025649,-0.00015626,0.00067975,1
-0.00093094,-0.00042117,0.0020787,0.0028716,6.806e-05,0.00052733,1
-0.0009778,-0.00045571,0.0023253,0.0032698,0.0002097,0.00029053,0.99999
-0.00099703,-0.00042872,0.0025652,0.0035854,9.1557e-05,4.2839e-05,0.99999
-0.0010453,-0.00045229,0.002795,0.003728,-3.2224e-05,-0.0001693,0.99999
-0.0010371,-0.00041707,0.0029417,0.0037369,-2.4504e-05,-0.00038536,0.99999
-0.0010529,-0.00039385,0.0031255,0.0037014,2.2515e-05,-0.00055863,0.99999
-0.001087,-0.00035698,0.0032712,0.0035331,2.2321e-05,-0.00065297,0.99999
-0.0011359,-0.00034377,0.0034598,0.0034114,6.8108e-05,-0.00083031,0.99999
-0.0011986,-0.00034058,0.0036196,0.0033329,0.00016077,-0.0010482,0.99999
-0.0012489,-0.0003885,0.0037876,0.003161,0.00041913,-0.0011357,0.99999
-0.001279,-0.00036456,0.0040161,0.0029952,0.00059673,-0.0013553,0.99999
-0.0013258,-0.00032309,0.0042148,0.0029593,0.00090144,-0.0015643,0.99999
-0.0013108,-0.00026792,0.0043963,0.0030519,0.0010827,-0.0017717,0.99999
-0.0013691,-0.00023804,0.0045595,0.0032749,0.0011334,-0.0019328,0.99999
-0.0013651,-0.00022701,0.0047042,0.0036273,0.00088208,-0.0020094,0.99999
-0.0013619,-0.00023166,0.0047629,0.003894,0.00054017,-0.0020488,0.99999
-0.0013678,-0.00028745,0.0047984,0.0039844,0.0001935,-0.0020102,0.99999
-0.0013719,-0.00030067,0.0048538,0.0039851,-0.0001535,-0.001933,0.99999
-0.0013898,-0.00030684,0.004877,0.0039835,-0.00032813,-0.0018514,0.99999
-0.0013958,-0.00030433,0.0049354,0.003941,-0.00037184,-0.0018546,0.99999
-0.0013589,-0.00026549,0.0049412,0.0039369,-0.00037411,-0.0017684,0.99999
-0.001345,-0.00019839,0.0049125,0.0039353,-0.00054874,-0.0016867,0.99999
-0.0013001,-0.00013744,0.00486,0.0038912,-0.00076707,-0.0016082,0.99999
-0.0012171,-2.7156e-05,0.0047796,0.0039378,-0.0010713,-0.0015705,0.99999
-0.0011581,5.3929e-05,0.0046819,0.0040247,-0.001417,-0.0014893,0.99999
-0.0010126,0.00013598,0.0046002,0.0042046,-0.0017635,-0.0014891,0.99999
-0.00092503,0.00014667,0.0045024,0.0044226,-0.0022366,-0.0014052,0.99999
-0.00082799,8.3581e-05,0.0044464,0.0046406,-0.0027097,-0.0013213,0.99998
-0.0007134,2.9214e-05,0.0043427,0.0047751,-0.0031884,-0.0012403,0.99998
-0.00055768,1.1955e-05,0.0042251,0.0048621,-0.0035341,-0.0011591,0.99998
-0.0003933,2.3606e-05,0.0040549,0.0048232,-0.0038363,-0.0011691,0.99998
-0.00019449,9.0134e-05,0.0039005,0.0049183,-0.0041774,-0.0012603,0.99998
4.2824e-05,0.00016315,0.0036562,0.0051431,-0.0046527,-0.0012614,0.99998
0.00024528,0.00024554,0.0034628,0.005406,-0.0052543,-0.0011788,0.99997
0.00045094,0.00034011,0.0032276,0.0057188,-0.0058111,-0.0012218,0.99997
0.00063697,0.00034985,0.0030701,0.0060701,-0.0063265,-0.0011755,0.99996
0.00089082,0.00035505,0.0028967,0.0064254,-0.0068396,-0.0012153,0.99996
0.0011379,0.00038353,0.0027059,0.0067767,-0.0073549,-0.0011689,0.99995
0.0013921,0.00042332,0.0025238,0.0070878,-0.0080863,-0.0011302,0.99994
0.0016753,0.00051735,0.0023357,0.0074386,-0.0088623,-0.0010045,0.99993
0.0019264,0.00060634,0.0021007,0.0078324,-0.0096843,-0.00083416,0.99992
0.0021484,0.00065312,0.0018339,0.0081366,-0.010506,-0.0006254,0.99991
0.0023997,0.00068385,0.001588,0.0084436,-0.01124,-0.00050055,0.9999
0.0026888,0.00074426,0.0013822,0.0090156,-0.011883,-0.00048989,0.99989
0.0029601,0.00077576,0.0011691,0.0097138,-0.012565,-0.00043175,0.99987
0.0032628,0.00084169,0.00099503,0.010719,-0.013374,-0.00040523,0.99985
0.00356,0.00092196,0.00075077,0.011721,-0.014271,-0.00029481,0.99983
0.0039091,0.0009357,0.00047116,0.012677,-0.015303,-5.9953e-05,0.9998
0.0042383,0.00099262,0.00014659,0.013501,-0.01638,0.00021013,0.99977
0.004587,0.00099546,-0.00027378,0.014236,-0.017549,0.00060377,0.99974
0.0048577,0.001066,-0.00063318,0.015006,-0.018762,0.0011269,0.99971
0.005197,0.0011362,-0.001035,0.015866,-0.019979,0.0016555,0.99967
0.0055074,0.001227,-0.0014727,0.017059,-0.021279,0.0024128,0.99963
0.0057929,0.0013673,-0.0018852,0.01842,-0.022844,0.0033876,0.99956
0.00602,0.001491,-0.0023488,0.02013,-0.024841,0.0044548,0.99948
0.0063291,0.0015576,-0.0028468,0.022193,-0.027179,0.0054867,0.99937
0.0066712,0.0015095,-0.0033768,0.024259,-0.029771,0.0064677,0.99924
0.007061,0.0013765,-0.0038905,0.026297,-0.032584,0.0073142,0.9991
0.0075223,0.0012758,-0.00447,0.028247,-0.035568,0.008194,0.99893
0.0080263,0.001271,-0.0051465,0.030071,-0.038598,0.0090245,0.99876
0.0085634,0.0013633,-0.0058505,0.0318,-0.041463,0.010028,0.99858
0.0091677,0.0015496,-0.0066254,0.033522,-0.044238,0.011075,0.9984
0.0097736,0.0018186,-0.0073917,0.035458,-0.046886,0.012181,0.9982
0.010351,0.0020827,-0.0081674,0.037341,-0.049414,0.013504,0.99799
0.010245,0.0020313,-0.0089521,0.039519,-0.052155,0.015007,0.99774
0.010868,0.0022153,-0.0097865,0.042257,-0.055375,0.016742,0.99743
0.011327,0.0020815,-0.010554,0.045219,-0.058899,0.01848,0.99707
0.011852,0.0017728,-0.011298,0.047933,-0.062679,0.020027,0.99668
0.01242,0.0013149,-0.012078,0.050353,-0.066501,0.021386,0.99629
0.013136,0.00091686,-0.012883,0.052357,-0.07006,0.022343,0.99592
0.013847,0.0006435,-0.013739,0.053805,-0.073228,0.023025,0.9956
0.014636,0.00053772,-0.014741,0.054818,-0.075885,0.023656,0.99533
0.015443,0.00052504,-0.015758,0.055433,-0.077878,0.024066,0.99513
0.016248,0.00062838,-0.01674,0.055917,-0.079489,0.024481,0.99497
0.015902,0.00015995,-0.017763,0.056393,-0.080761,0.024992,0.99482
0.01668,0.00013494,-0.018821,0.056946,-0.082113,0.025632,0.99466
0.017314,-6.1006e-05,-0.019849,0.057817,-0.083662,0.027019,0.99445
0.018029,-0.00025298,-0.020854,0.058936,-0.085583,0.027847,0.9942
0.018649,-0.00051957,-0.021844,0.060352,-0.087896,0.028938,0.99388
0.018867,-0.0009091,-0.022787,0.061906,-0.090601,0.030026,0.99351
0.019382,-0.0011228,-0.023668,0.063505,-0.093609,0.031152,0.99309
0.019882,-0.0012482,-0.02452,0.06505,-0.096842,0.032571,0.99264
0.020488,-0.0012788,-0.025288,0.06658,-0.10011,0.033516,0.99218
0.021068,-0.0011839,-0.02595,0.068023,-0.10338,0.034457,0.99171
0.021173,-0.0012665,-0.026572,0.069505,-0.10652,0.035358,0.99125
0.021934,-0.00094746,-0.027169,0.071276,-0.10935,0.036453,0.99077
0.022645,-0.00053596,-0.027606,0.073307,-0.11192,0.037482,0.9903
0.023266,-0.00012569,-0.027972,0.075813,-0.11437,0.03867,0.98979
0.023882,0.00028822,-0.028322,0.078695,-0.11702,0.04004,0.9892
0.024499,0.00070729,-0.028637,0.081973,-0.12016,0.041505,0.98849
0.025123,0.0011155,-0.029014,0.085468,-0.12395,0.043224,0.98766
0.025557,0.001418,-0.029489,0.089092,-0.12823,0.046239,0.98665
0.026161,0.0017722,-0.029973,0.092389,-0.13303,0.047968,0.98563
0.026811,0.0021372,-0.030552,0.095298,-0.13787,0.049677,0.9846
0.027498,0.0026236,-0.031045,0.098165,-0.14224,0.051268,0.98362
0.028015,0.0031081,-0.031336,0.10115,-0.14589,0.052929,0.98269
0.028623,0.0037483,-0.031478,0.10455,-0.14882,0.054581,0.98181
0.0292,0.0044622,-0.031532,0.10829,-0.15131,0.056301,0.98092
0.029857,0.0052529,-0.031615,0.11216,-0.15385,0.058074,0.97999
0.030242,0.0058763,-0.031789,0.11632,-0.1567,0.060025,0.97893
0.030924,0.0065944,-0.031971,0.12047,-0.15995,0.061883,0.97779
0.031706,0.0071652,-0.032266,0.1244,-0.16348,0.063502,0.97661
0.032545,0.0076357,-0.032662,0.12771,-0.16741,0.064696,0.97544
0.033469,0.0080483,-0.033042,0.13057,-0.17139,0.065566,0.97431
0.034472,0.0085743,-0.033513,0.13304,-0.17514,0.066204,0.97326
0.03552,0.0092721,-0.033911,0.13529,-0.1784,0.066668,0.97233
0.036536,0.010085,-0.034266,0.1375,-0.18101,0.067063,0.97151
0.037543,0.011033,-0.034529,0.13982,-0.18314,0.067514,0.97075
0.038545,0.012012,-0.034771,0.1423,-0.18502,0.0682,0.96998
0.039071,0.012769,-0.034974,0.14494,-0.18682,0.069066,0.96919
0.039973,0.013708,-0.035138,0.14784,-0.18871,0.070161,0.9683
0.04086,0.01459,-0.035298,0.15084,-0.19086,0.071083,0.96735
0.041618,0.015404,-0.035452,0.15411,-0.19331,0.072569,0.96624
0.04235,0.016124,-0.035653,0.15754,-0.19627,0.074058,0.96497
0.043096,0.016909,-0.035908,0.16097,-0.19983,0.075487,0.96357
0.043802,0.017652,-0.036169,0.16437,-0.20377,0.076816,0.96206
0.044427,0.018353,-0.036378,0.16801,-0.20773,0.07868,0.96043
0.045172,0.019145,-0.036563,0.17168,-0.21169,0.080113,0.9588
0.045867,0.02,-0.036649,0.17562,-0.21524,0.081696,0.95716
0.046519,0.020942,-0.036612,0.17988,-0.21843,0.083312,0.95551
0.047222,0.021926,-0.036497,0.18451,-0.22138,0.085117,0.95378
0.047774,0.02284,-0.036305,0.18983,-0.22414,0.087613,0.95187
0.048335,0.023642,-0.036048,0.19565,-0.22695,0.090179,0.94978
0.048876,0.024257,-0.0358,0.20193,-0.23016,0.092977,0.94742
0.049262,0.024696,-0.035637,0.20837,-0.2342,0.095849,0.94475
0.049974,0.025239,-0.035616,0.21444,-0.23907,0.098469,0.94189
0.050755,0.026192,-0.03573,0.2201,-0.24455,0.10084,0.93892
0.051704,0.026907,-0.035874,0.22548,-0.25007,0.10281,0.93598
0.052666,0.027644,-0.036051,0.23081,-0.25502,0.10474,0.93313
0.053062,0.028067,-0.036086,0.23633,-0.25923,0.10687,0.93034
0.053965,0.02875,-0.035963,0.24214,-0.26262,0.10913,0.92763
0.054687,0.029315,-0.03572,0.24837,-0.2652,0.11212,0.92488
0.055422,0.029961,-0.035371,0.25462,-0.26752,0.11481,0.92218
0.056236,0.030628,-0.035002,0.26078,-0.26983,0.11742,0.91946
0.056597,0.031106,-0.034696,0.26661,-0.27241,0.11987,0.9167
0.057477,0.032012,-0.034527,0.27186,-0.27561,0.12219,0.91389
0.058353,0.033161,-0.03452,0.27679,-0.27929,0.12479,0.91094
0.0593,0.034312,-0.034618,0.28132,-0.28331,0.12702,0.908
0.060272,0.035458,-0.034716,0.28585,-0.28741,0.12911,0.905
0.060934,0.036436,-0.034728,0.29033,-0.2913,0.13116,0.90203
0.061741,0.037505,-0.034617,0.29485,-0.29479,0.13314,0.89913
0.062324,0.038471,-0.034309,0.29962,-0.29744,0.13563,0.8963
0.063001,0.039535,-0.033831,0.30411,-0.29945,0.1376,0.89382
0.063659,0.040553,-0.033188,0.30833,-0.30074,0.13943,0.89165
0.064299,0.04145,-0.03252,0.31226,-0.30165,0.14105,0.88973
0.064967,0.042317,-0.031755,0.31596,-0.30233,0.14258,0.88794
0.065577,0.043056,-0.031044,0.31941,-0.303,0.14409,0.88623
0.066247,0.043847,-0.030397,0.32245,-0.30415,0.14556,0.88449
0.066947,0.044656,-0.029807,0.32532,-0.30588,0.14697,0.88261
0.067496,0.04539,-0.0293,0.3281,-0.30797,0.14842,0.88061
0.068052,0.046114,-0.028888,0.33083,-0.31019,0.15012,0.87852
0.068623,0.047004,-0.028492,0.3334,-0.31241,0.15155,0.87651
0.069146,0.047708,-0.02804,0.33614,-0.31444,0.153,0.87449
0.06962,0.048351,-0.027543,0.33898,-0.31612,0.15407,0.8726
0.070077,0.04898,-0.026993,0.34166,-0.31748,0.15509,0.87087
0.070593,0.049608,-0.026397,0.34405,-0.31844,0.15597,0.86942
0.07116,0.050222,-0.025877,0.34606,-0.31936,0.15645,0.8682
0.071821,0.050799,-0.025457,0.34784,-0.32018,0.15666,0.86715
0.072501,0.051337,-0.025116,0.34937,-0.32092,0.15672,0.86625
0.073344,0.051883,-0.024685,0.35074,-0.32143,0.15688,0.86548
0.073917,0.052287,-0.024242,0.352,-0.32166,0.1572,0.86482
0.074379,0.052558,-0.023817,0.35319,-0.32168,0.15769,0.86424
0.074885,0.052923,-0.0234,0.35429,-0.3217,0.15835,0.86366
0.075315,0.053287,-0.022969,0.35528,-0.32187,0.15897,0.86308
0.075305,0.053387,-0.022655,0.35627,-0.3222,0.15962,0.86243
0.075677,0.053676,-0.022341,0.35744,-0.32247,0.16021,0.86173
0.076088,0.053871,-0.02202,0.35889,-0.32267,0.16097,0.86091
0.076347,0.053991,-0.021734,0.36059,-0.32289,0.16201,0.85993
0.076697,0.054089,-0.021561,0.36257,-0.3232,0.1631,0.85877
0.076582,0.053841,-0.021467,0.36458,-0.32374,0.16441,0.85746
0.076857,0.053801,-0.021394,0.36675,-0.32422,0.16608,0.85603
0.077146,0.05372,-0.021319,0.36888,-0.3248,0.16761,0.8546
0.077427,0.053624,-0.021291,0.37101,-0.32534,0.16954,0.85309
0.077682,0.05356,-0.021336,0.373,-0.3259,0.17137,0.85164
0.077902,0.053514,-0.021431,0.37478,-0.32659,0.17301,0.85026
0.078148,0.053556,-0.021473,0.37632,-0.32736,0.17446,0.84899
0.078368,0.053645,-0.021531,0.37754,-0.32824,0.17572,0.84785
0.078593,0.053715,-0.021606,0.37876,-0.32918,0.17677,0.84672
0.078761,0.053748,-0.02173,0.38004,-0.3301,0.17777,0.84558
0.079234,0.053905,-0.021813,0.38138,-0.33089,0.17864,0.84448
0.079406,0.053822,-0.02184,0.38272,-0.33159,0.1794,0.84344
0.0796,0.053862,-0.02183,0.3841,-0.33214,0.17998,0.84247
0.07971,0.053737,-0.021792,0.38544,-0.33249,0.18065,0.84158
0.079791,0.053573,-0.021744,0.38657,-0.33279,0.18119,0.84083
0.079809,0.053406,-0.02178,0.38761,-0.33308,0.18176,0.84011
0.079803,0.053208,-0.021827,0.38837,-0.33337,0.18244,0.83949
0.079922,0.053352,-0.021934,0.38884,-0.33388,0.18293,0.83897
0.079876,0.053297,-0.022045,0.38903,-0.33452,0.18324,0.83855
0.079878,0.053351,-0.022191,0.38891,-0.33518,0.18339,0.83832
0.080001,0.053465,-0.022322,0.3887,-0.33558,0.18337,0.83825
0.079905,0.05337,-0.022417,0.38857,-0.33562,0.18341,0.83829
0.079755,0.053224,-0.022484,0.38856,-0.33544,0.18341,0.83837
0.079593,0.053047,-0.022546,0.38855,-0.33534,0.1834,0.83842
0.079486,0.052935,-0.022577,0.38852,-0.33548,0.18327,0.8384
0.079369,0.052789,-0.022653,0.38841,-0.33587,0.18309,0.83833
0.079294,0.052688,-0.022775,0.38816,-0.33637,0.1828,0.83831
0.07914,0.052625,-0.022946,0.38771,-0.33685,0.18255,0.83838
0.078994,0.052557,-0.023081,0.3872,-0.33718,0.18212,0.83858
0.078787,0.052512,-0.023186,0.38646,-0.33735,0.18166,0.83895
0.078441,0.052416,-0.02323,0.38561,-0.33723,0.18109,0.83952
0.078133,0.052353,-0.0232,0.38487,-0.33688,0.18044,0.84014
0.077848,0.052316,-0.023249,0.38419,-0.33635,0.17995,0.84077
0.07741,0.052115,-0.023244,0.38362,-0.33583,0.17945,0.84134
0.076993,0.051892,-0.023222,0.38306,-0.3354,0.17882,0.8419
0.076474,0.051646,-0.023206,0.38243,-0.33514,0.17801,0.84246
0.076123,0.051596,-0.023283,0.38161,-0.33519,0.17692,0.84304
0.076915,0.05215,-0.023606,0.38058,-0.33527,0.17561,0.84375
0.076665,0.052225,-0.023798,0.37932,-0.33531,0.17433,0.84457
0.076456,0.052214,-0.023973,0.37783,-0.33519,0.17299,0.84556
0.07633,0.052308,-0.024119,0.3761,-0.33473,0.17148,0.84682
0.076117,0.052305,-0.024255,0.37431,-0.33378,0.16988,0.84831
0.076083,0.052475,-0.024257,0.37217,-0.33299,0.16692,0.85014
0.075864,0.052392,-0.024267,0.37068,-0.33138,0.1651,0.85178
0.075723,0.052202,-0.024301,0.36923,-0.32988,0.16323,0.85335
0.075573,0.052026,-0.024456,0.3676,-0.32846,0.16119,0.85499
0.075352,0.05182,-0.024609,0.36571,-0.32703,0.15907,0.85674
0.075212,0.051716,-0.024731,0.36326,-0.32561,0.1565,0.8588
0.075009,0.05166,-0.024885,0.36044,-0.32401,0.15404,0.86103
0.074822,0.051645,-0.025049,0.35737,-0.32224,0.15141,0.86344
0.074894,0.051758,-0.02513,0.35442,-0.32015,0.14883,0.86587
0.074593,0.051727,-0.025097,0.35187,-0.3177,0.14635,0.86824
0.074215,0.051595,-0.025081,0.34959,-0.31523,0.14356,0.87052
0.073759,0.051233,-0.024985,0.34786,-0.3125,0.14144,0.87254
0.073283,0.050894,-0.024842,0.3464,-0.31006,0.13946,0.87431
0.072806,0.050498,-0.024716,0.34503,-0.30797,0.13762,0.87588
0.072259,0.050125,-0.024551,0.34371,-0.30618,0.13572,0.87732
0.071689,0.04974,-0.024441,0.34221,-0.30469,0.13338,0.87879
0.070991,0.049261,-0.024259,0.34068,-0.30294,0.13143,0.88028
0.07018,0.048721,-0.024036,0.33897,-0.30094,0.12961,0.88189
0.069235,0.048153,-0.023777,0.33703,-0.29872,0.12786,0.88365
0.067963,0.047385,-0.02347,0.33703,-0.29872,0.12786,0.88365
0.067126,0.046989,-0.023209,0.33491,-0.29642,0.12624,0.88546
0.066306,0.046643,-0.022951,0.33271,-0.29412,0.12449,0.8873
0.06542,0.046259,-0.022758,0.3308,-0.29186,0.12292,0.88898
0.064408,0.045805,-0.022467,0.3293,-0.28958,0.12151,0.89047
0.063216,0.045176,-0.022139,0.32811,-0.28746,0.12027,0.89177
0.061944,0.044494,-0.021767,0.32699,-0.28541,0.11909,0.89299
0.060583,0.04378,-0.021366,0.32571,-0.28347,0.11811,0.89421
0.0592,0.043076,-0.020957,0.32416,-0.28133,0.11678,0.89562
0.058521,0.042654,-0.020431,0.32225,-0.27882,0.11531,0.89729
0.05709,0.041908,-0.019921,0.31989,-0.27567,0.11356,0.89932
0.055678,0.041093,-0.019325,0.31723,-0.27187,0.11155,0.90167
0.054483,0.041167,-0.018764,0.31428,-0.26774,0.10902,0.90425
0.053276,0.040397,-0.018318,0.31112,-0.26351,0.10657,0.90687
0.052985,0.040069,-0.017946,0.30803,-0.25952,0.10429,0.90934
0.051767,0.039378,-0.017619,0.30508,-0.25585,0.1021,0.91161
0.05061,0.038718,-0.017421,0.3021,-0.25267,0.099891,0.91374
0.049754,0.038702,-0.017291,0.29848,-0.25035,0.095946,0.91598
0.048588,0.038107,-0.017219,0.29524,-0.24743,0.093849,0.91805
0.047359,0.037442,-0.017125,0.29192,-0.24435,0.091758,0.92014
0.046152,0.036686,-0.016963,0.28859,-0.24109,0.089626,0.92226
0.044887,0.035856,-0.016773,0.28538,-0.23777,0.08741,0.92433
0.043789,0.035504,-0.01651,0.28194,-0.23465,0.084188,0.92648
0.042566,0.034614,-0.016227,0.27867,-0.23133,0.081585,0.92853
0.041437,0.03381,-0.015948,0.27528,-0.22798,0.079063,0.93059
0.040174,0.033008,-0.015649,0.27196,-0.22446,0.076767,0.93261
0.038944,0.032243,-0.015379,0.26885,-0.22098,0.074565,0.93452
0.037844,0.031736,-0.015059,0.26564,-0.21787,0.071615,0.9364
0.036855,0.031198,-0.014972,0.2626,-0.21481,0.069498,0.93812
0.036117,0.030765,-0.014961,0.25953,-0.21189,0.067326,0.9398
0.035272,0.030301,-0.015035,0.25641,-0.209,0.065117,0.94145
0.034453,0.029766,-0.015105,0.25335,-0.20602,0.063083,0.94307
0.033458,0.028977,-0.01507,0.25017,-0.20325,0.060864,0.94467
0.032447,0.028291,-0.015006,0.24707,-0.20075,0.059076,0.94613
0.031718,0.027792,-0.015008,0.24396,-0.19851,0.057323,0.94752
0.030859,0.02723,-0.015145,0.24083,-0.19652,0.055656,0.94883
0.030082,0.026777,-0.015257,0.23783,-0.19455,0.053818,0.9501
0.029208,0.027105,-0.015272,0.2349,-0.19253,0.051381,0.95137
0.028493,0.026711,-0.015275,0.23205,-0.19007,0.049175,0.95268
0.027943,0.026402,-0.015274,0.22908,-0.18743,0.046921,0.95404
0.027278,0.025967,-0.015209,0.22587,-0.18462,0.044532,0.95546
0.026615,0.0255,-0.015142,0.22233,-0.18191,0.042125,0.95692
0.026092,0.025039,-0.015153,0.21827,-0.1791,0.039434,0.9585
0.025465,0.024468,-0.015138,0.21405,-0.176,0.037219,0.96012
0.025627,0.024248,-0.015075,0.20978,-0.17269,0.03518,0.96173
0.024993,0.0238,-0.014985,0.20559,-0.16945,0.032968,0.96329
0.02438,0.023392,-0.014912,0.20152,-0.16623,0.030635,0.96479
0.023785,0.02348,-0.014869,0.1974,-0.16312,0.028037,0.96625
0.023221,0.023207,-0.014826,0.19325,-0.15989,0.025485,0.9677
0.023037,0.023108,-0.014802,0.189,-0.15657,0.022886,0.96914
0.022488,0.022788,-0.01471,0.18469,-0.15318,0.020289,0.97058
0.021903,0.022433,-0.014533,0.18026,-0.14968,0.017773,0.972
0.021421,0.02222,-0.014325,0.17586,-0.14644,0.014821,0.97335
0.020818,0.02184,-0.014151,0.17178,-0.14323,0.012664,0.97458
0.020347,0.021638,-0.013932,0.16813,-0.14029,0.010609,0.97567
0.019822,0.021336,-0.013799,0.16488,-0.13756,0.008655,0.97663
0.01941,0.021104,-0.01366,0.16197,-0.135,0.0066699,0.97749
0.01908,0.021058,-0.013449,0.15899,-0.13264,0.003813,0.97832
0.018715,0.020847,-0.01322,0.15609,-0.12999,0.0016156,0.97915
0.018612,0.020721,-0.012955,0.15307,-0.12738,-0.00071752,0.97997
0.018387,0.02062,-0.012696,0.14992,-0.12456,-0.0030523,0.98082
0.018219,0.020471,-0.012447,0.14673,-0.12177,-0.0054327,0.98164
0.018183,0.021925,-0.012193,0.14341,-0.11961,-0.009433,0.98236
0.018051,0.02183,-0.011969,0.14043,-0.11766,-0.01152,0.98301
0.018395,0.021908,-0.011999,0.13774,-0.11599,-0.0136,0.98356
0.018469,0.021904,-0.012046,0.13528,-0.11429,-0.015624,0.98407
0.018476,0.021881,-0.011985,0.13305,-0.11231,-0.017629,0.98457
0.018218,0.023285,-0.011813,0.13069,-0.11009,-0.019981,0.98509
0.018077,0.023189,-0.011405,0.12837,-0.10758,-0.02215,0.98563
0.017934,0.023096,-0.010913,0.12587,-0.10489,-0.024453,0.98618
0.017848,0.023009,-0.010419,0.12329,-0.10212,-0.026758,0.98674
0.017787,0.022934,-0.010014,0.12058,-0.099478,-0.029072,0.98728
0.017711,0.02293,-0.0095959,0.11784,-0.096962,-0.031606,0.98778
0.017626,0.02284,-0.0092417,0.11514,-0.094495,-0.03401,0.98826
0.017642,0.022721,-0.0089029,0.1127,-0.092111,-0.036359,0.98868
0.017488,0.022554,-0.0085119,0.11043,-0.089906,-0.038618,0.98906
0.017259,0.022335,-0.0080998,0.10832,-0.087701,-0.040696,0.9894
0.017127,0.021983,-0.0076786,0.10629,-0.085709,-0.043251,0.98969
0.01691,0.021805,-0.0072444,0.10437,-0.083673,-0.045496,0.98997
0.016243,0.021514,-0.0068619,0.10224,-0.081599,-0.047751,0.99026
0.015912,0.021341,-0.0063949,0.099936,-0.079525,-0.050101,0.99054
0.01563,0.021149,-0.0060902,0.097422,-0.077581,-0.05255,0.99082
0.015439,0.020838,-0.005778,0.094798,-0.075678,-0.055308,0.99107
0.014995,0.0206,-0.0054216,0.092192,-0.073735,-0.057674,0.99133
0.015413,0.020642,-0.0050529,0.089727,-0.071839,-0.060122,0.99155
0.014984,0.020407,-0.0047075,0.087531,-0.070106,-0.062775,0.99171
0.014421,0.020164,-0.0042938,0.085508,-0.06846,-0.065379,0.99183
0.014188,0.020167,-0.0038463,0.083538,-0.066993,-0.0698,0.9918
0.013586,0.019948,-0.0033865,0.081693,-0.065436,-0.072398,0.99187
0.013345,0.019843,-0.002889,0.079808,-0.063919,-0.075085,0.99192
0.012789,0.01968,-0.0024995,0.07772,-0.062441,-0.07804,0.99195
0.012269,0.019463,-0.0022118,0.075428,-0.061267,-0.081143,0.99195
0.011818,0.019188,-0.0019289,0.07287,-0.060217,-0.084868,0.9919
0.011334,0.018825,-0.0016314,0.070095,-0.059292,-0.088646,0.99182
0.010721,0.018439,-0.0012762,0.067262,-0.058361,-0.092946,0.99168
0.010327,0.018175,-0.00090297,0.064362,-0.057337,-0.097634,0.99148
0.009961,0.017905,-0.00050751,0.061439,-0.056352,-0.10267,0.99122
0.0098194,0.016791,-4.6025e-05,0.058483,-0.055321,-0.10792,0.99089
0.0095322,0.016486,0.00041326,0.055537,-0.0542,-0.11339,0.99052
0.0093825,0.016062,0.00094377,0.052713,-0.053035,-0.11876,0.9901
0.0091175,0.015566,0.0014067,0.049842,-0.052013,-0.12388,0.98968
0.0088501,0.01497,0.0017828,0.046971,-0.051427,-0.12888,0.98921
0.0085851,0.014459,0.0020057,0.044084,-0.051016,-0.13357,0.98874
0.0082935,0.013894,0.0021186,0.041186,-0.050452,-0.13793,0.9883
0.0080956,0.013352,0.0022676,0.038218,-0.049578,-0.14201,0.98788
0.0077167,0.012717,0.002493,0.035078,-0.048286,-0.1461,0.98747
0.0073014,0.012133,0.0028708,0.031886,-0.046425,-0.15026,0.98704
0.0067066,0.013048,0.003275,0.028375,-0.044012,-0.1542,0.98665
0.0063558,0.012673,0.0037264,0.024629,-0.041133,-0.15793,0.98629
0.0059224,0.012316,0.0041548,0.02079,-0.037993,-0.16161,0.9859
0.0056678,0.012079,0.0046262,0.016945,-0.034774,-0.16516,0.98551
0.0053972,0.011812,0.0051037,0.013016,-0.031737,-0.16863,0.98508
0.0052833,0.011561,0.0055923,0.0093445,-0.029069,-0.17283,0.98448
0.0050413,0.01137,0.0060251,0.0058493,-0.026722,-0.17613,0.98399
0.0047229,0.011112,0.0065081,0.0025655,-0.024678,-0.17925,0.98349
0.0043688,0.010878,0.0069906,-0.00072916,-0.022728,-0.18211,0.98301
0.0039485,0.01064,0.0075762,-0.0040758,-0.020739,-0.18481,0.98255
0.0034676,0.010679,0.0082994,-0.0075211,-0.018669,-0.18729,0.9821
0.003018,0.0106,0.0090331,-0.011022,-0.016212,-0.18962,0.98166
0.0029469,0.010504,0.0098326,-0.014532,-0.013504,-0.19184,0.98123
0.0024877,0.010462,0.010762,-0.017874,-0.010705,-0.19399,0.98078
0.0020663,0.010489,0.011672,-0.02082,-0.0080321,-0.19621,0.98031
0.0016618,0.010932,0.01267,-0.023269,-0.0055592,-0.1988,0.97975
0.0012589,0.010886,0.013777,-0.025218,-0.0033492,-0.20095,0.97927
0.0008467,0.010885,0.014889,-0.026776,-0.0016099,-0.203,0.97881
0.0004111,0.010872,0.015977,-0.028296,-0.00043693,-0.20481,0.97839
-6.3707e-05,0.010884,0.017017,-0.030049,0.00059549,-0.20624,0.97804
-0.00052862,0.011921,0.017975,-0.032165,0.0015004,-0.20813,0.97757
-0.00097804,0.012018,0.019021,-0.034361,0.00287,-0.20945,0.97721
-0.0013733,0.012225,0.020117,-0.036467,0.0049371,-0.21099,0.97679
-0.0015648,0.012598,0.021281,-0.038485,0.0076122,-0.21274,0.97632
-0.001633,0.013026,0.022336,-0.040714,0.010154,-0.21454,0.97581
-0.0016476,0.012967,0.023419,-0.042751,0.012357,-0.2166,0.97524
-0.0016877,0.013425,0.024578,-0.044235,0.014609,-0.21851,0.97472
-0.0015397,0.013861,0.02572,-0.045411,0.016563,-0.22045,0.9742
-0.0015139,0.01424,0.026756,-0.046498,0.017999,-0.22232,0.9737
-0.0015454,0.014679,0.027725,-0.047676,0.019085,-0.22398,0.97324
-0.001512,0.01505,0.028708,-0.049153,0.020124,-0.22571,0.97275
-0.0014254,0.015476,0.029704,-0.050977,0.02159,-0.22747,0.97221
-0.0010844,0.016059,0.030768,-0.05311,0.02387,-0.22937,0.9716
-0.00084128,0.016655,0.031763,-0.055714,0.026706,-0.23144,0.97089
-0.00044063,0.017299,0.032725,-0.058346,0.029849,-0.23384,0.97006
3.1872e-05,0.018266,0.033619,-0.060869,0.033172,-0.23671,0.9691
0.00046426,0.018996,0.034537,-0.063219,0.03615,-0.2395,0.96816
0.0011428,0.019719,0.035395,-0.065435,0.038567,-0.2422,0.96725
0.0014589,0.020271,0.036112,-0.067788,0.040503,-0.24467,0.96638
0.0017765,0.020769,0.036677,-0.070305,0.042004,-0.24716,0.96551
0.0021236,0.021243,0.037202,-0.072913,0.043588,-0.24961,0.96461
0.0024879,0.021718,0.037774,-0.075733,0.045558,-0.25219,0.96363
0.0034964,0.022366,0.038365,-0.078852,0.048343,-0.25496,0.96252
0.0040495,0.022922,0.039028,-0.082225,0.052163,-0.25812,0.96119
0.0046812,0.023546,0.039734,-0.085722,0.057146,-0.26158,0.95967
0.0054036,0.024425,0.040508,-0.089149,0.062955,-0.26571,0.95786
0.0061398,0.025039,0.04131,-0.092546,0.06889,-0.26968,0.95601
0.0073815,0.025562,0.04194,-0.095974,0.07426,-0.2736,0.95416
0.0081241,0.025757,0.042396,-0.099122,0.078685,-0.27766,0.95231
0.0087306,0.025771,0.042884,-0.10201,0.08234,-0.28162,0.95053
0.0094777,0.026562,0.04324,-0.10484,0.085572,-0.28647,0.94848
0.010025,0.026825,0.043605,-0.10774,0.088959,-0.29021,0.94671
0.010942,0.027179,0.0441,-0.11062,0.093384,-0.29436,0.94467
0.011784,0.027566,0.044802,-0.11327,0.099494,-0.29912,0.94223
0.012728,0.027986,0.045601,-0.11614,0.1065,-0.30406,0.93953
0.013745,0.028699,0.046333,-0.11923,0.11345,-0.30868,0.93682
0.014766,0.029097,0.04696,-0.12221,0.11976,-0.313,0.93421
0.015945,0.029512,0.047587,-0.12483,0.12494,-0.31701,0.93183
0.016707,0.02977,0.048146,-0.12687,0.12928,-0.32073,0.92969
0.01732,0.030002,0.04871,-0.12853,0.13314,-0.32418,0.92772
0.018373,0.031201,0.049203,-0.12973,0.137,-0.33031,0.92482
0.018912,0.031482,0.049615,-0.13153,0.14029,-0.33336,0.92298
0.019557,0.031777,0.050074,-0.13347,0.1438,-0.33623,0.92112
0.020196,0.032088,0.050582,-0.13544,0.14777,-0.33929,0.91908
0.020895,0.032423,0.051136,-0.13733,0.15252,-0.34247,0.91684
0.021794,0.032963,0.051519,-0.13923,0.15749,-0.34637,0.91424
0.022424,0.033293,0.051769,-0.14127,0.16201,-0.34907,0.91211
0.023037,0.033631,0.051943,-0.14297,0.16577,-0.35154,0.91022
0.023469,0.033948,0.052174,-0.14424,0.16875,-0.35387,0.90857
0.02384,0.034299,0.052466,-0.14518,0.17141,-0.35598,0.90709
0.024622,0.034335,0.052751,-0.1455,0.17414,-0.36061,0.90469
0.024994,0.034666,0.053022,-0.14597,0.17632,-0.36254,0.90342
0.025789,0.035105,0.05335,-0.14621,0.17839,-0.36461,0.90214
0.026396,0.035484,0.053696,-0.14623,0.18093,-0.36689,0.90071
0.027069,0.03581,0.054018,-0.14633,0.18407,-0.36925,0.89909
0.028029,0.036047,0.054182,-0.14654,0.18756,-0.37299,0.89678
0.02877,0.036358,0.054188,-0.14731,0.19056,-0.37505,0.89517
0.029619,0.036729,0.054198,-0.14803,0.19325,-0.37702,0.89364
0.030352,0.036965,0.054169,-0.1487,0.1959,-0.37923,0.89202
0.031219,0.037159,0.054095,-0.14918,0.19865,-0.38177,0.89024
0.032615,0.037153,0.054083,-0.14899,0.20219,-0.38698,0.88723
0.033729,0.037394,0.05414,-0.1493,0.20575,-0.39024,0.88492
0.034977,0.037607,0.054217,-0.14964,0.21011,-0.3939,0.88222
0.036374,0.037803,0.054287,-0.15005,0.21491,-0.39786,0.87921
0.037808,0.037935,0.054248,-0.15044,0.22005,-0.40197,0.87599
0.039494,0.037894,0.05409,-0.15067,0.2252,-0.40759,0.87204
0.040889,0.037871,0.053888,-0.15118,0.22977,-0.41181,0.86877
0.042219,0.037783,0.0537,-0.15148,0.23396,-0.41607,0.86556
0.04368,0.03772,0.053535,-0.1514,0.23816,-0.42069,0.86219
0.045128,0.037627,0.053498,-0.15074,0.24267,-0.42564,0.85861
0.046743,0.037494,0.053487,-0.14978,0.24719,-0.43143,0.85459
0.048297,0.037437,0.053583,-0.14868,0.25127,-0.43658,0.85097
0.04983,0.037306,0.053772,-0.14733,0.25519,-0.4416,0.84744
0.05123,0.037213,0.054063,-0.14589,0.25877,-0.44654,0.84401
0.052522,0.037209,0.054519,-0.14433,0.2623,-0.45129,0.84066
0.054105,0.037092,0.054966,-0.14214,0.2661,-0.45785,0.83628
0.055251,0.037187,0.055416,-0.14064,0.26933,-0.46223,0.83308
0.056202,0.037307,0.055967,-0.1389,0.2724,-0.4664,0.83005
0.057171,0.037463,0.056493,-0.13685,0.27533,-0.47049,0.82711
0.058052,0.037638,0.057178,-0.13434,0.27832,-0.4745,0.82422
0.059044,0.038096,0.057986,-0.13142,0.28139,-0.47936,0.82083
0.059931,0.03822,0.05883,-0.12859,0.28434,-0.48361,0.81776
0.06082,0.038338,0.059686,-0.12602,0.28694,-0.48777,0.81478
0.061657,0.038468,0.06041,-0.12381,0.28928,-0.4916,0.81198
0.062425,0.038556,0.060968,-0.12227,0.29104,-0.49503,0.8095
0.063098,0.038792,0.061393,-0.12135,0.29255,-0.49813,0.80719
0.063722,0.038981,0.061787,-0.12051,0.29404,-0.50133,0.80479
0.06442,0.039071,0.062129,-0.11948,0.29546,-0.50481,0.80225
0.065154,0.039109,0.062382,-0.11857,0.29656,-0.50828,0.79978
0.065892,0.039063,0.062681,-0.11756,0.29758,-0.51187,0.79725
0.066794,0.037989,0.061834,-0.1162,0.29858,-0.5165,0.79409
0.067687,0.039544,0.062058,-0.11522,0.29922,-0.52039,0.79145
0.06851,0.039384,0.062369,-0.11393,0.29964,-0.52432,0.78887
0.06912,0.039189,0.062599,-0.11253,0.29987,-0.52802,0.78651
0.069629,0.039043,0.062759,-0.11146,0.29979,-0.53124,0.78453
0.069919,0.03897,0.062901,-0.11107,0.29966,-0.53392,0.78281
0.070088,0.038817,0.0631,-0.11056,0.29973,-0.53645,0.78113
0.070109,0.038747,0.063371,-0.10983,0.29986,-0.53902,0.77941
0.070226,0.038685,0.063841,-0.10873,0.29979,-0.54148,0.77788
0.070302,0.038699,0.064395,-0.10755,0.29963,-0.5437,0.77656
0.070466,0.038663,0.065073,-0.10608,0.29955,-0.54633,0.77495
0.070619,0.03902,0.065709,-0.10438,0.29948,-0.54869,0.77353
0.0703,0.039029,0.066282,-0.10264,0.29921,-0.55094,0.77227
0.070396,0.039104,0.066746,-0.10134,0.29875,-0.5529,0.77122
0.070483,0.039135,0.067122,-0.10039,0.29846,-0.55492,0.77001
0.070582,0.039063,0.067422,-0.099683,0.29867,-0.55716,0.7684
0.07069,0.038952,0.067594,-0.099179,0.29908,-0.55955,0.76657
0.070885,0.038872,0.067678,-0.098813,0.29971,-0.56187,0.76467
0.071075,0.038802,0.067701,-0.098708,0.30024,-0.5641,0.76282
0.071316,0.038626,0.067603,-0.099156,0.30039,-0.56649,0.76094
0.071354,0.039006,0.067591,-0.099156,0.30039,-0.56649,0.76094
0.071716,0.039689,0.06737,-0.099438,0.30065,-0.56935,0.75866
0.07273,0.039208,0.066845,-0.10065,0.30206,-0.57379,0.75458
0.072884,0.039026,0.066645,-0.10151,0.30275,-0.57587,0.75261
0.072949,0.039362,0.066813,-0.10151,0.30275,-0.57587,0.75261
0.073187,0.039276,0.066704,-0.10237,0.30335,-0.57786,0.75072
0.073332,0.039557,0.066709,-0.1035,0.30391,-0.57887,0.74956
0.073569,0.039473,0.066731,-0.10421,0.3046,-0.5805,0.74792
0.073715,0.039478,0.06677,-0.10512,0.30521,-0.58178,0.74654
0.07378,0.039592,0.066908,-0.10593,0.30595,-0.58266,0.74544
0.073783,0.039729,0.067098,-0.10667,0.30694,-0.58319,0.74451
0.073621,0.039125,0.067335,-0.10729,0.30782,-0.58359,0.74374
0.073534,0.039263,0.067619,-0.10748,0.30844,-0.58403,0.74311
0.073438,0.039453,0.068059,-0.10745,0.30844,-0.58442,0.74281
0.073427,0.039679,0.068618,-0.10699,0.30827,-0.58491,0.74256
0.073437,0.039959,0.069096,-0.10627,0.30829,-0.58537,0.7423
0.07343,0.04021,0.069546,-0.1058,0.30834,-0.58533,0.74237
0.0734,0.040448,0.06993,-0.10531,0.30839,-0.58553,0.74226
0.073499,0.040551,0.070198,-0.10482,0.30843,-0.58579,0.74212
0.073608,0.040685,0.070425,-0.10439,0.30853,-0.58588,0.74207
0.073766,0.040701,0.070383,-0.10425,0.30866,-0.5859,0.74201
0.073709,0.040044,0.070194,-0.10448,0.30896,-0.58578,0.74195
0.07368,0.040045,0.07,-0.10496,0.30916,-0.58562,0.74193
0.073728,0.039991,0.069791,-0.10542,0.30918,-0.58579,0.74172
0.0738,0.039967,0.069681,-0.10566,0.30918,-0.58621,0.74135
0.073835,0.040019,0.06971,-0.10593,0.3092,-0.58654,0.74104
0.073613,0.040065,0.069641,-0.10662,0.30888,-0.58542,0.74197
0.07359,0.039823,0.069297,-0.10669,0.30853,-0.58559,0.74196
0.073664,0.039616,0.069146,-0.10683,0.30801,-0.5859,0.74192
0.073676,0.039432,0.068979,-0.10691,0.3075,-0.58601,0.74203
0.073648,0.039436,0.068995,-0.10735,0.3069,-0.58583,0.74235
0.073602,0.039293,0.068715,-0.10775,0.30652,-0.58566,0.74259
0.073569,0.0392,0.068139,-0.10852,0.30595,-0.58503,0.74321
0.073566,0.039127,0.067805,-0.10897,0.30553,-0.58486,0.74345
0.07362,0.039011,0.067561,-0.10892,0.30532,-0.58491,0.74351
0.073555,0.038852,0.0674,-0.10911,0.30506,-0.58467,0.74377
0.073381,0.038364,0.067302,-0.10917,0.30467,-0.58432,0.7442
0.073204,0.038406,0.067387,-0.10913,0.30409,-0.58362,0.74499
0.073076,0.03839,0.067304,-0.10892,0.3035,-0.58284,0.74587
0.072978,0.038499,0.067269,-0.10878,0.30281,-0.58177,0.747
0.072819,0.038588,0.066988,-0.10903,0.30197,-0.58049,0.74831
0.072581,0.038723,0.066818,-0.10939,0.30129,-0.57896,0.74971
0.07269,0.03877,0.066727,-0.10957,0.30091,-0.57821,0.75042
0.072621,0.038611,0.06638,-0.10966,0.30063,-0.57748,0.75108
0.072467,0.038427,0.066039,-0.10975,0.30007,-0.57667,0.75191
0.072341,0.038314,0.065718,-0.10982,0.29915,-0.57569,0.75302
0.071971,0.037675,0.065499,-0.11018,0.29805,-0.5741,0.75461
0.071934,0.037696,0.065624,-0.11,0.29734,-0.57352,0.75536
0.071789,0.037518,0.065543,-0.10961,0.29693,-0.57293,0.75602
0.071553,0.037366,0.065414,-0.1095,0.29626,-0.5719,0.75708
0.07137,0.037176,0.065099,-0.10942,0.29526,-0.57048,0.75855
0.071116,0.037042,0.065004,-0.10883,0.29396,-0.56945,0.75991
0.07073,0.036864,0.064748,-0.10833,0.29246,-0.56786,0.76176
0.070196,0.036812,0.064472,-0.10809,0.29092,-0.56565,0.76402
0.069295,0.036798,0.064102,-0.1084,0.2892,-0.56286,0.76669
0.068959,0.036714,0.063514,-0.10857,0.28726,-0.56015,0.76937
0.068502,0.036419,0.063075,-0.1085,0.28536,-0.55779,0.7718
0.068034,0.036182,0.062923,-0.10811,0.28398,-0.55637,0.77338
0.067923,0.035756,0.062568,-0.1077,0.28319,-0.55529,0.7745
0.067702,0.035304,0.062125,-0.10765,0.28256,-0.55411,0.77559
0.067473,0.034817,0.061491,-0.10762,0.28168,-0.55262,0.77697
0.067075,0.034305,0.061094,-0.10748,0.28042,-0.5507,0.77881
0.066844,0.034308,0.061099,-0.10724,0.27853,-0.54824,0.78125
0.066406,0.034219,0.061132,-0.10649,0.27631,-0.5457,0.78391
0.066085,0.034206,0.061321,-0.10539,0.27427,-0.54328,0.78646
0.065861,0.03372,0.060905,-0.10428,0.27265,-0.54102,0.78872
0.065628,0.034333,0.061088,-0.10337,0.27161,-0.53848,0.79094
0.065699,0.034697,0.061854,-0.10266,0.27095,-0.53605,0.7929
0.065224,0.03468,0.062021,-0.10226,0.27034,-0.53344,0.79492
0.064603,0.034512,0.062143,-0.10173,0.26943,-0.53088,0.79701
0.064342,0.034147,0.061899,-0.10085,0.2681,-0.5285,0.79915
0.063796,0.033668,0.062397,-0.099475,0.26613,-0.52621,0.80148
0.063324,0.03355,0.062907,-0.097923,0.26409,-0.52408,0.80375
0.06299,0.033448,0.063383,-0.096661,0.26251,-0.52215,0.80567
0.062604,0.033666,0.064509,-0.095628,0.26168,-0.52066,0.80703
0.062481,0.03327,0.064191,-0.094669,0.26153,-0.51945,0.80797
0.062236,0.032933,0.064395,-0.094028,0.26126,-0.51804,0.80904
0.061912,0.032893,0.064472,-0.093709,0.26068,-0.51625,0.81041
0.061518,0.032788,0.064491,-0.093562,0.25974,-0.51436,0.81192
0.060845,0.032762,0.064928,-0.093268,0.25835,-0.51277,0.8134
0.060764,0.032406,0.064654,-0.092352,0.25697,-0.5115,0.81474
0.060491,0.03273,0.064809,-0.091634,0.25558,-0.5098,0.81633
0.06087,0.032814,0.06543,-0.091119,0.25449,-0.50825,0.81769
0.060482,0.032483,0.065512,-0.090923,0.25343,-0.50647,0.81914
0.060105,0.032262,0.065548,-0.090778,0.25225,-0.50464,0.82065
0.059902,0.03183,0.065187,-0.090325,0.25085,-0.50276,0.82228
0.059586,0.031257,0.065181,-0.089633,0.24933,-0.50127,0.82373
0.059186,0.031033,0.065263,-0.088979,0.24765,-0.4992,0.82556
0.058773,0.03082,0.065312,-0.08816,0.24596,-0.49693,0.82752
0.058176,0.031004,0.066077,-0.087315,0.24416,-0.49448,0.82961
0.058007,0.030551,0.065582,-0.086103,0.24226,-0.49223,0.83163
0.057798,0.030032,0.065807,-0.08447,0.24059,-0.49064,0.83322
0.057619,0.029884,0.065986,-0.08284,0.23891,-0.48893,0.83487
0.057297,0.029728,0.066169,-0.081244,0.23729,-0.48742,0.83637
0.057139,0.029761,0.066709,-0.079943,0.23586,-0.48598,0.83773
0.057037,0.029414,0.066269,-0.079085,0.23443,-0.48441,0.83912
0.056842,0.027989,0.066222,-0.078431,0.23311,-0.48295,0.8404
0.056658,0.027714,0.06615,-0.07783,0.23194,-0.48143,0.84165
0.05642,0.027468,0.066023,-0.077461,0.23046,-0.47958,0.84315
0.056039,0.027221,0.065819,-0.077465,0.2287,-0.47716,0.84499
0.05565,0.027109,0.065579,-0.077661,0.2266,-0.47444,0.84707
0.055284,0.025788,0.06559,-0.077622,0.22481,-0.47211,0.84885
0.055161,0.025727,0.06567,-0.077178,0.22379,-0.47077,0.8499
0.055169,0.02566,0.065801,-0.076749,0.22334,-0.47001,0.85048
0.055171,0.025559,0.065854,-0.076621,0.22308,-0.46922,0.851
0.055162,0.025375,0.065679,-0.076938,0.22264,-0.46822,0.85163
0.054991,0.0232,0.065381,-0.077577,0.22199,-0.46691,0.85247
0.054644,0.023082,0.06497,-0.078584,0.22116,-0.46512,0.85357
0.055336,0.023178,0.064563,-0.079928,0.22012,-0.46284,0.85495
0.054804,0.023109,0.064171,-0.081409,0.21884,-0.46026,0.85653
0.054278,0.02317,0.063944,-0.082585,0.21762,-0.45783,0.85803
0.053999,0.022951,0.063821,-0.083191,0.21676,-0.4563,0.859
0.053861,0.022979,0.063929,-0.083155,0.21641,-0.4554,0.85957
0.053213,0.022866,0.064057,-0.082846,0.21659,-0.45482,0.85987
0.053213,0.022908,0.064102,-0.082638,0.21677,-0.45404,0.86025
0.053098,0.022964,0.063989,-0.08284,0.21688,-0.45284,0.86084
0.052854,0.023319,0.063856,-0.083327,0.21683,-0.45124,0.86164
0.052566,0.023518,0.063562,-0.084229,0.21656,-0.44915,0.86271
0.052193,0.02372,0.063348,-0.085179,0.21606,-0.44692,0.8639
0.051784,0.023889,0.063171,-0.085832,0.21528,-0.44457,0.86524
0.051422,0.024021,0.063067,-0.085958,0.21399,-0.44235,0.86669
0.051381,0.023909,0.063236,-0.08445,0.21299,-0.44149,0.86752
0.051397,0.023904,0.063393,-0.082994,0.21195,-0.44047,0.86843
0.051945,0.023992,0.06362,-0.081491,0.2112,-0.43956,0.86922
0.05203,0.024021,0.063685,-0.080268,0.21071,-0.43838,0.87005
0.052098,0.024024,0.063697,-0.079408,0.21013,-0.4368,0.87106
0.051817,0.024697,0.06356,-0.079436,0.20853,-0.43397,0.87285
0.05154,0.024748,0.063314,-0.079441,0.20695,-0.43153,0.87444
0.051487,0.024849,0.062975,-0.079481,0.20506,-0.42919,0.87603
0.051399,0.024803,0.062728,-0.078724,0.20349,-0.42796,0.87707
0.051301,0.024695,0.062474,-0.07809,0.20247,-0.42689,0.87788
0.051299,0.024511,0.062167,-0.077803,0.20187,-0.42581,0.87857
0.051212,0.024398,0.061767,-0.077892,0.20144,-0.42429,0.87939
0.051093,0.024252,0.061267,-0.078344,0.20082,-0.42239,0.88041
0.050899,0.024033,0.060684,-0.078977,0.19969,-0.4203,0.88161
0.050654,0.023774,0.060051,-0.079328,0.19822,-0.41856,0.88273
0.050345,0.023271,0.059561,-0.079507,0.19676,-0.41681,0.88387
0.0499,0.023059,0.05899,-0.079915,0.19551,-0.41485,0.88503
0.049383,0.022785,0.058367,-0.08082,0.19445,-0.41251,0.88628
0.048728,0.022573,0.057653,-0.082183,0.19372,-0.40975,0.88759
0.048095,0.022379,0.056775,-0.083787,0.19322,-0.40668,0.88896
0.047537,0.020522,0.055956,-0.085026,0.19296,-0.4039,0.89017
0.046991,0.020256,0.055233,-0.085552,0.1929,-0.40151,0.89121
0.046436,0.019964,0.054638,-0.085806,0.19249,-0.39935,0.89225
0.045905,0.019621,0.054126,-0.085922,0.19189,-0.39732,0.89327
0.045351,0.019329,0.053731,-0.085876,0.19128,-0.39511,0.89439
0.044759,0.019187,0.053322,-0.085838,0.19058,-0.39272,0.89559
0.044095,0.018863,0.052919,-0.085724,0.18971,-0.39012,0.89692
0.043412,0.018511,0.052382,-0.085712,0.18859,-0.38724,0.89841
0.042752,0.01827,0.051768,-0.085973,0.18736,-0.384,0.90003
0.042165,0.017999,0.051061,-0.086231,0.18622,-0.38086,0.90157
0.041968,0.017278,0.05029,-0.086,0.18574,-0.37958,0.90223
0.041513,0.016957,0.049574,-0.085895,0.1853,-0.37688,0.90346
0.041156,0.016625,0.048919,-0.085457,0.18465,-0.3747,0.90455
0.040936,0.01622,0.048322,-0.084561,0.18359,-0.37288,0.9056
0.040675,0.015668,0.047787,-0.08316,0.18228,-0.37084,0.90683
0.040451,0.014674,0.04725,-0.081769,0.18027,-0.36847,0.90832
0.040195,0.01404,0.046612,-0.080641,0.17766,-0.36591,0.90997
0.040586,0.013571,0.045906,-0.079656,0.17491,-0.3631,0.91171
0.040197,0.013057,0.045104,-0.079126,0.17241,-0.35993,0.91349
0.039723,0.012701,0.044308,-0.079264,0.17037,-0.35648,0.91521
0.039631,0.012243,0.043456,-0.079436,0.16907,-0.35476,0.91611
0.039451,0.012009,0.042689,-0.079405,0.16836,-0.35215,0.91724
0.039307,0.011679,0.042156,-0.078366,0.16815,-0.34997,0.91821
0.039168,0.011348,0.041772,-0.076654,0.16777,-0.34735,0.91942
0.038974,0.010994,0.041347,-0.07471,0.16662,-0.3442,0.92097
0.038518,0.011917,0.040957,-0.07251,0.16474,-0.34011,0.923
0.038269,0.011447,0.040489,-0.070225,0.16248,-0.33668,0.92483
0.037797,0.010984,0.040159,-0.068246,0.16017,-0.33313,0.92667
0.037355,0.01052,0.039837,-0.066935,0.15823,-0.3293,0.92846
0.036942,0.010239,0.03953,-0.066187,0.15674,-0.32548,0.93012
0.036387,0.010437,0.039343,-0.065615,0.15564,-0.32088,0.93194
0.036191,0.010266,0.039318,-0.064208,0.15486,-0.31812,0.93311
0.035918,0.010152,0.039404,-0.062167,0.15388,-0.31514,0.93442
0.035651,0.010108,0.039475,-0.059711,0.1523,-0.31172,0.93599
0.035368,0.0099821,0.039452,-0.056915,0.15046,-0.30811,0.93765
0.034609,0.010096,0.039475,-0.054177,0.14865,-0.3027,0.93986
0.034198,0.0097474,0.03951,-0.051312,0.14724,-0.29886,0.94147
0.033499,0.0093338,0.039528,-0.048847,0.14577,-0.29479,0.94311
0.033045,0.0090163,0.039534,-0.047073,0.14395,-0.29063,0.94477
0.032706,0.0086905,0.039485,-0.045526,0.14188,-0.287,0.94627
0.032325,0.0072154,0.039434,-0.043693,0.1397,-0.28224,0.94811
0.031967,0.0069498,0.039466,-0.041255,0.13747,-0.27904,0.94949
0.031643,0.0068074,0.039378,-0.038968,0.13519,-0.27543,0.95097
0.031113,0.0066115,0.039138,-0.036616,0.13229,-0.27131,0.95265
0.030583,0.0062659,0.038901,-0.034524,0.12948,-0.26716,0.95429
0.029907,0.0059566,0.038684,-0.032643,0.127,-0.26236,0.95602
0.029616,0.0055159,0.038424,-0.030597,0.12523,-0.25914,0.9572
0.029105,0.005084,0.03823,-0.028323,0.12402,-0.25622,0.95821
0.028945,0.0048438,0.038047,-0.02618,0.12294,-0.2533,0.95919
0.02882,0.0047066,0.037762,-0.024465,0.12142,-0.25039,0.96019
0.028395,0.0046239,0.037317,-0.023141,0.11957,-0.24572,0.96166
0.02821,0.004669,0.036721,-0.021452,0.11761,-0.24221,0.96283
0.027898,0.0047843,0.035969,-0.01988,0.11565,-0.2381,0.96413
0.027522,0.0047774,0.035214,-0.018542,0.11371,-0.23365,0.96547
0.027131,0.0044978,0.034559,-0.017463,0.11211,-0.22926,0.96673
0.026788,0.0025322,0.034179,-0.016469,0.11083,-0.22334,0.96828
0.026559,0.00193,0.033975,-0.014761,0.11003,-0.21954,0.96927
0.025657,0.0012381,0.033917,-0.012893,0.10913,-0.21547,0.97031
0.025417,0.00096006,0.033746,-0.011343,0.10792,-0.21104,0.97144
0.025198,0.0010235,0.033324,-0.0099663,0.1061,-0.20645,0.97264
0.025001,0.0012157,0.032665,-0.0083999,0.10378,-0.20205,0.97383
0.024565,0.001459,0.031853,-0.0068344,0.10102,-0.19753,0.97506
0.024544,0.0016009,0.030998,-0.0054836,0.09812,-0.19298,0.97627
0.024278,0.0013501,0.030271,-0.0041208,0.095485,-0.18872,0.97737
0.024132,0.00099348,0.029625,-0.0026232,0.093414,-0.18465,0.97835
0.022939,0.0012203,0.031032,-0.00076445,0.091783,-0.18098,0.97919
0.023287,3.1812e-05,0.030561,0.0014542,0.090335,-0.1776,0.97995
0.024908,-0.00024173,0.027784,0.003961,0.088756,-0.1739,0.98075
0.025058,9.6482e-05,0.026973,0.0064511,0.086735,-0.16979,0.98164
0.02515,0.00032337,0.025995,0.0086122,0.084371,-0.16587,0.98249
0.023718,0.0004855,0.027253,0.010297,0.08198,-0.16111,0.98347
0.024094,0.00022216,0.026313,0.012081,0.0798,-0.15829,0.98409
0.025757,-0.0006719,0.023875,0.01391,0.077835,-0.15558,0.98465
0.026088,-0.001082,0.023406,0.015707,0.075831,-0.15301,0.98519
0.026525,-0.001275,0.022878,0.017416,0.073911,-0.15048,0.98569
0.0257,-0.0011253,0.024109,0.019323,0.072115,-0.14759,0.98623
0.025898,-0.00073248,0.023495,0.021257,0.070356,-0.1444,0.98679
0.027356,-2.2642e-05,0.020591,0.022782,0.068453,-0.14079,0.98741
0.02616,5.4685e-05,0.021628,0.023783,0.066713,-0.13708,0.98802
0.026361,0.00018273,0.020697,0.024708,0.065408,-0.13367,0.98856
0.026469,-3.16e-05,0.019991,0.025798,0.064448,-0.13023,0.98905
0.026593,0.00011628,0.019511,0.027226,0.063462,-0.12743,0.98944
0.02643,-0.00044089,0.019119,0.02879,0.062263,-0.12467,0.98982
0.026671,-0.00070555,0.018697,0.030291,0.061012,-0.12157,0.99024
0.026762,-0.00070147,0.018261,0.031817,0.059709,-0.11804,0.9907
0.026593,-0.00043469,0.017608,0.033001,0.058428,-0.11374,0.99124
0.02622,0.00073875,0.016858,0.033711,0.057444,-0.10955,0.99175
0.025818,0.00096314,0.016165,0.034145,0.057055,-0.10518,0.99223
0.025586,0.00095423,0.015661,0.034616,0.057139,-0.10075,0.99267
0.025402,0.00073526,0.015419,0.035305,0.057269,-0.096399,0.99307
0.025013,0.00043512,0.015202,0.036298,0.057122,-0.091091,0.99354
0.025561,0.000357,0.01472,0.036298,0.057122,-0.091091,0.99354
0.024501,0.00027779,0.014727,0.039693,0.055072,-0.082304,0.99429
0.0241,0.00038708,0.014242,0.041889,0.053433,-0.077237,0.9947
0.023596,0.00053717,0.013574,0.044066,0.05161,-0.071743,0.99511
0.024216,0.00074764,0.012561,0.044066,0.05161,-0.071743,0.99511
0.02357,0.0010984,0.012024,0.045673,0.049905,-0.06614,0.99551
0.022137,0.00051957,0.011951,0.048376,0.047679,-0.056225,0.99611
0.021748,-0.00015287,0.011785,0.049623,0.046977,-0.051474,0.99633
0.021483,-0.00083896,0.011744,0.051007,0.046321,-0.046804,0.99652
0.022079,-0.0012908,0.011424,0.051007,0.046321,-0.046804,0.99652
0.021654,-0.0020163,0.011293,0.05273,0.045597,-0.04104,0.99672
0.020215,-0.0023504,0.011388,0.056871,0.043073,-0.031144,0.99697
0.019802,-0.0023551,0.010832,0.058509,0.041368,-0.026013,0.99709
0.01947,-0.0023562,0.010227,0.059736,0.03993,-0.021455,0.99718
0.019953,-0.0023453,0.0094653,0.059736,0.03993,-0.021455,0.99718
0.019375,-0.0028291,0.0090734,0.06086,0.039105,-0.015676,0.99726
0.019139,-0.0033748,0.008775,0.062097,0.038278,-0.01149,0.99727
0.018911,-0.0039183,0.0085559,0.063467,0.03732,-0.0072138,0.99726
0.018643,-0.0042937,0.0083046,0.06497,0.035888,-0.0029441,0.99724
0.018332,-0.0044488,0.0079396,0.066866,0.034154,0.0014233,0.99718
0.017902,-0.0044085,0.0073605,0.069066,0.032401,0.0066262,0.99706
0.017754,-0.0041177,0.0067232,0.071451,0.030632,0.010802,0.99692
0.017645,-0.004092,0.0063071,0.073815,0.029097,0.014289,0.99675
0.017625,-0.0044983,0.0061476,0.075938,0.027823,0.017515,0.99657
0.017522,-0.0052349,0.0062391,0.0778,0.026633,0.020687,0.9964
0.017409,-0.0055957,0.0063216,0.07919,0.025574,0.023666,0.99625
0.017417,-0.0061066,0.0063823,0.08015,0.025033,0.026422,0.99612
0.017459,-0.0062732,0.0064381,0.080924,0.025003,0.029356,0.99597
0.017443,-0.0062207,0.0063921,0.081464,0.025353,0.032505,0.99582
0.017358,-0.0060377,0.0063024,0.081968,0.025574,0.035606,0.99567
0.01743,-0.0058202,0.0060059,0.082726,0.025445,0.038927,0.99549
0.017513,-0.0052229,0.0055526,0.083752,0.024625,0.04233,0.99528
0.017374,-0.0047426,0.0051516,0.085118,0.0232,0.045902,0.99504
0.017198,-0.0045048,0.0048732,0.08662,0.021645,0.049481,0.99478
0.016924,-0.0044475,0.0047531,0.087947,0.020255,0.053188,0.9945
0.016454,-0.0041403,0.0048371,0.089132,0.019081,0.056889,0.99421
0.016102,-0.0042601,0.0049427,0.09041,0.018083,0.060471,0.9939
0.015908,-0.0042256,0.0050881,0.091869,0.016998,0.064064,0.99356
0.015817,-0.0038863,0.0051104,0.093601,0.015669,0.067269,0.99321
0.015909,-0.003414,0.0049834,0.09562,0.014005,0.070137,0.99285
0.016234,-0.0032092,0.0047833,0.097895,0.012085,0.073007,0.99244
0.016645,-0.0024691,0.0044323,0.10015,0.010059,0.076441,0.99198
0.01674,-0.0020037,0.0040926,0.10254,0.0075524,0.080082,0.99147
0.016952,-0.0018131,0.0037182,0.10458,0.0050413,0.083708,0.99097
0.017114,-0.0018935,0.0034496,0.10618,0.0028749,0.087234,0.99051
0.017367,-0.0019007,0.0031844,0.10749,0.0012745,0.09046,0.99008
0.017698,-0.0020753,0.0030344,0.10876,0.00033606,0.093306,0.98968
0.018165,-0.0020048,0.0028891,0.10995,3.39e-06,0.095958,0.98929
0.018695,-0.0017589,0.0026547,0.11114,-0.0001483,0.098435,0.98892
0.019335,-0.0012857,0.0022972,0.11239,-0.00042729,0.10078,0.98854
0.019939,-0.00086154,0.0017515,0.1136,-0.0010755,0.1039,0.98808
0.020557,-0.00019297,0.0010873,0.11467,-0.0023172,0.1066,0.98767
0.021089,0.00042473,0.0003458,0.11565,-0.0038241,0.10942,0.98724
0.021592,0.00082533,-0.00039715,0.11649,-0.0052059,0.11233,0.98681
0.022045,0.0010218,-0.0011441,0.11724,-0.0065933,0.1154,0.98635
0.022492,0.0010687,-0.0018359,0.11786,-0.0080257,0.11847,0.98591
0.022873,0.0010846,-0.0024925,0.11861,-0.009506,0.12163,0.98542
0.023276,0.0011214,-0.0031145,0.11972,-0.01098,0.12468,0.98489
0.023682,0.0013101,-0.0037189,0.12108,-0.012539,0.12778,0.9843
0.024108,0.0016364,-0.0043341,0.12256,-0.014323,0.13114,0.98365
0.024475,0.0020252,-0.0049482,0.12424,-0.016162,0.13494,0.9829
0.02401,0.0020721,-0.0055374,0.12632,-0.017956,0.13864,0.98209
0.024343,0.0023221,-0.0059835,0.12861,-0.019709,0.14247,0.98121
0.024581,0.0023635,-0.0062896,0.13081,-0.021291,0.14631,0.98032
0.024799,0.0022622,-0.0064499,0.13283,-0.022699,0.15009,0.97945
0.024958,0.0020268,-0.006551,0.13464,-0.023886,0.1537,0.97861
0.025401,0.0021565,-0.0066823,0.1362,-0.024727,0.15705,0.97784
0.025698,0.0023544,-0.0068264,0.13767,-0.025649,0.16039,0.97707
0.025992,0.0026729,-0.0071364,0.13919,-0.026879,0.16381,0.97625
0.026303,0.0030775,-0.0075742,0.14089,-0.028547,0.16736,0.97536
0.026644,0.0034241,-0.0080223,0.14294,-0.030563,0.17097,0.97437
0.027067,0.0038579,-0.0084274,0.14521,-0.032706,0.17454,0.97334
0.027492,0.0041843,-0.0087938,0.14742,-0.034807,0.17819,0.97227
0.027902,0.0043952,-0.0090913,0.14948,-0.036736,0.18167,0.97124
0.028281,0.0044868,-0.0092274,0.15144,-0.0384,0.18505,0.97023
0.028698,0.0046166,-0.0093054,0.15323,-0.039545,0.18833,0.96927
0.029136,0.0047463,-0.0092741,0.15485,-0.040424,0.19142,0.96837
0.029568,0.0049722,-0.009182,0.1563,-0.041039,0.19434,0.96753
0.030114,0.0053789,-0.0091421,0.15767,-0.04138,0.19686,0.96678
0.03079,0.0058606,-0.0091839,0.15915,-0.041617,0.19896,0.9661
0.031322,0.0063662,-0.0092774,0.16081,-0.041934,0.20199,0.96519
0.031601,0.0065541,-0.0095012,0.16247,-0.04295,0.20404,0.96443
0.032403,0.0069987,-0.0097719,0.16415,-0.044316,0.20609,0.96365
0.033176,0.0074247,-0.010099,0.16568,-0.045898,0.20824,0.96285
0.033928,0.0078149,-0.010441,0.16711,-0.047351,0.21023,0.9621
0.034663,0.0079685,-0.01072,0.16822,-0.048321,0.21204,0.96146
0.033901,0.0073986,-0.010989,0.16882,-0.049018,0.21344,0.96101
0.034636,0.0074525,-0.011286,0.16913,-0.049751,0.2146,0.96066
0.035316,0.0075228,-0.011599,0.16946,-0.050656,0.21556,0.96034
0.036067,0.0077339,-0.011971,0.16997,-0.051622,0.21603,0.96009
0.036874,0.0083252,-0.012419,0.17052,-0.05254,0.21646,0.95985
0.037912,0.0088374,-0.012899,0.17088,-0.05351,0.21685,0.95964
0.038721,0.0092111,-0.013444,0.17096,-0.054387,0.21718,0.9595
0.039489,0.0095397,-0.013962,0.17113,-0.055009,0.21756,0.95935
0.040112,0.0096873,-0.014401,0.17146,-0.055373,0.21813,0.95914
0.040645,0.0097825,-0.01475,0.17184,-0.05561,0.21867,0.95894
0.041218,0.0098197,-0.015036,0.17234,-0.055882,0.21916,0.95872
0.041531,0.0096955,-0.015224,0.17281,-0.056286,0.21952,0.95853
0.041739,0.0095821,-0.015387,0.17319,-0.056939,0.21978,0.95836
0.041849,0.0094711,-0.015574,0.17343,-0.057943,0.2199,0.95823
0.041925,0.0094274,-0.015965,0.17357,-0.059121,0.2201,0.95809
0.041962,0.00943,-0.01635,0.17372,-0.060458,0.22002,0.958
0.04208,0.0094842,-0.016784,0.17402,-0.061671,0.21989,0.9579
0.042157,0.0095623,-0.017189,0.17445,-0.062804,0.22022,0.95767
0.042166,0.0096229,-0.017527,0.17501,-0.063901,0.22065,0.95739
0.0423,0.0098855,-0.017769,0.17577,-0.0648,0.22045,0.95724
0.042384,0.0098605,-0.017945,0.17653,-0.065358,0.22035,0.95709
0.042503,0.0097743,-0.01807,0.17724,-0.065862,0.22006,0.95698
0.042563,0.0096572,-0.018099,0.17784,-0.066492,0.21956,0.95695
0.042647,0.0096465,-0.018222,0.17799,-0.06712,0.21907,0.95699
0.042759,0.0097738,-0.01829,0.17782,-0.067659,0.21831,0.95715
0.042861,0.0099785,-0.018413,0.17753,-0.06805,0.21712,0.95745
0.043121,0.010282,-0.018561,0.17732,-0.068348,0.21588,0.95775
0.043376,0.010423,-0.018657,0.17745,-0.068669,0.2151,0.95788
0.043418,0.010413,-0.018669,0.1779,-0.069,0.21473,0.95785
0.043768,0.010582,-0.018662,0.17815,-0.069541,0.21303,0.95815
0.043792,0.010626,-0.018655,0.1783,-0.07001,0.21281,0.95813
0.043792,0.010654,-0.01864,0.17835,-0.070307,0.21271,0.95812
0.043796,0.010694,-0.01853,0.17844,-0.07004,0.21251,0.95817
0.043777,0.010754,-0.018396,0.17872,-0.069688,0.21228,0.9582
0.043679,0.011047,-0.018199,0.17898,-0.069764,0.21211,0.95818
0.044074,0.011354,-0.018029,0.17913,-0.070233,0.21189,0.95817
0.044043,0.011543,-0.017917,0.17914,-0.070568,0.21166,0.95819
0.044002,0.011764,-0.017775,0.17919,-0.070523,0.21158,0.9582
0.043959,0.011892,-0.017603,0.17944,-0.070435,0.21164,0.95815
0.043927,0.012067,-0.01742,0.17983,-0.070391,0.21166,0.95807
0.04336,0.011881,-0.017225,0.18019,-0.070566,0.21164,0.958
0.043413,0.012009,-0.017048,0.18067,-0.07061,0.21171,0.95789
0.043481,0.012098,-0.016892,0.18109,-0.070431,0.21168,0.95783
0.043562,0.012181,-0.016709,0.1817,-0.070251,0.21163,0.95774
0.043609,0.012126,-0.01649,0.18256,-0.070172,0.21194,0.95751
0.043769,0.012262,-0.016223,0.18352,-0.070253,0.21186,0.95734
0.043845,0.012369,-0.015974,0.18439,-0.070326,0.21176,0.95719
0.043962,0.012523,-0.015761,0.18527,-0.070323,0.21168,0.95704
0.044062,0.012667,-0.015587,0.18618,-0.070272,0.21164,0.95687
0.044162,0.012753,-0.015392,0.18716,-0.070067,0.212,0.95662
0.044329,0.012904,-0.015246,0.18819,-0.06997,0.21204,0.95641
0.044557,0.013034,-0.015182,0.18903,-0.070274,0.21208,0.95622
0.044832,0.013196,-0.01522,0.18968,-0.070829,0.21201,0.95606
0.045062,0.013354,-0.015328,0.19013,-0.071434,0.21202,0.95593
0.045256,0.013443,-0.015392,0.19064,-0.071721,0.21265,0.95566
0.045177,0.013436,-0.01547,0.19117,-0.072054,0.21241,0.95559
0.045498,0.013619,-0.015572,0.1918,-0.072475,0.21213,0.95549
0.04578,0.013806,-0.015693,0.19243,-0.072974,0.21171,0.95542
0.046129,0.014002,-0.015775,0.19298,-0.07339,0.21121,0.95539
0.046278,0.013967,-0.015772,0.19348,-0.073404,0.21171,0.95517
0.046553,0.014032,-0.015859,0.19354,-0.073437,0.21141,0.95523
0.046866,0.014166,-0.015958,0.19333,-0.073383,0.2111,0.95534
0.047161,0.014301,-0.016141,0.19295,-0.073415,0.21081,0.95548
0.047487,0.014401,-0.016345,0.19263,-0.073583,0.21045,0.95561
0.047689,0.014612,-0.016553,0.19224,-0.073695,0.21011,0.95575
0.047373,0.014476,-0.016769,0.19175,-0.073778,0.20979,0.95592
0.047618,0.014623,-0.016899,0.19119,-0.07381,0.20946,0.9561
0.047861,0.014729,-0.017051,0.19086,-0.073796,0.20901,0.95626
0.048096,0.014905,-0.017166,0.19076,-0.073823,0.20853,0.95639
0.048338,0.015082,-0.017221,0.19062,-0.073964,0.20761,0.9566
0.049467,0.015692,-0.017238,0.19029,-0.073944,0.20711,0.95678
0.049557,0.015794,-0.01722,0.19005,-0.073757,0.20667,0.95694
0.049654,0.015962,-0.017152,0.18985,-0.07344,0.20624,0.9571
0.049779,0.016112,-0.017064,0.18969,-0.073163,0.20572,0.95726
0.049976,0.016385,-0.017031,0.18935,-0.073257,0.2047,0.95754
0.050003,0.016509,-0.016977,0.18912,-0.073488,0.20394,0.95773
0.050089,0.016674,-0.01688,0.1888,-0.073551,0.20319,0.95794
0.050187,0.016851,-0.016877,0.18815,-0.073687,0.20215,0.95828
0.050362,0.0171,-0.016923,0.18713,-0.074041,0.20089,0.95872
0.05051,0.017362,-0.01698,0.18587,-0.074343,0.19964,0.9592
0.049997,0.01734,-0.017039,0.18458,-0.074347,0.19832,0.95972
0.050114,0.017593,-0.017049,0.18329,-0.074083,0.19691,0.96028
0.050257,0.017832,-0.017052,0.18183,-0.07383,0.19555,0.96086
0.050362,0.018099,-0.017055,0.18023,-0.073697,0.19408,0.96147
0.050432,0.018466,-0.017039,0.17832,-0.073619,0.19294,0.96206
0.050664,0.018932,-0.017221,0.17566,-0.074248,0.19055,0.96298
0.05106,0.019478,-0.017584,0.17233,-0.075377,0.18762,0.96406
0.051313,0.019944,-0.01798,0.16891,-0.076408,0.18556,0.96499
0.051308,0.020152,-0.018245,0.16614,-0.076862,0.1845,0.96563
0.051212,0.020514,-0.01833,0.1637,-0.076714,0.1836,0.96623
0.051141,0.020643,-0.018423,0.16118,-0.076476,0.18257,0.96687
0.05128,0.020962,-0.018664,0.15841,-0.076494,0.1813,0.96757
0.051532,0.021344,-0.01893,0.15585,-0.076755,0.17953,0.96829
0.051798,0.021676,-0.01914,0.15345,-0.077201,0.17693,0.96912
0.052179,0.021998,-0.019367,0.15079,-0.077999,0.1733,0.97013
0.052484,0.022289,-0.019887,0.1472,-0.07934,0.16863,0.97139
0.05307,0.022772,-0.020588,0.14285,-0.080748,0.16444,0.97264
0.053317,0.023036,-0.02126,0.13873,-0.081371,0.16149,0.97368
0.05333,0.023124,-0.021702,0.13543,-0.080712,0.15926,0.97457
0.053377,0.022708,-0.021894,0.13314,-0.07927,0.15736,0.97531
0.052004,0.022113,-0.021996,0.13159,-0.077613,0.15542,0.97596
0.052205,0.022204,-0.022134,0.13037,-0.076517,0.15336,0.97654
0.052415,0.022192,-0.022323,0.12894,-0.075881,0.151,0.97715
0.052552,0.022171,-0.02248,0.12722,-0.075202,0.14842,0.97782
0.052699,0.022169,-0.022696,0.12516,-0.074346,0.14558,0.97858
0.052848,0.021993,-0.02291,0.12278,-0.073362,0.14296,0.97934
0.052861,0.021791,-0.023126,0.12045,-0.072345,0.14045,0.98007
0.052894,0.02157,-0.023375,0.11842,-0.071281,0.13791,0.98075
0.052873,0.021306,-0.023491,0.11689,-0.070216,0.13556,0.98134
0.052666,0.021013,-0.023501,0.11581,-0.069056,0.1342,0.98174
0.052429,0.020652,-0.023426,0.11494,-0.067855,0.13298,0.98209
0.052132,0.020368,-0.023367,0.11397,-0.066651,0.13179,0.98245
0.051853,0.02012,-0.023306,0.11292,-0.065456,0.13073,0.98279
0.051557,0.019924,-0.023306,0.11186,-0.064346,0.12967,0.98312
0.051193,0.019609,-0.023255,0.11078,-0.063426,0.12912,0.98338
0.050724,0.019342,-0.023087,0.10972,-0.062496,0.12826,0.98367
0.050203,0.019024,-0.022813,0.10874,-0.061312,0.12747,0.98395
0.049681,0.018751,-0.022377,0.1078,-0.059902,0.12659,0.98426
0.049238,0.018497,-0.022026,0.10682,-0.058362,0.12563,0.98458
0.048725,0.018566,-0.021564,0.10619,-0.056905,0.12464,0.98486
0.048249,0.018414,-0.021094,0.10579,-0.055579,0.12366,0.9851
0.047813,0.018342,-0.020567,0.10551,-0.054465,0.12268,0.98532
0.0474,0.018308,-0.020011,0.10519,-0.053479,0.1216,0.98554
0.047013,0.018307,-0.019397,0.10496,-0.052232,0.12046,0.98577
0.046604,0.018319,-0.01876,0.10462,-0.050652,0.11974,0.98598
0.046332,0.018411,-0.018064,0.10413,-0.049056,0.11851,0.98626
0.046054,0.018548,-0.017415,0.10339,-0.047724,0.11725,0.98655
0.0458,0.018759,-0.016874,0.10252,-0.046687,0.11584,0.98686
0.045659,0.018998,-0.016472,0.10137,-0.045957,0.11421,0.9872
0.045585,0.018779,-0.016201,0.10021,-0.045489,0.11282,0.9875
0.045588,0.01899,-0.016043,0.099121,-0.045573,0.11103,0.98781
0.045455,0.019079,-0.015814,0.098286,-0.046181,0.1095,0.98804
0.045335,0.01915,-0.015585,0.097672,-0.04683,0.10794,0.98824
0.045224,0.019203,-0.015181,0.097271,-0.046829,0.10632,0.98845
0.045134,0.019523,-0.014717,0.096811,-0.046087,0.10467,0.98871
0.045072,0.019615,-0.014246,0.09613,-0.044964,0.10311,0.98899
0.045066,0.019771,-0.013902,0.095157,-0.044134,0.10127,0.98931
0.045017,0.01981,-0.013662,0.093978,-0.043693,0.099314,0.98964
0.044896,0.019866,-0.013589,0.092775,-0.043902,0.097261,0.98995
0.045946,0.020285,-0.014516,0.091613,-0.044682,0.095453,0.9902
0.045957,0.020326,-0.014743,0.090308,-0.046141,0.093189,0.99047
0.045784,0.020326,-0.014938,0.088902,-0.047958,0.091297,0.99069
0.045529,0.020251,-0.014977,0.087615,-0.049045,0.08952,0.99091
0.04524,0.020196,-0.014724,0.086604,-0.04861,0.08775,0.99118
0.044976,0.02013,-0.014274,0.085652,-0.04679,0.086061,0.9915
0.044827,0.019935,-0.013782,0.084617,-0.04454,0.084297,0.99184
0.044673,0.019906,-0.01341,0.083363,-0.042591,0.082552,0.99218
0.044513,0.019911,-0.01307,0.082086,-0.041297,0.080753,0.99249
0.044321,0.01989,-0.013093,0.080819,-0.04086,0.078839,0.99277
0.044145,0.01992,-0.013384,0.079513,-0.042059,0.076493,0.993
0.043889,0.019949,-0.013697,0.078251,-0.043218,0.074197,0.99323
0.043704,0.019951,-0.014011,0.076997,-0.044803,0.071801,0.99343
0.043457,0.019895,-0.01414,0.075944,-0.045836,0.069648,0.99362
0.043108,0.019758,-0.01359,0.075524,-0.043834,0.067732,0.99387
0.042792,0.019702,-0.012847,0.074996,-0.041148,0.066045,0.99414
0.042626,0.01978,-0.012146,0.074439,-0.038499,0.064097,0.99442
0.042594,0.019881,-0.011604,0.073556,-0.037147,0.062054,0.99467
0.042581,0.020025,-0.011168,0.072697,-0.036657,0.059818,0.99488
0.042621,0.02018,-0.010998,0.071774,-0.036687,0.057397,0.99509
0.0421,0.020107,-0.010676,0.071774,-0.036687,0.057397,0.99509
0.04202,0.020178,-0.010484,0.070838,-0.036976,0.055179,0.99527
0.042375,0.020471,-0.010493,0.068724,-0.036947,0.05032,0.99568
0.042288,0.02058,-0.010108,0.068104,-0.035682,0.048289,0.99587
0.042204,0.020695,-0.0095524,0.067697,-0.033767,0.0462,0.99606
0.041801,0.020723,-0.0089415,0.067697,-0.033767,0.0462,0.99606
0.041855,0.020951,-0.0081755,0.067329,-0.031717,0.044072,0.99625
0.042376,0.021286,-0.0075847,0.066313,-0.028794,0.039817,0.99659
0.042577,0.021521,-0.007133,0.065361,-0.02796,0.037585,0.99676
0.042749,0.021745,-0.0067966,0.064079,-0.027303,0.035206,0.99695
0.042391,0.021796,-0.0063523,0.064079,-0.027303,0.035206,0.99695
0.042642,0.022027,-0.0062419,0.062458,-0.02664,0.032549,0.99716
0.043118,0.022303,-0.0063942,0.059078,-0.025268,0.028488,0.99753
0.042877,0.022427,-0.0060105,0.059078,-0.025268,0.028488,0.99753
0.043067,0.02264,-0.0058947,0.05742,-0.024632,0.026695,0.99769
0.043169,0.022839,-0.0056528,0.056057,-0.023696,0.025055,0.99783
0.043206,0.02299,-0.0052704,0.05512,-0.022316,0.023315,0.99796
0.043328,0.02317,-0.0048575,0.054454,-0.020579,0.021253,0.99808
0.043386,0.023283,-0.0044034,0.053795,-0.019016,0.019144,0.99819
0.043491,0.023419,-0.004029,0.052891,-0.017964,0.016792,0.9983
0.043635,0.023546,-0.0037603,0.051586,-0.017515,0.014017,0.99842
0.043889,0.02368,-0.0036237,0.04999,-0.017195,0.011052,0.99854
0.043994,0.023808,-0.0034579,0.048378,-0.016623,0.0083527,0.99866
0.044084,0.023871,-0.0032929,0.046707,-0.015844,0.0059155,0.99877
0.044057,0.023955,-0.0031063,0.044937,-0.014986,0.0037349,0.99887
0.044043,0.024059,-0.0029233,0.043205,-0.014086,0.0016437,0.99897
0.043947,0.024063,-0.0028148,0.041512,-0.013149,-0.00031445,0.99905
0.043883,0.024073,-0.002652,0.040031,-0.012075,-0.0023027,0.99912
0.04379,0.024052,-0.0024494,0.038812,-0.010916,-0.0042754,0.99918
0.043745,0.024063,-0.0023396,0.037593,-0.0099226,-0.0063396,0.99922
0.043618,0.02405,-0.0022032,0.03607,-0.0088997,-0.0082439,0.99928
0.043277,0.023988,-0.0021321,0.034378,-0.008027,-0.0093392,0.99933
0.043079,0.023968,-0.0020779,0.032587,-0.007273,-0.011004,0.99938
0.042958,0.023871,-0.0020717,0.030756,-0.0067315,-0.01272,0.99942
0.042823,0.023702,-0.0020563,0.02915,-0.0063183,-0.014514,0.99945
0.042682,0.023529,-0.0020367,0.027669,-0.0059452,-0.01626,0.99947
0.042564,0.023338,-0.0019696,0.026483,-0.0054441,-0.017859,0.99947
0.042489,0.023235,-0.0018781,0.02551,-0.0049886,-0.01932,0.99948
0.042393,0.023148,-0.0017724,0.024715,-0.0044398,-0.020943,0.99947
0.042299,0.023068,-0.0016195,0.024053,-0.0038404,-0.022687,0.99945
0.042271,0.023018,-0.001529,0.023487,-0.0034109,-0.02456,0.99942
0.042194,0.022921,-0.001377,0.022749,-0.0032447,-0.026362,0.99939
0.042132,0.022806,-0.0012722,0.021921,-0.0031714,-0.028042,0.99936
0.042026,0.022672,-0.0011515,0.020991,-0.0031052,-0.029424,0.99934
0.041862,0.022509,-0.00087981,0.020228,-0.0026057,-0.030786,0.99932
0.041722,0.022438,-0.00053452,0.019506,-0.0017187,-0.032181,0.99929
0.041658,0.022383,-0.00020594,0.018784,-0.00082524,-0.03366,0.99926
0.041567,0.022339,0.00015921,0.017938,1.9167e-05,-0.035148,0.99922
0.041611,0.022374,0.00040436,0.016961,0.00065034,-0.036645,0.99918
0.041635,0.022465,0.00052069,0.015905,0.0011039,-0.038153,0.99914
0.041672,0.022556,0.00060679,0.014841,0.0014698,-0.039533,0.99911
0.041702,0.022627,0.00069833,0.013904,0.001706,-0.040823,0.99907
0.041673,0.02261,0.00071659,0.012966,0.0017645,-0.04199,0.99903
0.041666,0.022623,0.0007582,0.012048,0.0019415,-0.042721,0.99901
0.04158,0.022616,0.00082495,0.011036,0.0022021,-0.043323,0.999
0.041528,0.022609,0.00079966,0.0098005,0.0026727,-0.043845,0.99899
0.041545,0.022693,0.00078001,0.008557,0.003489,-0.044313,0.99897
0.041587,0.022828,0.00074168,0.0074405,0.0044333,-0.044731,0.99896
0.041659,0.023004,0.00062775,0.0065877,0.0052974,-0.045224,0.99894
NaN,NaN,NaN,NaN,NaN,NaN,NaN
