0,0,0,7.8505e-17,0,0,1
0.00010055,2.8201e-05,-7.6972e-05,-4.3918e-05,4.7867e-05,-0.00013123,1
0.00016445,7.2911e-05,-0.00010972,-7.8091e-05,1.0539e-05,-0.00030673,1
0.00028291,0.00012458,-0.00015442,-7.5969e-05,1.8503e-05,-0.00043869,1
0.00036254,0.00016211,-0.00016342,-7.024e-05,2.7213e-05,-0.00061057,1
0.00045422,0.0002038,-0.000211,-0.00011669,0.00016177,-0.00077736,1
0.00053048,0.00020292,-0.00028017,-0.00015986,0.00020603,-0.00086257,1
0.00062011,0.00022084,-0.00038631,-0.00015774,0.00021398,-0.00099451,1
0.00067373,0.00026065,-0.00048148,-0.00024008,0.0002086,-0.0010373,1
0.00076414,0.00030839,-0.00059176,-0.00032389,0.00021043,-0.0011721,1
0.00083649,0.0003611,-0.00074745,-0.00040697,0.00020865,-0.001261,1
0.00092144,0.00043227,-0.00088431,-0.00057599,0.00020073,-0.0013527,1
0.00099678,0.00053099,-0.001026,-0.00079178,0.00023633,-0.0014896,1
0.0010635,0.00051449,-0.0011923,-0.00097052,0.0003136,-0.001537,1
0.0011346,0.00048165,-0.0013415,-0.0011457,0.00039162,-0.0016243,1
0.0012025,0.00041059,-0.0014739,-0.0013608,0.00042362,-0.0017153,1
0.0011917,0.0003085,-0.0015836,-0.0016715,0.00053465,-0.0017647,1
0.0011921,0.00016539,-0.0017023,-0.0018528,0.00069863,-0.0018477,1
0.001131,6.3477e-05,-0.001765,-0.002028,0.00077667,-0.0019351,1
0.001142,6.4034e-05,-0.0017981,-0.0020712,0.00082093,-0.0020203,1
0.0011071,6.3438e-05,-0.0017863,-0.0020712,0.00082093,-0.0020203,1
0.0011112,9.1947e-05,-0.0018193,-0.0021172,0.00086084,-0.0020196,1
0.0011562,0.00011736,-0.001857,-0.0021207,0.00086005,-0.0019796,1
0.0011533,5.0565e-05,-0.0018604,-0.0020286,0.00078025,-0.0019811,1
0.0012062,4.4034e-05,-0.001876,-0.0018499,0.00070299,-0.0019337,1
0.0012625,9.1441e-06,-0.0019004,-0.0017118,0.00058327,-0.0019359,1
0.0013302,2.4935e-05,-0.0019431,-0.0014877,0.0004697,-0.0019353,1
0.0013547,3.3077e-05,-0.001943,-0.001313,0.00048632,-0.0020155,1
0.0014334,5.3381e-05,-0.0018923,-0.0012242,0.00049681,-0.0020985,1
0.001456,0.00012015,-0.0018567,-0.0012178,0.00050194,-0.0022245,1
0.0015233,0.0001576,-0.00182,-0.0012156,0.00050988,-0.0023564,1
0.0015498,0.00016568,-0.0017612,-0.0012127,0.00051424,-0.0024423,1
0.0015841,0.00014647,-0.0017153,-0.0012106,0.00052219,-0.0025742,1
0.0016156,0.00011546,-0.0016934,-0.0010819,0.00057872,-0.0026537,1
0.0016019,0.00011633,-0.0016653,-0.00099237,0.00058562,-0.0026909,1
0.0016294,8.3496e-05,-0.0016905,-0.00090643,0.00059176,-0.002688,1
0.0015898,5.8135e-05,-0.0016899,-0.00082048,0.00059789,-0.0026851,1
0.0015872,2.7618e-05,-0.0016909,-0.00073454,0.00060402,-0.0026822,1
0.0015908,2.8549e-05,-0.0016935,-0.00064859,0.00061016,-0.0026794,1
0.0015949,2.9256e-05,-0.0017127,-0.00064859,0.00061016,-0.0026794,1
0.0015721,2.2662e-05,-0.0017395,-0.00064859,0.00061016,-0.0026794,1
0.0015698,2.8154e-05,-0.0017599,-0.00065473,0.0006961,-0.002675,1
0.0015391,-2.6381e-05,-0.0017534,-0.00066087,0.00078204,-0.0026707,1
0.0015314,-2.2015e-05,-0.0017591,-0.00066701,0.00086798,-0.0026663,1
0.0014894,-5.5804e-05,-0.0017415,-0.00058106,0.00087412,-0.0026634,1
0.0014917,-2.085e-05,-0.0016809,-0.00040918,0.00088638,-0.0026577,1
0.0014665,3.2421e-06,-0.0016372,-0.0002373,0.00089864,-0.0026519,1
0.0014568,1.8919e-06,-0.0015808,-0.00010532,0.00086487,-0.0026498,1
0.001409,-1.1717e-05,-0.0015536,-2.2243e-05,0.00086664,-0.002561,1
0.0013762,-3.7745e-05,-0.0015147,6.3694e-05,0.00087277,-0.0025581,1
0.0013662,-6.9649e-05,-0.0014879,0.00010973,0.00083287,-0.0025588,1
0.0013507,-6.8816e-05,-0.0014407,0.00020542,0.00075384,-0.0026003,1
0.0013079,-9.9481e-05,-0.0014279,0.00024859,0.00070958,-0.0025151,1
0.0013179,-9.7846e-05,-0.0014783,0.00016265,0.00070345,-0.002518,1
0.0013112,-6.3189e-05,-0.0014694,0.00016265,0.00070345,-0.002518,1
0.0013442,-4.6933e-05,-0.001516,0.00011661,0.00074335,-0.0025172,1
0.001324,-5.7085e-05,-0.001501,0.00011661,0.00074335,-0.0025172,1
0.0013477,-5.469e-05,-0.0015356,0.00011661,0.00074335,-0.0025172,1
0.00138,-1.6155e-05,-0.0015302,0.00011661,0.00074335,-0.0025172,1
0.0013444,-7.2532e-06,-0.0015187,0.00011661,0.00074335,-0.0025172,1
0.001377,1.4261e-06,-0.0015197,0.00016265,0.00070345,-0.002518,1
0.0013777,2.2824e-06,-0.0015645,0.00017165,0.00062186,-0.0026083,1
0.0013951,8.3973e-06,-0.0015683,0.00018065,0.00054028,-0.0026986,1
0.0014415,2.1974e-05,-0.0015796,0.00018352,0.00054464,-0.0027845,1
0.0015099,4.2083e-05,-0.0015534,0.00022629,0.00059503,-0.0028669,1
0.0015305,2.9822e-05,-0.0015336,0.00014035,0.0005889,-0.0028698,1
0.0015646,9.262e-06,-0.00156,5.3659e-05,0.00058635,-0.0029186,1
0.0015645,-3.9661e-06,-0.0015483,5.6524e-05,0.00059071,-0.0030045,1
0.0016008,-3.4404e-07,-0.0015901,5.9389e-05,0.00059507,-0.0030905,1
0.0016214,6.3954e-06,-0.0016025,0.00010829,0.00055952,-0.0031772,0.99999
0.0016542,1.7429e-05,-0.0015608,0.00011116,0.00056388,-0.0032631,0.99999
0.0017318,4.0378e-05,-0.0015511,6.7237e-05,0.00061173,-0.0033942,0.99999
0.001804,6.0885e-05,-0.0015501,6.3967e-05,0.00070203,-0.0034759,0.99999
0.0017974,6.0063e-05,-0.0015762,6.6832e-05,0.00070639,-0.0035618,0.99999
0.0018015,3.3467e-05,-0.0015425,0.00015564,0.00071688,-0.0036449,0.99999
0.0018001,3.6611e-05,-0.0015649,0.00016539,0.00063171,-0.0036893,0.99999
0.0018026,-1.106e-05,-0.0015823,0.00016539,0.00063171,-0.0036893,0.99999
0.0018017,-1.1123e-05,-0.0015717,0.00020529,0.00067775,-0.0036857,0.99999
0.0018053,-1.0234e-05,-0.0015743,0.00029123,0.00068389,-0.0036828,0.99999
0.001811,2.1401e-05,-0.0015594,0.00037717,0.00069002,-0.0036799,0.99999
0.0018112,3.9613e-05,-0.0015575,0.00046311,0.00069615,-0.0036771,0.99999
0.0018302,4.1471e-05,-0.0015563,0.00054905,0.00070228,-0.0036742,0.99999
0.0018358,7.3101e-05,-0.0015414,0.00063499,0.00070842,-0.0036713,0.99999
0.0018051,7.557e-05,-0.0015006,0.00072093,0.00071455,-0.0036684,0.99999
0.0017962,7.3593e-05,-0.0014833,0.00063499,0.00070842,-0.0036713,0.99999
0.0017956,7.3094e-05,-0.0014953,0.00054292,0.00078823,-0.0036698,0.99999
0.001822,7.7701e-05,-0.0014893,0.00062195,0.00088388,-0.0037085,0.99999
0.0018593,7.5414e-05,-0.0014665,0.00070253,0.00097238,-0.0036554,0.99999
0.0018896,8.3162e-05,-0.0014787,0.00070253,0.00097238,-0.0036554,0.99999
0.0019088,8.7669e-05,-0.0015456,0.00052988,0.00096369,-0.003707,0.99999
0.0019374,9.5592e-05,-0.0015932,0.00052662,0.001054,-0.0037887,0.99999
0.0019489,0.00014517,-0.0015741,0.00056939,0.0011044,-0.003871,0.99999
0.0019212,0.00018273,-0.0015413,0.00052622,0.0011487,-0.0039562,0.99999
0.0019582,0.00022273,-0.0015017,0.00053522,0.0010671,-0.0040465,0.99999
0.0020391,0.00030982,-0.0014372,0.00054422,0.00098549,-0.0041368,0.99999
0.0021284,0.00041446,-0.0013497,0.00054306,0.0010837,-0.0043503,0.99999
0.0022501,0.00055273,-0.0012078,0.00050563,0.0011367,-0.0046075,0.99999
0.0024151,0.00072676,-0.0010916,0.00055126,0.0011915,-0.0047758,0.99999
0.0025206,0.00087497,-0.00094582,0.00051633,0.0011577,-0.0049972,0.99999
0.0027036,0.0010281,-0.00086823,0.00051593,0.0012524,-0.0051648,0.99999
0.0028784,0.001213,-0.00077416,0.00042883,0.0013445,-0.0053811,0.99998
0.0030628,0.0013833,-0.0006567,0.0004712,0.0014896,-0.0056311,0.99998
0.0032036,0.0016131,-0.00048691,0.00064478,0.0016044,-0.0059247,0.99998
0.0034013,0.0017828,-0.00033952,0.00078286,0.0016705,-0.0062162,0.99998
0.0035467,0.0019649,-0.00010617,0.00091653,0.0017393,-0.0065135,0.99998
0.0036719,0.0021075,0.00011282,0.0011247,0.0019825,-0.0067533,0.99997
0.003802,0.0022514,0.00038508,0.0012831,0.0022649,-0.0069522,0.99997
0.0038976,0.0023687,0.00069611,0.0015319,0.0025507,-0.0071427,0.99997
0.0040236,0.0025117,0.00099474,0.0017824,0.0027532,-0.0073431,0.99997
0.0041019,0.002608,0.0012696,0.0020337,0.0029522,-0.0074977,0.99997
0.004235,0.0027267,0.0015444,0.002377,0.0030714,-0.0076537,0.99996
0.0043365,0.0028632,0.0017845,0.0025884,0.0032244,-0.0078119,0.99996
0.0043825,0.0029967,0.0020191,0.002757,0.0033269,-0.0078877,0.99996
0.0044499,0.0030692,0.0021916,0.0029166,0.0035111,-0.0078733,0.99996
0.0044884,0.0030825,0.0023508,0.0030791,0.0036996,-0.0079448,0.99996
0.0045019,0.0030985,0.0024419,0.0031589,0.0037916,-0.0079376,0.99996
0.004538,0.0030908,0.0025347,0.0031926,0.0039236,-0.0079296,0.99996
0.0044552,0.0030507,0.002631,0.0032325,0.0039697,-0.007926,0.99996
0.00444,0.0029729,0.0026655,0.0031865,0.0040096,-0.0079253,0.99996
0.0043324,0.0028614,0.0026945,0.0031315,0.0041311,-0.0078342,0.99996
0.0042202,0.00274,0.002603,0.0030896,0.0040772,-0.0077061,0.99996
0.0041192,0.0026508,0.002484,0.002997,0.0040658,-0.0075828,0.99996
0.0040208,0.0025272,0.0023153,0.0028264,0.0039554,-0.0073752,0.99996
0.0038906,0.0023843,0.0021116,0.0026459,0.00393,-0.0071231,0.99996
0.0037096,0.0021973,0.001893,0.0024707,0.0038222,-0.006921,0.99997
0.0035741,0.0020119,0.0016793,0.002208,0.0037916,-0.006712,0.99997
0.0034064,0.0017651,0.001421,0.0019045,0.0037185,-0.0065524,0.99997
0.0032565,0.0015657,0.0011388,0.0016043,0.003555,-0.0063111,0.99997
0.0031853,0.001333,0.00082129,0.0012211,0.0033898,-0.0061586,0.99997
0.0031,0.0011399,0.0005567,0.00096366,0.0032767,-0.0059997,0.99998
0.0030269,0.00098605,0.00027332,0.00066921,0.003122,-0.0059304,0.99998
0.002986,0.00081371,-1.4873e-05,0.00042079,0.0029274,-0.0058617,0.99998
0.0029579,0.00069002,-0.00026061,0.00012633,0.0027726,-0.0057924,0.99998
0.0029397,0.00055747,-0.00052728,-0.00012283,0.0025815,-0.0057696,0.99998
0.0029258,0.00041366,-0.00068248,-0.00012283,0.0025815,-0.0057696,0.99998
0.0029847,0.00031719,-0.00091755,-0.00036838,0.0023912,-0.0057869,0.99998
0.0030831,0.00025738,-0.0010658,-0.00053126,0.0022974,-0.005883,0.99998
0.0031733,0.00026818,-0.001225,-0.00061107,0.0022053,-0.0058902,0.99998
0.0032641,0.00025268,-0.0013193,-0.00073477,0.0021611,-0.0060285,0.99998
0.0034133,0.00022168,-0.0014505,-0.00085418,0.0021141,-0.0061612,0.99998
0.0035426,0.00024033,-0.0015065,-0.0008459,0.0020361,-0.0062973,0.99998
0.0037327,0.00028489,-0.0015921,-0.00088294,0.0019944,-0.0063869,0.99998
0.003891,0.00034783,-0.0015689,-0.00091998,0.0019527,-0.0064765,0.99998
0.0040767,0.0004587,-0.0014843,-0.0009204,0.0020474,-0.0066441,0.99998
0.0043133,0.00057893,-0.0014268,-0.00092082,0.0021421,-0.0068117,0.99997
0.0045785,0.00070785,-0.0013278,-0.00088818,0.0023723,-0.0070171,0.99997
0.0048649,0.00085279,-0.0011746,-0.00084941,0.0025165,-0.0072269,0.99997
0.0052188,0.00098124,-0.0010935,-0.00075488,0.0025357,-0.0074819,0.99997
0.0055803,0.0011452,-0.00096758,-0.00069412,0.002423,-0.0077449,0.99997
0.0059764,0.0013304,-0.00081498,-0.00067398,0.0022677,-0.0080573,0.99996
0.0064515,0.0014996,-0.0005524,-0.00068381,0.0025386,-0.0083022,0.99996
0.0069671,0.0017379,-0.00022487,-0.00070335,0.0028947,-0.0085026,0.99996
0.0076472,0.0019251,0.00011999,-0.00064238,0.0033393,-0.00865,0.99996
0.0084174,0.0021559,0.00041633,-0.0007715,0.0033774,-0.0087381,0.99996
0.0092735,0.0023639,0.00068664,-0.00076322,0.0032993,-0.0088741,0.99995
0.010201,0.0026699,0.0010425,-0.00062551,0.0032743,-0.0090439,0.99995
0.01117,0.002995,0.0013573,-0.00044349,0.0031068,-0.0089151,0.99996
0.012099,0.0033124,0.0017528,-0.00017724,0.0028428,-0.0084841,0.99996
0.013075,0.0036956,0.0021975,0.00014934,0.0028411,-0.0079566,0.99996
0.014144,0.0041344,0.002713,0.00059022,0.0030599,-0.0073682,0.99997
0.01537,0.0045953,0.0032263,0.0011573,0.0034221,-0.0068951,0.99997
0.016619,0.0050452,0.0037791,0.0017513,0.0040057,-0.0064555,0.99997
0.017922,0.0055347,0.0043382,0.0023575,0.0044175,-0.0060246,0.99997
0.019207,0.0060113,0.0048894,0.0028839,0.0047371,-0.0056009,0.99997
0.020579,0.0065486,0.0054211,0.0033203,0.0051443,-0.0053076,0.99997
0.021992,0.0071053,0.006034,0.00389,0.0056057,-0.005088,0.99996
0.023474,0.0076512,0.0067024,0.0045031,0.0060373,-0.0050067,0.99996
0.024966,0.0081702,0.0074124,0.004995,0.0064144,-0.0049261,0.99995
0.026447,0.0086995,0.0081885,0.005438,0.006827,-0.0047589,0.99995
0.028015,0.0092158,0.0090092,0.0056114,0.0072985,-0.004424,0.99995
0.0296,0.0097309,0.009873,0.0056368,0.0079747,-0.0040425,0.99994
0.031256,0.010313,0.010792,0.0059188,0.0093245,-0.0037502,0.99993
0.032936,0.010864,0.011783,0.0063334,0.010732,-0.0035773,0.99992
0.034727,0.011398,0.012721,0.0067705,0.011788,-0.0032901,0.9999
0.036522,0.011954,0.013767,0.0072303,0.012493,-0.0028883,0.99989
0.038374,0.012499,0.014785,0.0076176,0.012935,-0.0025083,0.99988
0.040254,0.013054,0.015864,0.0079096,0.013548,-0.0022085,0.99987
0.042191,0.013605,0.016965,0.0081147,0.014239,-0.0019012,0.99986
0.044247,0.014194,0.018103,0.008211,0.014993,-0.0012546,0.99985
0.046124,0.014661,0.019198,0.0079557,0.015802,-0.00048327,0.99984
0.048075,0.015179,0.020283,0.0074374,0.01669,0.00010586,0.99983
0.050036,0.015662,0.021238,0.006877,0.017618,0.00065583,0.99982
0.051972,0.016138,0.022338,0.0067462,0.018577,0.0012201,0.9998
0.053952,0.016597,0.023442,0.0069748,0.019484,0.0015797,0.99978
0.055965,0.017086,0.024588,0.0073521,0.020293,0.0015473,0.99977
0.058098,0.017549,0.025645,0.007493,0.02083,0.0014073,0.99975
0.060248,0.018008,0.02657,0.0074772,0.021187,0.0011669,0.99975
0.062416,0.018451,0.027488,0.0072519,0.021398,0.0009527,0.99974
0.06531,0.018915,0.028351,0.0070582,0.02183,0.00071095,0.99974
0.067468,0.019259,0.02919,0.0068025,0.022376,0.00068604,0.99973
0.06967,0.019617,0.030034,0.00649,0.023037,0.00088418,0.99971
0.071877,0.020029,0.0309,0.0059434,0.023895,0.0011259,0.9997
0.074184,0.020488,0.031681,0.0054853,0.02486,0.0011171,0.99968
0.076883,0.020937,0.032536,0.0054749,0.025691,0.00094192,0.99965
0.079239,0.021344,0.033396,0.0058731,0.02634,0.00064298,0.99964
0.081637,0.021756,0.034181,0.0064216,0.026698,0.00033309,0.99962
0.08406,0.022165,0.035004,0.0068087,0.026865,0.00014074,0.99962
0.08653,0.022549,0.035748,0.007014,0.027104,-1.3095e-05,0.99961
0.089128,0.022984,0.036384,0.006991,0.02755,-0.00029517,0.9996
0.091761,0.02342,0.037039,0.0069629,0.028079,-0.00052687,0.99958
0.094446,0.023815,0.037575,0.0066706,0.028489,-0.00047378,0.99957
0.097102,0.024292,0.038081,0.0060476,0.028796,-0.00056237,0.99957
0.099883,0.024752,0.038449,0.0053895,0.029068,-0.0008725,0.99956
0.10285,0.025205,0.038822,0.0047826,0.029216,-0.0012337,0.99956
0.10562,0.025617,0.03915,0.0043514,0.029378,-0.0016292,0.99956
0.10839,0.026045,0.039549,0.0040509,0.029604,-0.002236,0.99955
0.11125,0.026531,0.039937,0.0036734,0.029743,-0.0029359,0.99955
0.11418,0.027001,0.040346,0.0034407,0.029768,-0.0037641,0.99954
0.11654,0.027441,0.040705,0.0033449,0.029771,-0.0048079,0.99954
0.11956,0.027832,0.041076,0.0035627,0.029667,-0.0058883,0.99954
0.12255,0.02819,0.041435,0.003875,0.029396,-0.0069343,0.99954
0.12556,0.028552,0.041749,0.004096,0.029202,-0.0079331,0.99953
0.12859,0.028895,0.042016,0.004142,0.029087,-0.0090193,0.99953
0.13097,0.029313,0.042217,0.0039171,0.029128,-0.010151,0.99952
0.13406,0.029601,0.042438,0.003566,0.029212,-0.011457,0.9995
0.13679,0.029387,0.04279,0.0031778,0.029254,-0.012853,0.99948
0.13993,0.029651,0.042954,0.002746,0.029248,-0.014212,0.99947
0.14307,0.029938,0.043119,0.0022722,0.02919,-0.015443,0.99945
0.14752,0.030068,0.043191,0.0017557,0.02908,-0.016591,0.99944
0.15062,0.030381,0.04331,0.0014111,0.028983,-0.017734,0.99942
0.15374,0.030753,0.043537,0.0015047,0.028929,-0.01912,0.9994
0.15682,0.031042,0.043829,0.0017278,0.028929,-0.02054,0.99937
0.15985,0.03131,0.04403,0.0018255,0.028783,-0.021799,0.99935
0.16356,0.031374,0.044246,0.0017354,0.028794,-0.023014,0.99932
0.16649,0.03159,0.044431,0.0014673,0.028879,-0.024231,0.99929
0.16943,0.031709,0.044586,0.0010248,0.029039,-0.02549,0.99925
0.17233,0.031884,0.044657,0.00041006,0.029096,-0.026633,0.99922
0.17519,0.032016,0.044688,-0.00024131,0.029016,-0.027698,0.9992
0.17813,0.032113,0.044789,-0.0010027,0.029179,-0.02858,0.99917
0.1808,0.032252,0.04489,-0.0016355,0.029398,-0.029542,0.99913
0.18349,0.032365,0.044965,-0.0021815,0.02962,-0.030455,0.99909
0.18611,0.032465,0.045091,-0.0025496,0.029769,-0.031368,0.99906
0.18873,0.032517,0.045197,-0.0029083,0.029742,-0.032202,0.99903
0.19183,0.032397,0.045231,-0.0034024,0.029746,-0.032998,0.99901
0.19434,0.032447,0.045319,-0.0039391,0.029792,-0.033835,0.99898
0.19682,0.032491,0.045315,-0.0044364,0.029887,-0.034712,0.99894
0.19933,0.03251,0.045259,-0.004835,0.029813,-0.03555,0.99891
0.20177,0.032489,0.045142,-0.0050426,0.029491,-0.036351,0.99889
0.20424,0.032423,0.045028,-0.0052997,0.029207,-0.03711,0.99887
0.20656,0.032395,0.044829,-0.0056579,0.029085,-0.037776,0.99885
0.20894,0.032341,0.04451,-0.0062003,0.029122,-0.038441,0.99882
0.21118,0.032233,0.044183,-0.0069175,0.029143,-0.039025,0.99879
0.21342,0.032093,0.04381,-0.0074136,0.028488,-0.039638,0.99878
0.21609,0.031764,0.043429,-0.0077349,0.02785,-0.04033,0.99877
0.21814,0.031578,0.043081,-0.00789,0.027214,-0.040845,0.99876
0.22001,0.031333,0.042758,-0.0079249,0.026715,-0.041304,0.99876
0.22185,0.031,0.042494,-0.0080605,0.026282,-0.041504,0.99876
0.2235,0.030658,0.042318,-0.0085614,0.02673,-0.041669,0.99874
0.22483,0.030408,0.042141,-0.0089179,0.02688,-0.041716,0.99873
0.22636,0.030071,0.042046,-0.0091792,0.026953,-0.041807,0.99872
0.22783,0.029674,0.041989,-0.0092994,0.02691,-0.041986,0.99871
0.22917,0.029341,0.042032,-0.0092385,0.026705,-0.042126,0.99871
0.23046,0.029027,0.042127,-0.009177,0.026495,-0.042177,0.99872
0.23037,0.029286,0.042264,-0.0091988,0.026193,-0.042238,0.99872
0.23153,0.029112,0.042419,-0.0092171,0.025891,-0.042296,0.99873
0.23264,0.029007,0.042602,-0.009079,0.025771,-0.042298,0.99873
0.23368,0.028923,0.04286,-0.0088243,0.02588,-0.042371,0.99873
0.23445,0.028874,0.043283,-0.0083331,0.02626,-0.042335,0.99872
0.23519,0.028876,0.043485,-0.0080901,0.025886,-0.042303,0.99874
0.23591,0.028934,0.043602,-0.0078866,0.025371,-0.042106,0.99876
0.23655,0.02896,0.043585,-0.0076957,0.024938,-0.041822,0.99878
0.23717,0.028939,0.043427,-0.0074185,0.024601,-0.041614,0.9988
0.23769,0.028813,0.043267,-0.0071475,0.024349,-0.041401,0.99882
0.237,0.02897,0.043181,-0.0068858,0.024182,-0.041143,0.99884
0.23734,0.028706,0.043092,-0.0066241,0.024108,-0.041008,0.99885
0.23761,0.028495,0.043067,-0.0063263,0.024172,-0.040995,0.99885
0.23789,0.028295,0.043062,-0.0061059,0.024243,-0.041243,0.99884
0.23809,0.028133,0.043032,-0.0060091,0.024269,-0.041629,0.99882
0.23828,0.028065,0.042966,-0.006124,0.02433,-0.042147,0.9988
0.23835,0.02801,0.042922,-0.006285,0.024338,-0.042542,0.99878
0.23831,0.027964,0.042817,-0.0065466,0.024505,-0.0428,0.99876
0.23835,0.027947,0.042693,-0.0067931,0.024504,-0.043154,0.99874
0.23831,0.027927,0.042525,-0.0070026,0.024453,-0.043294,0.99874
0.23806,0.027933,0.042252,-0.0071622,0.024269,-0.043308,0.99874
0.23785,0.027862,0.042061,-0.0072173,0.024391,-0.043217,0.99874
0.23763,0.027769,0.041901,-0.0072414,0.02464,-0.043032,0.99874
0.23735,0.027688,0.041712,-0.0072346,0.025017,-0.042753,0.99875
0.23707,0.027616,0.041515,-0.0073048,0.025306,-0.042568,0.99875
0.23598,0.027795,0.041292,-0.0074491,0.025511,-0.042561,0.99874
0.23553,0.027748,0.041047,-0.0076638,0.025449,-0.042485,0.99874
0.23503,0.027761,0.040788,-0.007746,0.025258,-0.042239,0.99876
0.23446,0.027734,0.040599,-0.0077664,0.025322,-0.041804,0.99877
0.23382,0.027683,0.040371,-0.0078019,0.025645,-0.041398,0.99878
0.23185,0.028098,0.040162,-0.0077486,0.025887,-0.040952,0.9988
0.23125,0.028032,0.039931,-0.0077812,0.026123,-0.040509,0.99881
0.2306,0.027972,0.039697,-0.0078909,0.026271,-0.040159,0.99882
0.22996,0.027908,0.039442,-0.0081786,0.026493,-0.039811,0.99882
0.22932,0.027895,0.039168,-0.0086016,0.026839,-0.039547,0.99882
0.2285,0.027938,0.03891,-0.0091477,0.027138,-0.039376,0.99881
0.22785,0.027908,0.038628,-0.0095992,0.027364,-0.039336,0.99881
0.22722,0.027827,0.038436,-0.009829,0.027469,-0.039165,0.99881
0.22646,0.027731,0.038296,-0.0097728,0.027715,-0.038805,0.99881
0.22568,0.027608,0.038287,-0.00952,0.028279,-0.038463,0.99881
0.22507,0.027436,0.038327,-0.0091042,0.028937,-0.038026,0.99882
0.22436,0.027292,0.038327,-0.0085412,0.029393,-0.03768,0.99882
0.22361,0.027133,0.038437,-0.0077854,0.02961,-0.037473,0.99883
0.22278,0.026978,0.038583,-0.006977,0.029699,-0.037225,0.99884
0.22187,0.026809,0.038694,-0.0062175,0.029824,-0.036891,0.99885
0.22095,0.026624,0.038694,-0.0056422,0.030108,-0.036555,0.99886
0.21992,0.02644,0.038667,-0.0052911,0.030414,-0.036096,0.99887
0.21882,0.026205,0.0386,-0.0050677,0.030658,-0.035468,0.99889
0.21766,0.025943,0.038498,-0.0048354,0.030729,-0.034808,0.99891
0.2164,0.025683,0.038449,-0.0043946,0.030855,-0.034097,0.99893
0.21526,0.025361,0.038438,-0.0035761,0.03123,-0.033488,0.99894
0.21399,0.025071,0.038612,-0.0022418,0.031734,-0.032985,0.99895
0.21266,0.024733,0.038827,-0.00060609,0.032303,-0.03251,0.99895
0.21135,0.024411,0.039034,0.00095238,0.032692,-0.032006,0.99895
0.20998,0.024044,0.039254,0.0020503,0.032924,-0.03161,0.99896
0.20907,0.023586,0.039352,0.0027788,0.032921,-0.03137,0.99896
0.20767,0.023284,0.039311,0.0031882,0.03255,-0.031159,0.99898
0.20617,0.023045,0.039219,0.0036958,0.032013,-0.030954,0.999
0.2046,0.022775,0.0392,0.0044545,0.031487,-0.030613,0.99903
0.203,0.022473,0.039204,0.0052735,0.031302,-0.030075,0.99904
0.20108,0.02224,0.039287,0.0061971,0.031423,-0.029432,0.99905
0.19935,0.021975,0.039352,0.0073197,0.031868,-0.028938,0.99905
0.1976,0.021715,0.0395,0.0086232,0.032243,-0.028528,0.99904
0.19584,0.021448,0.039582,0.0097546,0.032049,-0.02824,0.99904
0.19403,0.021189,0.039581,0.01047,0.031755,-0.028274,0.99904
0.19222,0.020948,0.039409,0.010596,0.031345,-0.028551,0.99904
0.19039,0.020731,0.039047,0.010484,0.030571,-0.028813,0.99906
0.18844,0.020505,0.038661,0.010502,0.029756,-0.028942,0.99908
0.18646,0.020274,0.03842,0.010969,0.029362,-0.029076,0.99909
0.18431,0.019982,0.038329,0.01187,0.029463,-0.028952,0.99908
0.18205,0.019692,0.038322,0.013086,0.02993,-0.028758,0.99905
0.1798,0.019458,0.038305,0.014272,0.030361,-0.028781,0.99902
0.17758,0.019303,0.038122,0.015086,0.030553,-0.028873,0.999
0.17535,0.019257,0.037812,0.015583,0.030477,-0.029248,0.99899
0.17308,0.019166,0.037418,0.015891,0.030096,-0.029863,0.99897
0.17087,0.01911,0.036964,0.01621,0.029736,-0.030867,0.99895
0.16856,0.018969,0.03654,0.016706,0.029294,-0.031738,0.99893
0.16613,0.018734,0.036213,0.017528,0.028943,-0.032204,0.99891
0.16365,0.018478,0.036064,0.018571,0.02903,-0.032466,0.99888
0.16115,0.018201,0.036078,0.019845,0.029566,-0.03274,0.99883
0.15873,0.01777,0.036103,0.021304,0.029943,-0.033015,0.99878
0.15632,0.017605,0.035943,0.022673,0.029846,-0.033491,0.99874
0.15395,0.017471,0.035637,0.023986,0.029314,-0.033992,0.9987
0.15148,0.017343,0.035321,0.024994,0.028705,-0.034248,0.99869
0.14883,0.01728,0.035039,0.025761,0.028474,-0.034622,0.99866
0.14622,0.017237,0.034754,0.026392,0.028276,-0.034958,0.99864
0.14358,0.017111,0.034476,0.027067,0.027936,-0.034995,0.99863
0.14083,0.016931,0.034341,0.028027,0.027824,-0.034881,0.99861
0.13819,0.016704,0.03432,0.029236,0.028006,-0.035088,0.99856
0.13566,0.016498,0.034265,0.030647,0.028048,-0.035683,0.9985
0.13421,0.016162,0.03405,0.03211,0.027508,-0.036697,0.99843
0.13184,0.015903,0.033652,0.03341,0.026222,-0.037756,0.99838
0.12935,0.015617,0.03314,0.034481,0.024295,-0.038424,0.99837
0.12669,0.015324,0.03267,0.035656,0.022578,-0.038818,0.99835
0.12405,0.01506,0.032324,0.037052,0.021489,-0.039344,0.99831
0.12142,0.014758,0.032218,0.038635,0.020887,-0.039836,0.99824
0.11887,0.014378,0.032239,0.04023,0.020776,-0.040563,0.99815
0.11639,0.01398,0.032367,0.041914,0.020861,-0.041665,0.99803
0.11405,0.013556,0.032473,0.043428,0.021036,-0.04307,0.99791
0.1117,0.013099,0.032528,0.044769,0.021192,-0.044352,0.99779
0.10964,0.012571,0.032508,0.045908,0.021302,-0.044954,0.99771
0.10708,0.012074,0.032598,0.047068,0.021702,-0.045279,0.99763
0.10459,0.011526,0.032728,0.048398,0.022215,-0.045895,0.99753
0.10208,0.01095,0.032854,0.050229,0.022452,-0.046376,0.99741
0.099516,0.010385,0.033183,0.052404,0.022629,-0.046892,0.99727
0.0971,0.0098401,0.033555,0.054561,0.022784,-0.047884,0.9971
0.094589,0.009346,0.033833,0.056307,0.022848,-0.049371,0.99693
0.092106,0.0088662,0.033866,0.057287,0.022702,-0.051157,0.99679
0.089429,0.0083808,0.033856,0.057845,0.022593,-0.051702,0.99673
0.08641,0.007738,0.034036,0.058672,0.023079,-0.051603,0.99668
0.083423,0.0071986,0.034295,0.059349,0.02404,-0.0517,0.99661
0.08065,0.0067305,0.034455,0.059725,0.024848,-0.051731,0.99656
0.077949,0.006176,0.034601,0.059971,0.025319,-0.052172,0.99651
0.075344,0.005638,0.034916,0.060196,0.025778,-0.053262,0.99643
0.072793,0.0051442,0.035289,0.060483,0.026229,-0.054998,0.99631
0.070369,0.0047495,0.035569,0.060391,0.02662,-0.05783,0.99614
0.068108,0.0043915,0.035599,0.059723,0.026741,-0.061259,0.99597
0.065551,0.0039563,0.035491,0.058966,0.026741,-0.063229,0.9959
0.062472,0.0034629,0.035661,0.058966,0.026741,-0.063229,0.9959
0.059325,0.003125,0.035908,0.058719,0.027294,-0.063382,0.99589
0.056621,0.0028593,0.036125,0.058841,0.028645,-0.063393,0.99584
0.053532,0.0025587,0.036314,0.059073,0.030216,-0.063302,0.99579
0.050339,0.0022264,0.036517,0.059272,0.031554,-0.062922,0.99576
0.047092,0.0018103,0.036703,0.059281,0.032587,-0.062781,0.99573
0.043825,0.0013501,0.036707,0.058766,0.033206,-0.062897,0.99573
0.040609,0.00088767,0.036683,0.057649,0.033705,-0.063171,0.99577
0.037232,0.00030903,0.036789,0.056368,0.034468,-0.062877,0.99583
0.033967,-0.00020097,0.036974,0.055185,0.03571,-0.062509,0.99588
0.030783,-0.00078369,0.037181,0.054105,0.037257,-0.062036,0.99591
0.027619,-0.0012674,0.037379,0.053102,0.038708,-0.061262,0.99596
0.024551,-0.0017193,0.037506,0.052126,0.039909,-0.06063,0.996
0.021452,-0.002115,0.037516,0.051208,0.040897,-0.060007,0.99604
0.018408,-0.0026102,0.037443,0.050454,0.041798,-0.06003,0.99604
0.015392,-0.0030841,0.037381,0.049946,0.04243,-0.060403,0.99602
0.012413,-0.0036118,0.03725,0.049246,0.042753,-0.060929,0.99601
0.010082,-0.0039778,0.037181,0.048526,0.043045,-0.060854,0.99604
0.0070495,-0.0044235,0.037184,0.047989,0.043728,-0.060535,0.99605
0.0040447,-0.0049015,0.03733,0.047553,0.0448,-0.060062,0.99605
0.0011672,-0.0053471,0.03734,0.046839,0.046026,-0.059591,0.99606
-0.001631,-0.0057798,0.037141,0.045583,0.047094,-0.05932,0.99609
-0.0043023,-0.0062337,0.036623,0.043891,0.047758,-0.059389,0.99613
-0.0070714,-0.0067033,0.035992,0.042004,0.048204,-0.059692,0.99617
-0.0098976,-0.0072726,0.035555,0.040894,0.048708,-0.060094,0.99616
-0.012626,-0.0078222,0.035245,0.040612,0.049318,-0.060589,0.99612
-0.015421,-0.0084051,0.035,0.040696,0.049608,-0.061088,0.99607
-0.01817,-0.0089078,0.03476,0.040619,0.049615,-0.061349,0.99605
-0.020969,-0.0094466,0.034569,0.040448,0.04961,-0.061485,0.99605
-0.023839,-0.0099771,0.034446,0.040116,0.049873,-0.061138,0.99608
-0.026699,-0.010518,0.03432,0.039698,0.050498,-0.060342,0.99611
-0.029464,-0.01112,0.034122,0.038966,0.051139,-0.059471,0.99616
-0.032329,-0.011831,0.033867,0.038203,0.051642,-0.058435,0.99622
-0.034908,-0.012572,0.033658,0.037704,0.052082,-0.057522,0.99627
-0.037377,-0.01333,0.033655,0.037772,0.052523,-0.056719,0.99629
-0.039707,-0.01411,0.033747,0.038039,0.052725,-0.056051,0.99631
-0.041878,-0.014899,0.033868,0.038329,0.052679,-0.055568,0.99633
-0.043806,-0.015585,0.034102,0.038717,0.052656,-0.055426,0.99632
-0.045751,-0.016307,0.034283,0.039007,0.052799,-0.055278,0.99631
-0.047713,-0.016977,0.034526,0.03913,0.052846,-0.055185,0.99631
-0.049659,-0.017574,0.034806,0.039215,0.052846,-0.055052,0.99631
-0.051608,-0.018138,0.035093,0.03928,0.052916,-0.054614,0.99633
-0.053694,-0.018716,0.035364,0.039158,0.053047,-0.05392,0.99637
-0.055708,-0.019274,0.035598,0.038818,0.053207,-0.053277,0.99641
-0.057685,-0.019851,0.035792,0.038787,0.053542,-0.053087,0.9964
-0.05966,-0.020551,0.03601,0.039226,0.054044,-0.053001,0.99636
-0.061773,-0.021243,0.03629,0.0398,0.054322,-0.052533,0.99635
-0.064089,-0.022004,0.036551,0.040091,0.054275,-0.05205,0.99636
-0.066282,-0.02269,0.036743,0.039991,0.054247,-0.051623,0.99639
-0.0685,-0.023346,0.036967,0.039612,0.05455,-0.051274,0.99641
-0.070774,-0.024026,0.037206,0.038943,0.055178,-0.05092,0.99642
-0.073054,-0.024781,0.037385,0.037932,0.055871,-0.050615,0.99643
-0.075423,-0.025636,0.03741,0.036798,0.056523,-0.050534,0.99644
-0.077798,-0.026418,0.037522,0.035909,0.057364,-0.050434,0.99643
-0.080302,-0.027163,0.03777,0.035607,0.058499,-0.050167,0.99639
-0.080778,-0.026881,0.03836,0.035536,0.059439,-0.050032,0.99634
-0.083453,-0.027489,0.038405,0.035165,0.059472,-0.049482,0.99638
-0.088568,-0.029293,0.038012,0.034752,0.059548,-0.048974,0.99642
-0.091378,-0.030002,0.037892,0.034005,0.059427,-0.048445,0.99648
-0.094249,-0.030775,0.037811,0.033039,0.059429,-0.04809,0.99653
-0.094776,-0.030468,0.038158,0.031894,0.059506,-0.047781,0.99657
-0.097848,-0.031384,0.03813,0.030578,0.059945,-0.047157,0.99662
-0.10319,-0.033473,0.037523,0.02923,0.06034,-0.046534,0.99666
-0.10619,-0.034269,0.037332,0.027737,0.060757,-0.045744,0.99672
-0.10924,-0.035015,0.037018,0.026002,0.060795,-0.044592,0.99681
-0.10996,-0.034379,0.0373,0.02423,0.060697,-0.043363,0.99692
-0.11294,-0.035064,0.03682,0.022546,0.060609,-0.042217,0.99701
-0.11818,-0.037113,0.035333,0.0209,0.060562,-0.04098,0.9971
-0.12118,-0.037874,0.034787,0.019419,0.060611,-0.039732,0.99718
-0.12404,-0.038701,0.034346,0.018215,0.061071,-0.038496,0.99722
-0.12471,-0.038343,0.03471,0.017078,0.061787,-0.037067,0.99725
-0.1275,-0.039319,0.034391,0.015961,0.062711,-0.035499,0.99727
-0.13142,-0.041175,0.03354,0.014973,0.063692,-0.034009,0.99728
-0.13365,-0.041977,0.033344,0.013958,0.06436,-0.032364,0.9973
-0.13565,-0.042841,0.033038,0.013062,0.06461,-0.030825,0.99735
-0.13595,-0.042821,0.032967,0.012285,0.064535,-0.029558,0.9974
-0.13736,-0.043704,0.032459,0.012055,0.06435,-0.028753,0.99744
-0.13953,-0.045248,0.031064,0.012295,0.06434,-0.028228,0.99745
-0.14054,-0.045979,0.030968,0.012927,0.064406,-0.027769,0.99745
-0.14134,-0.046537,0.031016,0.013593,0.064603,-0.027302,0.99744
-0.14138,-0.046599,0.031165,0.014213,0.064941,-0.027133,0.99742
-0.14187,-0.046936,0.031245,0.01488,0.065334,-0.027132,0.99738
-0.1419,-0.046961,0.031401,0.015572,0.065383,-0.027104,0.99737
-0.14192,-0.046971,0.031428,0.016124,0.064997,-0.02728,0.99738
-0.14182,-0.046972,0.031409,0.016608,0.064444,-0.02764,0.9974
-0.14175,-0.046954,0.031454,0.016994,0.064056,-0.027994,0.99741
-0.14162,-0.046976,0.031489,0.017413,0.063895,-0.028508,0.9974
-0.14142,-0.046947,0.031585,0.017952,0.063966,-0.029178,0.99736
-0.14083,-0.046644,0.031779,0.018571,0.064128,-0.029795,0.99732
-0.14056,-0.046515,0.031868,0.019228,0.06433,-0.030323,0.99728
-0.14043,-0.046447,0.031885,0.019521,0.064673,-0.030727,0.99724
-0.14018,-0.046209,0.03192,0.019548,0.06508,-0.03105,0.99721
-0.13997,-0.045986,0.031915,0.019264,0.065502,-0.031254,0.99718
-0.13965,-0.04563,0.031946,0.018652,0.065639,-0.031397,0.99717
-0.13924,-0.045209,0.032037,0.017743,0.065618,-0.031386,0.99719
-0.13918,-0.045084,0.031852,0.016955,0.06574,-0.031494,0.9972
-0.13891,-0.044852,0.031977,0.016547,0.066204,-0.031827,0.99716
-0.1383,-0.044412,0.032221,0.016531,0.066656,-0.032235,0.99712
-0.13798,-0.044228,0.03228,0.016607,0.066932,-0.032477,0.99709
-0.13768,-0.04397,0.032395,0.01664,0.067159,-0.032637,0.99707
-0.13766,-0.043915,0.032406,0.016707,0.067422,-0.03262,0.99705
-0.13703,-0.043407,0.032598,0.016615,0.067502,-0.032619,0.99705
-0.13666,-0.043045,0.032691,0.01641,0.067359,-0.032633,0.99706
-0.13624,-0.042674,0.032684,0.016257,0.06709,-0.032653,0.99708
-0.1358,-0.042313,0.032694,0.016102,0.066822,-0.032717,0.9971
-0.13567,-0.042186,0.032545,0.015995,0.066608,-0.032904,0.99711
-0.13526,-0.041888,0.0327,0.016206,0.06676,-0.033062,0.99709
-0.13485,-0.041572,0.0329,0.01646,0.066963,-0.033302,0.99706
-0.13439,-0.041249,0.033097,0.016841,0.067216,-0.033491,0.99703
-0.13345,-0.040562,0.033447,0.017058,0.067282,-0.033653,0.99702
-0.13334,-0.040441,0.033361,0.017164,0.067036,-0.033794,0.99703
-0.13273,-0.039989,0.033404,0.017245,0.066666,-0.034026,0.99705
-0.13199,-0.039491,0.033372,0.017246,0.06621,-0.034441,0.99706
-0.13056,-0.038548,0.03345,0.017275,0.065972,-0.034843,0.99706
-0.12917,-0.037628,0.033724,0.01729,0.065899,-0.035105,0.99706
-0.12908,-0.037532,0.033638,0.017207,0.065898,-0.035194,0.99706
-0.12829,-0.037007,0.033843,0.017294,0.065998,-0.035314,0.99704
-0.12653,-0.035883,0.034395,0.017563,0.066494,-0.035365,0.99701
-0.12555,-0.035245,0.034706,0.017972,0.066965,-0.035541,0.99696
-0.12453,-0.03458,0.035029,0.018357,0.067133,-0.035779,0.99693
-0.12436,-0.034449,0.034953,0.018645,0.066911,-0.036127,0.99693
-0.12335,-0.03383,0.035207,0.018804,0.066633,-0.036396,0.99694
-0.12231,-0.033202,0.035417,0.018862,0.066516,-0.036573,0.99694
-0.12064,-0.032215,0.035602,0.018743,0.066379,-0.036584,0.99695
-0.11853,-0.030926,0.036297,0.018486,0.066267,-0.036426,0.99697
-0.11842,-0.030813,0.036049,0.018128,0.066227,-0.036183,0.99698
-0.11727,-0.030103,0.03636,0.017795,0.066583,-0.035957,0.99697
-0.11616,-0.029421,0.036739,0.017454,0.066932,-0.035649,0.99697
-0.11497,-0.02872,0.037113,0.016992,0.067232,-0.035344,0.99697
-0.11367,-0.02801,0.037342,0.016326,0.067395,-0.035228,0.99697
-0.11235,-0.027264,0.037561,0.01544,0.067127,-0.035447,0.997
-0.11094,-0.026485,0.037705,0.014557,0.066863,-0.035751,0.99702
-0.10952,-0.025753,0.037904,0.013792,0.066825,-0.036082,0.99702
-0.10773,-0.024758,0.038069,0.012968,0.066905,-0.036235,0.99702
-0.10638,-0.024039,0.038255,0.012011,0.066919,-0.036136,0.99703
-0.105,-0.023261,0.038457,0.010996,0.067055,-0.035992,0.99704
-0.1036,-0.0225,0.038719,0.0099712,0.067362,-0.035793,0.99704
-0.10219,-0.021763,0.039047,0.0091453,0.067898,-0.035576,0.99702
-0.10079,-0.021016,0.039363,0.0085847,0.068269,-0.035142,0.99701
-0.099249,-0.020225,0.039714,0.0081705,0.068629,-0.035136,0.99699
-0.097665,-0.019412,0.040148,0.0081606,0.0689,-0.03538,0.99696
-0.096086,-0.018659,0.040574,0.0084219,0.069016,-0.03558,0.99695
-0.094443,-0.017941,0.04089,0.0087195,0.069079,-0.035567,0.99694
-0.092425,-0.017047,0.041094,0.0086706,0.069114,-0.035481,0.99694
-0.090652,-0.016229,0.041373,0.0085662,0.069366,-0.03547,0.99692
-0.088872,-0.015399,0.041664,0.0084499,0.069694,-0.035283,0.99691
-0.087078,-0.014481,0.041949,0.0084597,0.069979,-0.034922,0.9969
-0.085264,-0.013578,0.042272,0.0088602,0.070246,-0.034505,0.99689
-0.083346,-0.012581,0.042626,0.0095373,0.070462,-0.034382,0.99688
-0.081443,-0.01167,0.042902,0.010191,0.070471,-0.034489,0.99687
-0.079558,-0.010837,0.043077,0.010685,0.070392,-0.034823,0.99685
-0.077564,-0.010103,0.043227,0.011073,0.070659,-0.035314,0.99681
-0.075524,-0.0093964,0.043382,0.01128,0.071091,-0.035889,0.99676
-0.073494,-0.008661,0.043538,0.011363,0.071471,-0.036426,0.99671
-0.071287,-0.0077993,0.043668,0.011402,0.071706,-0.036757,0.99668
-0.068965,-0.0068369,0.043689,0.011656,0.071908,-0.036997,0.99666
-0.066633,-0.0057906,0.043662,0.011858,0.072142,-0.037064,0.99663
-0.064269,-0.0047289,0.043624,0.012129,0.072542,-0.036903,0.99661
-0.061899,-0.003727,0.043591,0.012441,0.072988,-0.036693,0.99658
-0.059498,-0.0028067,0.043601,0.012711,0.073484,-0.036744,0.99654
-0.057139,-0.0020147,0.043757,0.013204,0.073955,-0.036786,0.9965
-0.054822,-0.0012551,0.043943,0.013667,0.074115,-0.036762,0.99648
-0.052548,-0.00046864,0.044143,0.013874,0.074162,-0.036536,0.99648
-0.050119,0.00037736,0.044283,0.013862,0.074144,-0.036192,0.99649
-0.047652,0.0012805,0.044444,0.013955,0.074619,-0.036032,0.99646
-0.045199,0.0022089,0.044533,0.013946,0.075255,-0.035825,0.99642
-0.042839,0.0031188,0.044559,0.013548,0.075719,-0.035294,0.99641
-0.040415,0.0039547,0.044617,0.012903,0.076084,-0.034818,0.99641
-0.037838,0.0047909,0.044763,0.012555,0.076707,-0.03484,0.99637
-0.035307,0.005627,0.045077,0.012954,0.077353,-0.035093,0.9963
-0.032873,0.0064072,0.045342,0.013596,0.077628,-0.035314,0.99626
-0.03034,0.0073028,0.045472,0.014267,0.077474,-0.035646,0.99625
-0.027772,0.0081604,0.04559,0.014838,0.077021,-0.036126,0.99626
-0.025308,0.0090524,0.04576,0.01539,0.076636,-0.036302,0.99628
-0.022889,0.0098776,0.04586,0.015758,0.076316,-0.036308,0.9963
-0.020448,0.010633,0.045935,0.015796,0.076262,-0.03605,0.99631
-0.018063,0.011327,0.046061,0.015372,0.076509,-0.035488,0.99632
-0.015709,0.011931,0.046236,0.014907,0.077076,-0.034521,0.99632
-0.012908,0.01261,0.046427,0.014517,0.077914,-0.033666,0.99629
-0.01027,0.013293,0.046704,0.014362,0.078656,-0.033154,0.99625
-0.0075311,0.014,0.047057,0.014553,0.078965,-0.033,0.99622
-0.0047826,0.014679,0.047392,0.014925,0.07865,-0.033092,0.99624
-0.0020713,0.015242,0.047683,0.014979,0.077879,-0.033177,0.9963
0.00055401,0.015741,0.047915,0.014672,0.077153,-0.032925,0.99637
0.0032041,0.016258,0.04811,0.013853,0.076763,-0.032326,0.99643
0.0058106,0.01675,0.048296,0.012416,0.076861,-0.031116,0.99648
0.0084561,0.017269,0.048385,0.010158,0.077308,-0.029394,0.99652
0.011184,0.017865,0.048448,0.0074349,0.078149,-0.027624,0.99653
0.01445,0.018597,0.048628,0.0049532,0.079548,-0.026199,0.99647
0.017561,0.019231,0.049061,0.0034439,0.08115,-0.025814,0.99636
0.020781,0.019848,0.049574,0.0032127,0.082189,-0.026196,0.99627
0.02385,0.02036,0.050027,0.0035328,0.082194,-0.026749,0.99625
0.026907,0.0208,0.050338,0.003869,0.081478,-0.027469,0.99629
0.030055,0.021258,0.050662,0.0042464,0.080718,-0.028193,0.99633
0.033157,0.021724,0.050944,0.0048527,0.080402,-0.028795,0.99633
0.036263,0.022233,0.051278,0.0054387,0.080338,-0.029254,0.99632
0.039391,0.022698,0.051578,0.0058399,0.080339,-0.029587,0.99631
0.042463,0.023106,0.052006,0.0059287,0.08035,-0.02967,0.99631
0.045477,0.023485,0.052444,0.005733,0.080491,-0.029323,0.99631
0.048458,0.023791,0.052909,0.0053303,0.080945,-0.028575,0.99629
0.051409,0.024062,0.053344,0.0047131,0.081891,-0.027634,0.99625
0.054471,0.024414,0.053838,0.0041872,0.082948,-0.02703,0.99618
0.057572,0.024745,0.054271,0.0039189,0.083466,-0.026533,0.99615
0.061834,0.025111,0.054668,0.0039226,0.083281,-0.026284,0.99617
0.064935,0.02544,0.054947,0.003994,0.082709,-0.025967,0.99623
0.067804,0.02571,0.055225,0.0038825,0.082012,-0.025145,0.99631
0.070683,0.02592,0.055513,0.0036338,0.081989,-0.024159,0.99633
0.073474,0.026111,0.055941,0.003121,0.082684,-0.023228,0.9963
0.076371,0.026307,0.056421,0.0023685,0.083755,-0.022371,0.99623
0.079316,0.026516,0.056965,0.001523,0.08454,-0.021964,0.99618
0.082345,0.026784,0.057581,0.00097343,0.084834,-0.021751,0.99616
0.085393,0.027011,0.058175,0.00079663,0.084623,-0.02125,0.99619
0.088394,0.027274,0.058752,0.00083525,0.084474,-0.02078,0.99621
0.091778,0.027519,0.05942,0.00098415,0.084638,-0.020376,0.9962
0.094737,0.027723,0.060034,0.0010694,0.084908,-0.019623,0.99619
0.097796,0.02791,0.060672,0.001065,0.085358,-0.019121,0.99617
0.10091,0.027985,0.061294,0.00086038,0.08577,-0.018974,0.99613
0.104,0.02797,0.062016,0.00063923,0.085699,-0.018771,0.99614
0.10743,0.027895,0.062629,0.00065764,0.085442,-0.018784,0.99617
0.11062,0.027894,0.063245,0.00098524,0.085267,-0.019129,0.99617
0.11378,0.027873,0.063723,0.0011776,0.085216,-0.019557,0.99617
0.11685,0.027876,0.064143,0.0012376,0.085105,-0.019866,0.99617
0.11995,0.027901,0.064365,0.0010373,0.085067,-0.02022,0.99617
0.12304,0.027898,0.0645,0.0007405,0.085104,-0.020576,0.99616
0.12612,0.027845,0.064679,0.0010006,0.084666,-0.020937,0.99619
0.12918,0.027716,0.064677,0.0013495,0.084049,-0.021091,0.99624
0.13209,0.02743,0.064807,0.0013495,0.084049,-0.021091,0.99624
0.13503,0.02707,0.06485,0.0014558,0.081855,-0.021124,0.99642
0.1379,0.026651,0.064783,0.0012189,0.080286,-0.021175,0.99655
0.14068,0.02616,0.064473,0.001024,0.078579,-0.021064,0.99668
0.1432,0.025555,0.06434,0.00077773,0.076996,-0.020902,0.99681
0.14556,0.024884,0.064373,0.00077773,0.076996,-0.020902,0.99681
0.14781,0.024265,0.064115,-0.00052884,0.074668,-0.021117,0.99698
0.15004,0.023701,0.063967,-0.0015326,0.073617,-0.021471,0.99705
0.1523,0.023175,0.063726,-0.0024799,0.072444,-0.021827,0.99713
0.15463,0.022819,0.063361,-0.0032525,0.071286,-0.022262,0.9972
0.15685,0.022558,0.063181,-0.0032525,0.071286,-0.022262,0.9972
0.15921,0.022379,0.06252,-0.004399,0.06878,-0.02309,0.99735
0.15942,0.022622,0.06212,-0.0048272,0.067645,-0.023469,0.99742
0.16152,0.0224,0.061843,-0.0049247,0.0668,-0.024039,0.99746
0.16338,0.022168,0.061708,-0.0048249,0.066273,-0.024582,0.99749
0.16513,0.021843,0.061665,-0.0048249,0.066273,-0.024582,0.99749
0.16694,0.021648,0.061687,-0.0048732,0.065949,-0.025123,0.99749
0.1692,0.021544,0.061769,-0.0050336,0.066436,-0.026443,0.99743
0.17086,0.021523,0.06181,-0.0050336,0.066436,-0.026443,0.99743
0.17258,0.021631,0.061674,-0.0054448,0.065979,-0.027389,0.99743
0.1742,0.021703,0.061475,-0.005755,0.065267,-0.028304,0.99745
0.17559,0.021805,0.061317,-0.005936,0.064516,-0.029131,0.99747
0.17691,0.021837,0.061015,-0.0060824,0.0638,-0.029737,0.9975
0.17792,0.021827,0.060847,-0.0060038,0.063432,-0.030058,0.99752
0.17873,0.021791,0.060845,-0.0057764,0.064717,-0.030324,0.99743
0.17936,0.021705,0.060946,-0.0054787,0.066176,-0.030537,0.99733
0.17988,0.021648,0.061085,-0.0050518,0.067596,-0.030661,0.99723
0.18021,0.021617,0.061159,-0.00484,0.068304,-0.030703,0.99718
0.1805,0.021616,0.061067,-0.004947,0.067994,-0.030678,0.9972
0.18069,0.021571,0.060922,-0.0051067,0.067811,-0.030693,0.99721
0.18065,0.021571,0.060915,-0.005227,0.067675,-0.030749,0.99722
0.18048,0.021615,0.060981,-0.0051288,0.067509,-0.030755,0.99723
0.17966,0.0218,0.061047,-0.0048277,0.067482,-0.03066,0.99724
0.1793,0.021816,0.061201,-0.0045318,0.067445,-0.030349,0.99725
0.17895,0.02182,0.061293,-0.0043464,0.067651,-0.0299,0.99725
0.17853,0.021783,0.06141,-0.0041233,0.067992,-0.02944,0.99724
0.17813,0.02176,0.06153,-0.003781,0.068471,-0.029013,0.99722
0.17778,0.02174,0.061551,-0.0035279,0.069034,-0.028671,0.9972
0.17739,0.021739,0.061589,-0.0034439,0.06959,-0.02842,0.99716
0.17706,0.021776,0.061555,-0.0036039,0.069963,-0.028364,0.99714
0.17668,0.021788,0.061431,-0.00392,0.070157,-0.028363,0.99712
0.1762,0.021819,0.06127,-0.0041341,0.070094,-0.028242,0.99713
0.17561,0.021818,0.061233,-0.0041459,0.070171,-0.028065,0.99713
0.17496,0.021768,0.061318,-0.0038374,0.070518,-0.027647,0.99712
0.17432,0.021749,0.061473,-0.0033754,0.071134,-0.027209,0.99709
0.17366,0.021685,0.061728,-0.0027037,0.071802,-0.02663,0.99706
0.17301,0.021602,0.062062,-0.0017686,0.072496,-0.026214,0.99702
0.17253,0.021495,0.062441,-0.00089887,0.073122,-0.026236,0.99698
0.17195,0.021465,0.062778,8.0188e-05,0.073507,-0.026485,0.99694
0.17132,0.021477,0.063146,0.0009913,0.073723,-0.026919,0.99691
0.17065,0.021471,0.063414,0.0015994,0.073772,-0.027025,0.99691
0.1698,0.021532,0.063675,0.0021401,0.073924,-0.026741,0.9969
0.16879,0.021599,0.063989,0.0028449,0.074263,-0.026438,0.99688
0.16786,0.021565,0.064336,0.003801,0.074799,-0.026289,0.99684
0.16684,0.021518,0.064785,0.0050515,0.075489,-0.026209,0.99679
0.16583,0.021458,0.065232,0.0064895,0.076118,-0.02634,0.99673
0.16483,0.021451,0.065683,0.0079022,0.076439,-0.026448,0.99669
0.16247,0.021737,0.06605,0.0091047,0.076804,-0.026864,0.99664
0.16136,0.021725,0.066381,0.010019,0.077024,-0.027383,0.9966
0.16021,0.021706,0.066639,0.010543,0.077167,-0.027745,0.99658
0.159,0.021676,0.066893,0.011123,0.077283,-0.028367,0.99654
0.15766,0.021635,0.067138,0.012128,0.077423,-0.028932,0.9965
0.15678,0.021392,0.067505,0.013511,0.077617,-0.029089,0.99647
0.1553,0.021256,0.067821,0.015049,0.077989,-0.029189,0.99641
0.15383,0.021176,0.068181,0.016405,0.078521,-0.029242,0.99635
0.15235,0.021064,0.068564,0.017458,0.07908,-0.029433,0.99628
0.15078,0.020906,0.068901,0.018352,0.079462,-0.029816,0.99622
0.14958,0.020729,0.06915,0.019264,0.079772,-0.030371,0.99616
0.14795,0.020569,0.069401,0.020066,0.080418,-0.030912,0.99608
0.14618,0.020394,0.069636,0.020766,0.08113,-0.031193,0.996
0.14442,0.020163,0.069753,0.021071,0.081757,-0.031191,0.99594
0.14249,0.019962,0.069855,0.02134,0.082252,-0.031241,0.99589
0.14067,0.019672,0.069883,0.022016,0.082562,-0.031286,0.99585
0.13864,0.019402,0.070025,0.023341,0.083061,-0.0316,0.99577
0.13651,0.019128,0.070236,0.025374,0.083357,-0.03212,0.99568
0.13438,0.018895,0.070373,0.027319,0.083367,-0.033,0.9956
0.13219,0.018699,0.070321,0.028632,0.083031,-0.034012,0.99555
0.1298,0.018425,0.070065,0.02921,0.082497,-0.034627,0.99556
0.12722,0.018087,0.069817,0.029273,0.082101,-0.034388,0.9956
0.12451,0.017652,0.069677,0.029406,0.082431,-0.033889,0.99559
0.12179,0.017131,0.069705,0.030045,0.083061,-0.033441,0.99553
0.11914,0.016462,0.06985,0.031066,0.083203,-0.033138,0.9955
0.11698,0.015761,0.070095,0.032573,0.082697,-0.032982,0.9955
0.11427,0.015128,0.070351,0.034488,0.082015,-0.033126,0.99548
0.1116,0.014457,0.070777,0.036657,0.08153,-0.033335,0.99544
0.10888,0.013831,0.071271,0.038601,0.081159,-0.033589,0.99539
0.1061,0.013286,0.071668,0.040199,0.080761,-0.03377,0.99535
0.10307,0.012776,0.072003,0.041411,0.080291,-0.033881,0.99533
0.10014,0.012248,0.072256,0.042555,0.07983,-0.033433,0.99534
0.097097,0.011777,0.072635,0.044015,0.079822,-0.032992,0.99529
0.094111,0.011282,0.073108,0.045909,0.080036,-0.032867,0.99519
0.091274,0.010813,0.073507,0.047781,0.080046,-0.033102,0.99509
0.08787,0.010329,0.073762,0.049366,0.079548,-0.033893,0.99503
0.085015,0.0097768,0.073957,0.050576,0.078717,-0.03463,0.99501
0.082211,0.0093192,0.07414,0.051228,0.077898,-0.035517,0.99501
0.079377,0.0088658,0.074094,0.051447,0.076953,-0.03621,0.99505
0.076423,0.0082815,0.074121,0.051868,0.075951,-0.036337,0.9951
0.07148,0.0077708,0.07429,0.052471,0.074978,-0.036802,0.99512
0.068578,0.0071668,0.074486,0.053227,0.073907,-0.037699,0.99513
0.065753,0.0065487,0.074674,0.054135,0.072833,-0.039195,0.9951
0.063354,0.0066581,0.074424,0.05496,0.071487,-0.041399,0.99507
0.060514,0.0061285,0.074452,0.055654,0.069723,-0.044151,0.99503
0.057064,0.0056255,0.074218,0.056218,0.067615,-0.046235,0.99505
0.053578,0.0050962,0.074049,0.056972,0.065788,-0.046696,0.99511
0.049818,0.0045872,0.073951,0.057559,0.064881,-0.046767,0.99513
0.0459,0.0040656,0.073846,0.057841,0.064731,-0.045988,0.99516
0.042008,0.0036119,0.073787,0.057967,0.064854,-0.044766,0.9952
0.038251,0.0031569,0.07373,0.05808,0.065159,-0.043795,0.99522
0.034608,0.0026317,0.073737,0.05844,0.065374,-0.043251,0.99521
0.031095,0.0020327,0.073634,0.058884,0.064584,-0.043278,0.99523
0.027645,0.0014444,0.073446,0.059386,0.063215,-0.043767,0.99527
0.024134,0.00087787,0.073116,0.059824,0.061949,-0.043776,0.99532
0.018742,2.6588e-05,0.072921,0.060335,0.061227,-0.043322,0.99536
0.014962,-0.00057135,0.072806,0.060757,0.061317,-0.041918,0.99539
0.011166,-0.0012435,0.072871,0.061053,0.061906,-0.040275,0.9954
0.0074021,-0.0018694,0.072908,0.061105,0.062223,-0.038743,0.99544
0.0037127,-0.0024109,0.072976,0.061005,0.062733,-0.036947,0.99548
-0.00012885,-0.0029654,0.072972,0.060611,0.063095,-0.035213,0.99554
-0.0036601,-0.0034272,0.072876,0.060068,0.063567,-0.034125,0.99558
-0.0070321,-0.0039732,0.07273,0.059903,0.063742,-0.033516,0.9956
-0.010295,-0.0045869,0.072552,0.059845,0.063764,-0.033172,0.99562
-0.013492,-0.0052617,0.07244,0.059632,0.063702,-0.033096,0.99564
-0.016407,-0.0060771,0.072382,0.059299,0.063876,-0.03271,0.99566
-0.019396,-0.0069621,0.072448,0.058856,0.064287,-0.032012,0.99568
-0.022397,-0.0077961,0.07263,0.058084,0.06487,-0.030883,0.99572
-0.025223,-0.0084933,0.072721,0.056957,0.065424,-0.029685,0.99579
-0.027887,-0.0090131,0.072851,0.055842,0.06609,-0.028998,0.99583
-0.029825,-0.0092153,0.072921,0.054932,0.066628,-0.028916,0.99584
-0.03227,-0.0095662,0.072944,0.054147,0.066941,-0.029316,0.99586
-0.034697,-0.009929,0.072908,0.05358,0.066945,-0.029338,0.99588
-0.037174,-0.010347,0.072846,0.052951,0.066866,-0.02863,0.99594
-0.039637,-0.010706,0.072861,0.052295,0.067025,-0.02752,0.996
-0.042273,-0.011075,0.072873,0.051388,0.067453,-0.026104,0.99606
-0.044531,-0.011331,0.072957,0.050303,0.068045,-0.024725,0.99611
-0.046586,-0.011615,0.073018,0.049266,0.068697,-0.023601,0.99614
-0.048474,-0.011926,0.073161,0.048715,0.069354,-0.022806,0.99614
-0.050202,-0.012239,0.07338,0.048376,0.069612,-0.022416,0.99615
-0.051849,-0.012589,0.073486,0.048209,0.069416,-0.022173,0.99618
-0.053373,-0.012904,0.073588,0.048078,0.069166,-0.021673,0.99621
-0.054841,-0.013237,0.073668,0.047873,0.069193,-0.020769,0.99624
-0.056249,-0.013576,0.07388,0.04742,0.069489,-0.019513,0.99626
-0.057431,-0.013748,0.073788,0.046582,0.068232,-0.018057,0.99642
-0.058363,-0.013844,0.073686,0.045985,0.068733,-0.016795,0.99643
-0.059238,-0.013989,0.073862,0.045611,0.069215,-0.015699,0.99643
-0.059868,-0.014104,0.074053,0.045646,0.069705,-0.015063,0.99641
-0.06032,-0.014245,0.074318,0.046002,0.070116,-0.01503,0.99636
-0.060666,-0.014416,0.0746,0.0466,0.070334,-0.015081,0.99632
-0.060868,-0.014451,0.074769,0.047177,0.070255,-0.015281,0.9963
-0.061007,-0.014407,0.074849,0.047416,0.069973,-0.015375,0.9963
-0.061029,-0.014257,0.074871,0.047434,0.06971,-0.015256,0.99632
-0.061022,-0.014074,0.074969,0.047356,0.069434,-0.01506,0.99635
-0.060975,-0.013887,0.07509,0.047172,0.069405,-0.014722,0.99636
-0.060709,-0.01368,0.075282,0.047163,0.06948,-0.0145,0.99636
-0.060511,-0.013505,0.075485,0.047502,0.069593,-0.01457,0.99634
-0.060346,-0.013361,0.07571,0.048063,0.06968,-0.014675,0.9963
-0.06014,-0.013208,0.075883,0.048603,0.069554,-0.014833,0.99628
-0.059843,-0.012996,0.075959,0.04883,0.069449,-0.015049,0.99628
-0.059195,-0.01269,0.075924,0.048898,0.069252,-0.015317,0.99628
-0.058807,-0.012516,0.075763,0.048666,0.068993,-0.015642,0.99631
-0.05838,-0.012336,0.075517,0.048265,0.068633,-0.015938,0.99635
-0.057966,-0.012214,0.075335,0.04771,0.06856,-0.016136,0.99637
-0.05758,-0.012076,0.075237,0.047349,0.068891,-0.016303,0.99637
-0.057063,-0.011929,0.075157,0.047235,0.069413,-0.016537,0.99633
-0.056617,-0.011752,0.075169,0.047735,0.069898,-0.016882,0.99627
-0.056126,-0.011604,0.075097,0.048467,0.070186,-0.017316,0.99621
-0.055667,-0.011456,0.075077,0.04912,0.070288,-0.01759,0.99616
-0.055263,-0.011305,0.074924,0.0493,0.070313,-0.017842,0.99615
-0.054856,-0.011168,0.074689,0.04902,0.070084,-0.01795,0.99617
-0.054455,-0.011068,0.074422,0.048425,0.069776,-0.017817,0.99623
-0.054193,-0.01104,0.074135,0.04762,0.069316,-0.017526,0.9963
-0.053872,-0.011027,0.073857,0.046888,0.069033,-0.017223,0.99636
-0.053611,-0.010994,0.073646,0.046409,0.068947,-0.017029,0.99639
-0.052915,-0.010893,0.073441,0.046403,0.069027,-0.016893,0.99639
-0.052612,-0.010898,0.073286,0.046613,0.069173,-0.01692,0.99637
-0.052333,-0.010904,0.073119,0.046872,0.069194,-0.016997,0.99636
-0.052072,-0.010841,0.072894,0.047013,0.069079,-0.017085,0.99636
-0.051774,-0.010755,0.072518,0.046715,0.068462,-0.017259,0.99641
-0.051672,-0.010767,0.072187,0.046378,0.067799,-0.017437,0.99647
-0.051455,-0.0107,0.071822,0.045973,0.06734,-0.017479,0.99652
-0.051309,-0.010703,0.071653,0.045744,0.06754,-0.017475,0.99651
-0.051196,-0.010743,0.071597,0.045715,0.067879,-0.017372,0.99649
-0.051061,-0.010732,0.071544,0.045696,0.06813,-0.017227,0.99648
-0.050639,-0.010638,0.071493,0.045671,0.068378,-0.017042,0.99647
-0.05046,-0.010616,0.07139,0.045449,0.068404,-0.017006,0.99648
-0.050263,-0.0106,0.071288,0.045152,0.068341,-0.017019,0.99649
-0.050041,-0.010587,0.07115,0.04485,0.068275,-0.016991,0.99651
-0.049827,-0.010636,0.071015,0.044383,0.068207,-0.017141,0.99654
-0.049633,-0.010713,0.070934,0.043963,0.068105,-0.017424,0.99656
-0.049414,-0.010788,0.070917,0.043709,0.068188,-0.017686,0.99656
-0.049174,-0.010866,0.070937,0.043358,0.068347,-0.017907,0.99656
-0.048892,-0.010916,0.070964,0.043086,0.068598,-0.01812,0.99655
-0.048589,-0.010927,0.071042,0.042988,0.068859,-0.018282,0.99653
-0.048812,-0.01106,0.071112,0.042847,0.069075,-0.018493,0.99652
-0.048553,-0.011059,0.071172,0.042926,0.069261,-0.018653,0.9965
-0.048344,-0.011078,0.071306,0.043048,0.069492,-0.018764,0.99648
-0.048157,-0.011084,0.071391,0.043075,0.069709,-0.018752,0.99646
-0.047993,-0.011028,0.071513,0.043023,0.069835,-0.018746,0.99645
-0.047844,-0.010981,0.071572,0.043056,0.069961,-0.018607,0.99645
-0.047712,-0.010916,0.071655,0.043132,0.069953,-0.018346,0.99645
-0.047637,-0.010908,0.071737,0.043336,0.069995,-0.018033,0.99644
-0.04756,-0.010841,0.071794,0.043553,0.069865,-0.017729,0.99645
-0.047529,-0.010845,0.071939,0.043556,0.06968,-0.017479,0.99646
-0.047567,-0.010852,0.07207,0.043547,0.069666,-0.017221,0.99647
-0.047476,-0.010784,0.072233,0.043657,0.069789,-0.016952,0.99646
-0.047453,-0.010763,0.072433,0.043812,0.069962,-0.01672,0.99645
-0.047394,-0.010743,0.0726,0.043846,0.069998,-0.016544,0.99645
-0.047258,-0.010706,0.072699,0.043924,0.070084,-0.016405,0.99644
-0.046318,-0.010413,0.07271,0.044061,0.070053,-0.016444,0.99643
-0.046208,-0.01034,0.072731,0.044061,0.070053,-0.016444,0.99643
-0.04607,-0.010253,0.072716,0.04397,0.070044,-0.016406,0.99644
-0.045932,-0.010154,0.072661,0.043796,0.070028,-0.016326,0.99645
-0.045798,-0.01008,0.072567,0.043528,0.070093,-0.01629,0.99646
-0.045634,-0.010004,0.072509,0.043219,0.070202,-0.016294,0.99646
-0.045515,-0.0099538,0.072491,0.04295,0.070268,-0.016258,0.99647
-0.04542,-0.0099229,0.072423,0.042696,0.070256,-0.016353,0.99648
-0.045257,-0.009885,0.072337,0.0427,0.07026,-0.016439,0.99648
-0.045161,-0.0098666,0.072251,0.042834,0.07023,-0.016523,0.99647
-0.045108,-0.0098386,0.07216,0.042969,0.0702,-0.016606,0.99647
-0.045033,-0.009848,0.072083,0.042969,0.0702,-0.016606,0.99647
-0.044969,-0.0097835,0.072016,0.042837,0.070235,-0.016609,0.99647
-0.044934,-0.0097646,0.071981,0.042654,0.0703,-0.016438,0.99648
-0.044859,-0.0097343,0.071973,0.042379,0.070356,-0.01623,0.99649
-0.044082,-0.0095082,0.071942,0.042189,0.070507,-0.016055,0.99649
-0.044025,-0.0095064,0.071923,0.042098,0.070492,-0.015886,0.9965
-0.04403,-0.0095425,0.071906,0.042094,0.070488,-0.0158,0.9965
-0.044017,-0.0095283,0.071881,0.042103,0.070401,-0.015759,0.99651
-0.044013,-0.0095258,0.071852,0.042103,0.070401,-0.015759,0.99651
-0.043978,-0.009516,0.071827,0.042235,0.070367,-0.015757,0.9965
-0.043918,-0.0094857,0.071769,0.04233,0.070291,-0.015845,0.9965
-0.04391,-0.009465,0.071704,0.042382,0.070165,-0.01585,0.99651
-0.043851,-0.0094406,0.07158,0.042251,0.07011,-0.015816,0.99652
-0.043766,-0.0094487,0.071558,0.04208,0.070099,-0.015822,0.99653
-0.043466,-0.0094071,0.071457,0.0419,0.070175,-0.015869,0.99653
-0.043353,-0.0094123,0.071379,0.041726,0.070254,-0.015956,0.99653
-0.043194,-0.0093952,0.071219,0.041368,0.070404,-0.016005,0.99653
-0.04304,-0.0093441,0.071066,0.040977,0.070512,-0.016098,0.99654
-0.042867,-0.0093376,0.070987,0.040659,0.070803,-0.01631,0.99653
-0.042,-0.0090851,0.070841,0.040432,0.071103,-0.01656,0.99651
-0.041813,-0.0090514,0.070748,0.04017,0.071183,-0.016828,0.99651
-0.041642,-0.009007,0.070546,0.039794,0.071124,-0.017015,0.99653
NaN,NaN,NaN,NaN,NaN,NaN,NaN
