0,0,0,-5.8878e-17,1.1102e-16,-5.8878e-17,1
0.00013469,-6.184e-05,-0.00014058,-2.3547e-05,-0.00029844,-0.0001824,1
0.00029643,-0.00015209,-0.00030023,-1.6056e-06,-0.00063753,-0.00036552,1
0.00039498,-0.00018033,-0.00047581,-7.6764e-05,-0.00081192,-0.00045835,1
0.00048827,-0.00023819,-0.00065428,-0.00015677,-0.00090019,-0.00054847,1
0.00063109,-0.00026604,-0.00079354,-0.00024362,-0.00090301,-0.00059521,1
0.00069358,-0.00031414,-0.00093733,-0.00036911,-0.00095065,-0.0006846,1
0.0008135,-0.00030078,-0.0011057,-0.0005304,-0.0011299,-0.00077871,1
0.00088863,-0.00036556,-0.0011915,-0.00077782,-0.001314,-0.00087409,1
0.00096087,-0.00047139,-0.0013736,-0.00098102,-0.0015414,-0.00088405,1
0.00099048,-0.00058336,-0.0014586,-0.0010623,-0.0016324,-0.00088804,1
0.0010026,-0.00068631,-0.0015427,-0.0012346,-0.0016421,-0.00089059,1
0.0010203,-0.00077141,-0.0015518,-0.0012801,-0.0016015,-0.00088986,1
0.00099702,-0.00081599,-0.0015695,-0.0012407,-0.0015587,-0.00080174,1
0.001021,-0.00083876,-0.0015553,-0.0011545,-0.0015539,-0.00080047,1
0.00099164,-0.00088615,-0.0015098,-0.0010684,-0.001549,-0.00079919,1
0.00097025,-0.00095985,-0.0015187,-0.0010181,-0.0016758,-0.00080263,1
0.0010337,-0.0010554,-0.0015771,-0.0011813,-0.0018557,-0.00085606,1
0.0010431,-0.0011499,-0.0016346,-0.0014706,-0.002088,-0.0008673,1
0.0010587,-0.001242,-0.0016872,-0.0017629,-0.0022335,-0.0009165,1
0.0010186,-0.0013122,-0.0016989,-0.0019709,-0.0023749,-0.00092376,0.99999
0.0010173,-0.0014048,-0.0016836,-0.0020116,-0.0024203,-0.00092575,0.99999
0.00099838,-0.0014229,-0.0015855,-0.0019709,-0.0023749,-0.00092376,0.99999
0.00099552,-0.0014887,-0.0015604,-0.0018848,-0.00237,-0.00092248,0.99999
0.00090821,-0.0015281,-0.0014497,-0.0018848,-0.00237,-0.00092248,0.99999
0.00086629,-0.0015342,-0.0013811,-0.0019709,-0.0023749,-0.00092376,0.99999
0.0008368,-0.0015284,-0.001355,-0.0020929,-0.0025113,-0.00092974,0.99999
0.00080238,-0.0015622,-0.0012944,-0.0021609,-0.0028634,-0.00085573,0.99999
0.00080823,-0.0016455,-0.0013151,-0.0023023,-0.0034792,-0.00075047,0.99999
0.00076792,-0.0017063,-0.0013332,-0.0023902,-0.0042256,-0.0005984,0.99999
0.00076479,-0.0017319,-0.0013239,-0.0021052,-0.0047331,-0.00043861,0.99999
0.00073708,-0.00175,-0.0012437,-0.0016151,-0.0050127,-0.00030952,0.99999
0.00081184,-0.0017457,-0.0010705,-0.00091636,-0.005146,-0.00030478,0.99999
0.00083067,-0.0017587,-0.00087204,-0.00030861,-0.0051981,-0.00029859,0.99999
0.00088067,-0.0017359,-0.00067433,0.00026607,-0.0053835,-0.0002923,0.99999
0.0010189,-0.0017503,-0.00053788,0.00067062,-0.005663,-0.00029608,0.99998
0.0011209,-0.0017421,-0.00045658,0.00090776,-0.0060384,-0.00030512,0.99998
0.0012883,-0.0017312,-0.00044672,0.0010588,-0.0064186,-0.00031543,0.99998
0.0013864,-0.0017324,-0.00044448,0.0010851,-0.0068488,-0.00036966,0.99998
0.0015791,-0.0016776,-0.00048804,0.0011093,-0.0072793,-0.00038324,0.99997
0.001746,-0.0015562,-0.00051756,0.001179,-0.0077505,-0.00039753,0.99997
0.001941,-0.0014522,-0.00064713,0.0013397,-0.008303,-0.00041327,0.99996
0.002133,-0.0014146,-0.00073087,0.0015873,-0.0088528,-0.00038227,0.99996
0.0023384,-0.0013851,-0.00075604,0.0021352,-0.0093399,-0.00043159,0.99995
0.0025257,-0.0014006,-0.00073595,0.0030255,-0.0098078,-0.00043516,0.99995
0.0026649,-0.0014323,-0.00068308,0.0040888,-0.010268,-0.00039072,0.99994
0.0027929,-0.0013939,-0.00065842,0.0052047,-0.010855,-0.00039037,0.99993
0.0029083,-0.0013875,-0.00061603,0.0061019,-0.011409,-0.00043732,0.99992
0.0030496,-0.0013243,-0.00061694,0.0069068,-0.011884,-0.00039669,0.99991
0.0031687,-0.0012437,-0.00055876,0.0078396,-0.012311,-0.00030732,0.99989
0.0033208,-0.0011359,-0.00053752,0.0087687,-0.012741,-9.1159e-05,0.99988
0.003492,-0.0010284,-0.0005891,0.0096213,-0.013348,0.00011829,0.99986
0.0036792,-0.00091117,-0.0006685,0.010611,-0.01408,0.00037106,0.99984
0.0039152,-0.00078269,-0.00078349,0.011783,-0.014973,0.00062094,0.99982
0.0041853,-0.00066254,-0.00087108,0.013351,-0.015971,0.00078631,0.99978
0.0044704,-0.00056243,-0.00099745,0.015192,-0.017127,0.00086884,0.99974
0.0048223,-0.00049124,-0.0010245,0.017544,-0.018161,0.00083004,0.99968
0.0051703,-0.00046417,-0.0010177,0.020192,-0.019047,0.00071362,0.99961
0.0054459,-0.0004388,-0.00091315,0.023003,-0.019753,0.00065069,0.99954
0.0058683,-0.00043887,-0.00083807,0.025847,-0.020238,0.00050906,0.99946
0.006159,-0.00037575,-0.00074544,0.028598,-0.020645,0.00045499,0.99938
0.0065438,-0.00028079,-0.00065341,0.031263,-0.021057,0.00039966,0.99929
0.0068976,-0.00022672,-0.00062179,0.033972,-0.021511,0.00042972,0.99919
0.0066284,-0.00028548,1.2466e-05,0.036692,-0.022141,0.00049985,0.99908
0.0069934,-0.00016427,0.00012091,0.039626,-0.022718,0.00062002,0.99896
0.0073514,-7.0677e-05,0.00016281,0.04263,-0.023122,0.00095973,0.99882
0.0073514,-7.0677e-05,0.00016281,0.04263,-0.023122,0.00095973,0.99882
0.0081497,0.0002027,0.00038131,0.049767,-0.023874,0.001711,0.99847
0.0086199,0.00035174,0.00048868,0.053615,-0.02453,0.0018452,0.99826
0.0091595,0.00049189,-9.94e-05,0.053615,-0.02453,0.0018452,0.99826
0.0096104,0.00051649,0.00058192,0.060801,-0.026693,0.0020846,0.99779
0.010177,0.0006129,0.00053426,0.064032,-0.027947,0.0022778,0.99755
0.010687,0.00069431,0.00055671,0.067111,-0.02873,0.0023118,0.99733
0.011223,0.00079221,7.2609e-05,0.067111,-0.02873,0.0023118,0.99733
0.011523,0.00081948,0.0002534,0.070049,-0.028869,0.0036176,0.99712
0.012097,0.00095184,0.00050204,0.07293,-0.028492,0.0035953,0.99692
0.012097,0.00095184,0.00050204,0.07293,-0.028492,0.0035953,0.99692
0.013442,0.0014923,0.0011643,0.079407,-0.026394,0.0032634,0.99649
0.014217,0.0018001,0.0014857,0.083204,-0.025264,0.0029371,0.99621
0.014853,0.0020215,0.001871,0.087063,-0.024353,0.0026958,0.9959
0.015527,0.0022493,0.0021604,0.090419,-0.023902,0.0025144,0.99561
0.01621,0.0025611,0.0022785,0.093069,-0.023967,0.002348,0.99537
0.016858,0.0029656,0.0024027,0.095328,-0.024019,0.0024357,0.99515
0.017445,0.0033065,0.0025449,0.097389,-0.023648,0.0024889,0.99496
0.018024,0.0036522,0.0027723,0.099595,-0.022748,0.0024748,0.99476
0.01864,0.0039239,0.003127,0.10209,-0.02161,0.0022996,0.99454
0.019344,0.0042147,0.0035371,0.10494,-0.020446,0.0018761,0.99427
0.020015,0.0045193,0.0040845,0.10844,-0.019381,0.0016756,0.99391
0.020015,0.0045193,0.0040845,0.10844,-0.019381,0.0016756,0.99391
0.021366,0.0051118,0.0051347,0.11683,-0.017176,0.0011423,0.993
0.02202,0.0054436,0.0056767,0.12125,-0.016189,0.00079355,0.99249
0.022766,0.0057878,0.0060543,0.12538,-0.015432,0.00042863,0.99199
0.023505,0.0061978,0.0063492,0.12897,-0.015103,0.000261,0.99153
0.024266,0.0065865,0.0065677,0.13192,-0.015027,0.00023959,0.99115
0.02499,0.0070512,0.0067388,0.13443,-0.014982,0.00038409,0.99081
0.02499,0.0070512,0.0067388,0.13443,-0.014982,0.00038409,0.99081
0.026329,0.0078532,0.0071422,0.1396,-0.014106,0.00065947,0.99011
0.026961,0.0082105,0.0075136,0.14267,-0.013161,0.00071323,0.98968
0.02763,0.0085308,0.0079892,0.14611,-0.011978,0.00069823,0.98919
0.02763,0.0085308,0.0079892,0.14611,-0.011978,0.00069823,0.98919
0.029097,0.0093396,0.0091378,0.15378,-0.0091222,0.00010008,0.98806
0.029923,0.0098494,0.0096713,0.15731,-0.0082265,-0.00034956,0.98752
0.030741,0.010379,0.010163,0.16046,-0.0078223,-0.00087016,0.98701
0.031542,0.010898,0.010677,0.16345,-0.0073439,-0.0013858,0.98652
0.032278,0.011421,0.011297,0.16675,-0.0064149,-0.0018828,0.98598
0.032946,0.011925,0.012005,0.1702,-0.005053,-0.0021459,0.98539
0.033581,0.012453,0.012771,0.1736,-0.0036558,-0.0022359,0.98481
0.034154,0.013024,0.013484,0.17697,-0.0025701,-0.0021184,0.98421
0.034658,0.013608,0.014132,0.1804,-0.0017046,-0.0017894,0.98359
0.035178,0.014114,0.01474,0.18409,-0.00091206,-0.0014544,0.98291
0.035552,0.014541,0.015406,0.18809,-6.069e-05,-0.0011087,0.98215
0.036062,0.014958,0.016097,0.19226,0.00071968,-0.00093541,0.98134
0.036566,0.015374,0.016841,0.19622,0.0014476,-0.00085282,0.98056
0.037069,0.015828,0.017609,0.19976,0.0020718,-0.00095641,0.97984
0.037609,0.016324,0.018357,0.20294,0.0027613,-0.00098107,0.97919
0.038129,0.016863,0.019113,0.20578,0.0035196,-0.0010536,0.97859
0.038594,0.01741,0.019845,0.20847,0.0043991,-0.0010833,0.97802
0.03909,0.017965,0.020683,0.21145,0.0054253,-0.0011451,0.97737
0.039553,0.018518,0.021558,0.21509,0.0067932,-0.0013912,0.97657
0.040037,0.019028,0.02255,0.21937,0.0081563,-0.0017509,0.97561
0.040411,0.019534,0.02354,0.2241,0.0093636,-0.0019278,0.97452
0.040742,0.020015,0.024547,0.2291,0.010326,-0.0021041,0.97335
0.041081,0.020433,0.025555,0.23428,0.011121,-0.0021924,0.9721
0.041361,0.020872,0.026516,0.23931,0.011725,-0.0019848,0.97087
0.04158,0.021287,0.027374,0.24402,0.012167,-0.0012737,0.96969
0.041716,0.021693,0.028266,0.24866,0.01252,-0.00060732,0.96851
0.041885,0.022086,0.029169,0.25341,0.013008,6.5087e-05,0.96727
0.04208,0.022425,0.030103,0.25857,0.013735,0.00063294,0.9659
0.042333,0.022755,0.031037,0.26424,0.014424,0.00052148,0.96435
0.042648,0.023105,0.031969,0.27047,0.014814,-0.00014092,0.96261
0.043045,0.023424,0.032857,0.27697,0.015049,-0.00097234,0.96076
0.043416,0.023764,0.033717,0.28355,0.015285,-0.0017115,0.95883
0.043745,0.024116,0.03458,0.28992,0.015471,-0.0025867,0.95692
0.044068,0.024532,0.035353,0.29591,0.015851,-0.0034611,0.95508
0.044367,0.024955,0.035996,0.30167,0.016633,-0.0037262,0.95326
0.04467,0.025391,0.036578,0.30722,0.017536,-0.0040766,0.95147
0.044971,0.025867,0.03697,0.31255,0.0183,-0.0045251,0.94971
0.045254,0.026352,0.037259,0.3177,0.018841,-0.0050699,0.94799
0.045559,0.02683,0.037394,0.32281,0.01908,-0.0057109,0.94626
0.045945,0.027309,0.037393,0.32806,0.019202,-0.0065215,0.94444
0.046383,0.027793,0.037367,0.33363,0.019213,-0.0074536,0.94248
0.046871,0.028231,0.037348,0.33938,0.019142,-0.0082495,0.94042
0.047331,0.02863,0.037255,0.34503,0.018981,-0.0090944,0.93835
0.047847,0.029095,0.037057,0.35019,0.018786,-0.0096941,0.93644
0.048316,0.029675,0.036745,0.35471,0.018465,-0.010061,0.93474
0.048717,0.030337,0.036284,0.35851,0.018062,-0.010369,0.93329
0.049052,0.031092,0.035671,0.36161,0.017537,-0.010704,0.9321
0.049392,0.031856,0.035064,0.36461,0.017097,-0.011129,0.93094
0.0497,0.032485,0.034471,0.36782,0.016976,-0.011749,0.92967
0.050099,0.033068,0.033919,0.37122,0.016948,-0.012314,0.92831
0.050567,0.033553,0.033393,0.37478,0.016771,-0.013311,0.92687
0.050567,0.033553,0.033393,0.37478,0.016771,-0.013311,0.92687
0.051487,0.034229,0.032485,0.38209,0.016674,-0.015069,0.92385
0.051936,0.034522,0.032148,0.38542,0.016853,-0.015455,0.92246
0.05233,0.034869,0.031798,0.38844,0.01714,-0.015675,0.92118
0.052768,0.035221,0.031452,0.39127,0.017421,-0.015946,0.91997
0.053219,0.035628,0.031116,0.39391,0.017778,-0.016222,0.91883
0.053564,0.035988,0.030816,0.39654,0.018092,-0.016541,0.91769
0.053909,0.036296,0.030486,0.39927,0.018243,-0.017033,0.91649
0.05417,0.036404,0.030206,0.40232,0.01866,-0.017202,0.91515
0.054512,0.036428,0.030014,0.40595,0.018986,-0.017696,0.91353
0.054801,0.036373,0.029906,0.40992,0.01958,-0.01795,0.91174
0.055044,0.036343,0.029936,0.41379,0.020082,-0.018167,0.90997
0.055368,0.036405,0.029928,0.41719,0.020432,-0.018451,0.9084
0.055558,0.036516,0.029927,0.42014,0.021001,-0.018139,0.90703
0.055898,0.036659,0.029875,0.42288,0.021536,-0.018485,0.90574
0.056206,0.036749,0.029807,0.4256,0.022152,-0.018656,0.90445
0.056522,0.036908,0.029751,0.42836,0.022682,-0.018826,0.90313
0.056829,0.037029,0.029714,0.43121,0.022882,-0.019349,0.90175
0.057132,0.037167,0.029676,0.43416,0.023003,-0.019956,0.90032
0.057486,0.037232,0.029662,0.43727,0.023044,-0.020516,0.8988
0.057772,0.037306,0.029706,0.44035,0.023208,-0.020942,0.89728
0.058035,0.037395,0.029872,0.44299,0.02309,-0.02131,0.89598
0.058035,0.037395,0.029872,0.44299,0.02309,-0.02131,0.89598
0.05822,0.037482,0.030003,0.445,0.022809,-0.021621,0.89498
0.058601,0.037736,0.03,0.44745,0.022209,-0.022098,0.89376
0.058676,0.037969,0.029931,0.4482,0.02203,-0.022115,0.89339
0.058742,0.038265,0.029897,0.44879,0.021836,-0.021923,0.8931
0.05868,0.038506,0.029845,0.44925,0.021336,-0.021791,0.89289
0.058591,0.038813,0.029787,0.44955,0.020737,-0.021538,0.89276
0.058524,0.039095,0.029688,0.44965,0.020304,-0.021332,0.89272
0.05847,0.03939,0.029464,0.44967,0.020213,-0.021204,0.89272
0.058487,0.03971,0.029252,0.44936,0.020153,-0.021133,0.89288
0.058472,0.040016,0.028971,0.44871,0.019904,-0.021083,0.89321
0.058331,0.040318,0.028708,0.44789,0.019554,-0.02087,0.89363
0.058124,0.040508,0.028393,0.44698,0.019194,-0.020446,0.8941
0.057866,0.040611,0.02812,0.44614,0.019003,-0.019797,0.89454
0.057557,0.040708,0.027862,0.4454,0.0189,-0.019054,0.89493
0.057247,0.040725,0.027607,0.44492,0.018648,-0.018651,0.89518
0.057247,0.040725,0.027607,0.44492,0.018648,-0.018651,0.89518
0.056772,0.040647,0.027289,0.4452,0.018302,-0.018218,0.89506
0.056553,0.040569,0.027179,0.44556,0.018048,-0.017822,0.89489
0.056306,0.040477,0.027054,0.44566,0.017609,-0.017444,0.89486
0.056124,0.040395,0.026878,0.44534,0.017146,-0.016997,0.89504
0.055917,0.040348,0.026585,0.4446,0.016705,-0.016481,0.89542
0.055654,0.040335,0.026302,0.44346,0.016279,-0.015681,0.89601
0.055317,0.040364,0.025935,0.44204,0.015797,-0.014978,0.89673
0.055016,0.040368,0.025515,0.44075,0.015289,-0.014574,0.89738
0.055016,0.040368,0.025515,0.44075,0.015289,-0.014574,0.89738
0.054594,0.03999,0.024762,0.4401,0.015021,-0.013961,0.89771
0.054441,0.039675,0.024583,0.44044,0.015121,-0.013857,0.89755
0.054258,0.039381,0.024387,0.44056,0.01508,-0.013725,0.89749
0.05426,0.039229,0.024094,0.44023,0.014973,-0.013611,0.89766
0.054188,0.039154,0.023742,0.43943,0.014839,-0.013305,0.89806
0.054059,0.039163,0.023321,0.43812,0.014669,-0.012717,0.89871
0.053906,0.039213,0.022775,0.43647,0.014221,-0.012066,0.89953
0.053634,0.039264,0.022173,0.43438,0.013488,-0.011226,0.90056
0.053285,0.03934,0.021525,0.43206,0.012563,-0.010229,0.9017
0.052982,0.039395,0.020818,0.42989,0.011486,-0.0095776,0.90276
0.052757,0.039376,0.020167,0.4282,0.010533,-0.0094612,0.90357
0.052709,0.039276,0.019636,0.42695,0.010089,-0.0096573,0.90417
0.052696,0.03909,0.019245,0.42615,0.010054,-0.0097788,0.90454
0.052667,0.038872,0.018945,0.42539,0.0099349,-0.0099851,0.9049
0.052735,0.038773,0.018597,0.4242,0.0093618,-0.010139,0.90546
0.052694,0.038723,0.018094,0.42224,0.0081463,-0.010302,0.90639
0.052694,0.038723,0.018094,0.42224,0.0081463,-0.010302,0.90639
0.052414,0.03848,0.016957,0.41655,0.0057408,-0.010178,0.90904
0.052235,0.038366,0.016379,0.4129,0.0048564,-0.0097927,0.91071
0.051999,0.038363,0.015771,0.40886,0.0038262,-0.0095127,0.91254
0.051753,0.038359,0.015158,0.40512,0.0028116,-0.0093467,0.91421
0.051599,0.038279,0.014565,0.40219,0.001824,-0.010057,0.9155
0.051421,0.038027,0.014327,0.40038,0.0015816,-0.01074,0.91629
0.051143,0.037598,0.014327,0.39903,0.0019659,-0.011301,0.91687
0.051143,0.037598,0.014327,0.39903,0.0019659,-0.011301,0.91687
0.050402,0.036796,0.014134,0.39458,0.0012947,-0.012187,0.91878
0.050016,0.036635,0.013843,0.39067,3.022e-05,-0.012594,0.92044
0.049388,0.03659,0.013334,0.38551,-0.0012335,-0.012228,0.92262
0.048587,0.036602,0.012704,0.37926,-0.0022759,-0.011114,0.92522
0.047658,0.036661,0.012047,0.37288,-0.0030681,-0.0098659,0.92782
0.046807,0.036697,0.011381,0.36714,-0.0038105,-0.0092379,0.93011
0.046014,0.03662,0.010826,0.36302,-0.0044735,-0.0098862,0.93172
0.045242,0.036251,0.010649,0.36056,-0.0045238,-0.010927,0.93266
0.04451,0.035718,0.010728,0.35892,-0.0043621,-0.011762,0.93328
0.043752,0.035143,0.010927,0.35703,-0.004608,-0.012528,0.934
0.043119,0.034705,0.011018,0.354,-0.0053451,-0.013181,0.93514
0.042584,0.034414,0.01115,0.34987,-0.0061515,-0.013526,0.93668
0.042022,0.034164,0.011151,0.34519,-0.0064368,-0.013357,0.93842
0.041519,0.033905,0.011338,0.34048,-0.0061267,-0.012952,0.94014
0.041155,0.03366,0.011762,0.33626,-0.0056519,-0.012911,0.94166
0.040738,0.03336,0.012347,0.333,-0.0051308,-0.012791,0.94283
0.04047,0.032898,0.013041,0.33074,-0.0045775,-0.013414,0.94362
0.040175,0.032355,0.013908,0.32922,-0.003779,-0.013787,0.94415
0.039845,0.031834,0.014765,0.32767,-0.0030725,-0.013949,0.94468
0.039461,0.031436,0.015569,0.32539,-0.0027628,-0.0138,0.94547
0.039085,0.031183,0.016236,0.32207,-0.003027,-0.013533,0.94661
0.038595,0.031054,0.01676,0.31773,-0.0035397,-0.012614,0.94809
0.037966,0.030957,0.017221,0.31279,-0.003883,-0.011147,0.94975
0.037398,0.030834,0.017744,0.30808,-0.0037796,-0.0097448,0.9513
0.036941,0.030659,0.018443,0.30446,-0.0033775,-0.0092023,0.95247
0.036126,0.030211,0.019264,0.3021,-0.0020898,-0.0072927,0.95325
0.0357,0.029817,0.020204,0.30022,-0.001487,-0.0075086,0.95384
0.035263,0.029376,0.021105,0.29815,-0.0012012,-0.0076104,0.95449
0.034726,0.029006,0.021872,0.2952,-0.0014445,-0.0074968,0.95541
0.034204,0.028748,0.022506,0.29125,-0.00205,-0.0071229,0.95662
0.033672,0.028541,0.023004,0.2866,-0.0026958,-0.0066011,0.95802
0.033072,0.028261,0.023449,0.28163,-0.0029035,-0.0055071,0.9595
0.032499,0.027999,0.024003,0.27695,-0.0029586,-0.0046172,0.96087
0.03194,0.027636,0.024639,0.27301,-0.0028261,-0.0043462,0.962
0.031423,0.02713,0.025434,0.26993,-0.0022875,-0.0045947,0.96286
0.030771,0.026551,0.026227,0.26743,-0.0014733,-0.0043448,0.96357
0.030327,0.025974,0.027038,0.26485,-0.0011991,-0.004976,0.96428
0.029799,0.025334,0.027767,0.26185,-0.0012958,-0.0055024,0.96509
0.029252,0.02478,0.028319,0.25822,-0.0018268,-0.0056704,0.96607
0.028677,0.024326,0.028579,0.25397,-0.002967,-0.0053991,0.96719
0.028096,0.023918,0.028656,0.2494,-0.0049059,-0.0049898,0.96838
0.027528,0.023457,0.028738,0.24528,-0.0069011,-0.0048256,0.96942
0.026829,0.022817,0.029062,0.24202,-0.0077652,-0.0048173,0.97023
0.026148,0.022059,0.029599,0.23935,-0.007592,-0.0051485,0.97089
0.025435,0.021304,0.030247,0.23684,-0.0068836,-0.00576,0.97151
0.02484,0.020517,0.030978,0.23436,-0.0060457,-0.0063215,0.97211
0.024189,0.019762,0.031658,0.23172,-0.0054771,-0.006812,0.97274
0.023458,0.019056,0.032184,0.22854,-0.0055041,-0.0071612,0.97349
0.022766,0.018474,0.032418,0.22459,-0.006487,-0.0073022,0.9744
0.022039,0.017962,0.032244,0.22009,-0.0084529,-0.0074008,0.97542
0.021315,0.017488,0.031924,0.21576,-0.011307,-0.0078248,0.97635
0.020506,0.016981,0.031542,0.21181,-0.014324,-0.0080223,0.97717
0.019666,0.016396,0.031357,0.20824,-0.016616,-0.0085356,0.9779
0.018769,0.015734,0.031436,0.20488,-0.01704,-0.0090269,0.9786
0.017931,0.015113,0.031752,0.20126,-0.015921,-0.0094769,0.97936
0.017111,0.01453,0.03213,0.19713,-0.01435,-0.010055,0.98022
0.016295,0.014004,0.03232,0.19216,-0.013435,-0.010416,0.98122
0.015478,0.013515,0.032204,0.18652,-0.013647,-0.010524,0.9823
0.014603,0.013097,0.031721,0.1805,-0.015011,-0.010414,0.9834
0.01377,0.012677,0.030802,0.17483,-0.017734,-0.010552,0.98438
0.012849,0.012257,0.029573,0.16974,-0.022106,-0.01094,0.98518
0.011941,0.011838,0.028249,0.16514,-0.027307,-0.011683,0.98582
0.010999,0.011318,0.027198,0.16076,-0.031319,-0.012602,0.98642
0.010013,0.010755,0.026454,0.15615,-0.033049,-0.013755,0.98708
0.0091081,0.010217,0.026161,0.15095,-0.032382,-0.014939,0.9879
0.0082222,0.0098324,0.026109,0.14517,-0.030456,-0.016051,0.98881
0.0073923,0.0094266,0.026105,0.13869,-0.028566,-0.017094,0.98978
0.0065517,0.0090446,0.026058,0.13178,-0.027533,-0.017909,0.99073
0.005676,0.0086504,0.025765,0.12488,-0.02749,-0.018794,0.99161
0.0047389,0.0082835,0.025242,0.11841,-0.028628,-0.019962,0.99235
0.0037901,0.0078938,0.024407,0.1124,-0.030803,-0.021797,0.99295
0.0025751,0.007498,0.023376,0.1066,-0.033768,-0.022914,0.99346
0.001377,0.0071098,0.022272,0.10073,-0.036996,-0.024123,0.99393
0.0002827,0.0068437,0.021177,0.09466,-0.039706,-0.025621,0.99439
-0.00081688,0.006607,0.020369,0.088478,-0.041164,-0.027212,0.99486
-0.0021018,0.0073012,0.019849,0.082519,-0.041185,-0.028754,0.99532
-0.0031229,0.0071249,0.019734,0.076892,-0.04019,-0.030345,0.99577
-0.0040953,0.0070126,0.019794,0.071425,-0.038845,-0.031919,0.99618
-0.004884,0.0070306,0.019794,0.065968,-0.037744,-0.033802,0.99653
-0.005726,0.0069314,0.019735,0.060686,-0.037285,-0.035742,0.99682
-0.0043934,0.0072043,0.017546,0.055451,-0.03784,-0.039737,0.99695
-0.0054067,0.0076111,0.017104,0.050337,-0.0394,-0.041944,0.99707
-0.00634,0.00736,0.016601,0.045469,-0.041508,-0.044118,0.99713
-0.0073198,0.007108,0.016221,0.040757,-0.043346,-0.04628,0.99716
-0.0082425,0.0069244,0.015956,0.036046,-0.044366,-0.04846,0.99719
-0.0095709,0.0066417,0.016827,0.036046,-0.044366,-0.04846,0.99719
-0.010299,0.0066126,0.017034,0.030864,-0.043148,-0.051012,0.99729
-0.010426,0.0066505,0.016478,0.020443,-0.039681,-0.056038,0.99743
-0.010968,0.0066923,0.016958,0.015184,-0.036993,-0.058759,0.99747
-0.011368,0.00675,0.017323,0.0099366,-0.034477,-0.061524,0.99746
-0.01231,0.0065947,0.018493,0.0099366,-0.034477,-0.061524,0.99746
-0.012589,0.0065474,0.018653,0.0050692,-0.033373,-0.064065,0.99737
-0.012832,0.0062742,0.017879,-0.0046632,-0.0321,-0.068393,0.99713
-0.014001,0.0059089,0.01879,-0.0046632,-0.0321,-0.068393,0.99713
-0.014761,0.0055475,0.018612,-0.0096516,-0.032804,-0.070166,0.99695
-0.015502,0.0051818,0.018474,-0.014684,-0.033468,-0.071979,0.99674
-0.016253,0.0050871,0.01838,-0.019911,-0.033608,-0.074252,0.99647
-0.016967,0.0047907,0.018516,-0.024971,-0.03292,-0.07641,0.99622
-0.017576,0.0045108,0.018771,-0.029728,-0.031435,-0.078625,0.99596
-0.018196,0.0042247,0.019204,-0.034251,-0.029505,-0.080865,0.9957
-0.018797,0.0039959,0.019676,-0.038729,-0.027617,-0.082974,0.99542
-0.019483,0.0037595,0.020108,-0.043381,-0.026192,-0.085917,0.99501
-0.019994,0.0035745,0.020379,-0.048231,-0.025371,-0.087845,0.99464
-0.020519,0.0033995,0.020536,-0.053096,-0.025026,-0.089872,0.99422
-0.021056,0.0031549,0.020722,-0.057944,-0.024939,-0.091905,0.99377
-0.021612,0.0028819,0.020944,-0.062743,-0.024888,-0.094065,0.99328
-0.021861,0.0030545,0.021277,-0.067672,-0.024704,-0.096565,0.99272
-0.022331,0.0029325,0.02159,-0.072675,-0.024058,-0.09888,0.99215
-0.022782,0.0028687,0.022106,-0.077457,-0.022802,-0.10087,0.99162
-0.023244,0.002893,0.022765,-0.082129,-0.02124,-0.10276,0.99108
-0.023666,0.0030284,0.023458,-0.087037,-0.020039,-0.10462,0.99049
-0.024094,0.0037777,0.024028,-0.09238,-0.019509,-0.10659,0.98981
-0.024363,0.0039075,0.024312,-0.097988,-0.019649,-0.10841,0.98907
-0.02471,0.003991,0.024544,-0.10361,-0.020172,-0.11046,0.98826
-0.02506,0.0040212,0.024748,-0.10879,-0.020924,-0.11272,0.98743
-0.02549,0.0040028,0.025057,-0.11361,-0.021743,-0.11497,0.98661
-0.02609,0.0048301,0.025386,-0.11848,-0.022606,-0.11727,0.98575
-0.02649,0.0049425,0.025657,-0.12357,-0.023266,-0.11957,0.98483
-0.026819,0.004967,0.025963,-0.12889,-0.023643,-0.12168,0.98388
-0.027179,0.0051326,0.026192,-0.13458,-0.0237,-0.12361,0.98288
-0.027504,0.0052688,0.026386,-0.1405,-0.023651,-0.12528,0.98184
-0.027935,0.0054945,0.026542,-0.14654,-0.023565,-0.12699,0.98074
-0.028326,0.0056616,0.026636,-0.15253,-0.023512,-0.12887,0.97958
-0.028686,0.0057679,0.026693,-0.1585,-0.023795,-0.13115,0.97832
-0.029055,0.0058559,0.026667,-0.16435,-0.024409,-0.13373,0.97699
-0.029503,0.0059097,0.026531,-0.17016,-0.025154,-0.13623,0.97563
-0.030127,0.0056887,0.026243,-0.17597,-0.025818,-0.13851,0.97426
-0.030626,0.0056656,0.02587,-0.18196,-0.026421,-0.14036,0.97288
-0.03107,0.0055541,0.025399,-0.18832,-0.026704,-0.14206,0.97141
-0.031476,0.005466,0.024822,-0.19508,-0.026624,-0.14367,0.96984
-0.031809,0.0053291,0.024207,-0.20187,-0.026113,-0.14531,0.96822
-0.032493,0.0051756,0.023708,-0.2082,-0.025183,-0.14705,0.96664
-0.032767,0.005056,0.023419,-0.21389,-0.024339,-0.14906,0.96511
-0.03295,0.0049918,0.023124,-0.21893,-0.02397,-0.15125,0.96365
-0.033168,0.0049139,0.022779,-0.22368,-0.024278,-0.15336,0.96221
-0.033302,0.0048061,0.022193,-0.2286,-0.025424,-0.15533,0.96071
-0.033498,0.0052996,0.021359,-0.23374,-0.02719,-0.15723,0.95912
-0.033629,0.0049743,0.020379,-0.23906,-0.029149,-0.15893,0.95747
-0.033799,0.0046332,0.019278,-0.2445,-0.030904,-0.16035,0.9558
-0.034118,0.0041802,0.018215,-0.24994,-0.032105,-0.16154,0.95415
-0.034412,0.0036753,0.017213,-0.25536,-0.032919,-0.16264,0.9525
-0.034626,0.0030778,0.016227,-0.26063,-0.033082,-0.16509,0.95064
-0.034763,0.002542,0.015305,-0.2656,-0.033382,-0.16654,0.949
-0.034841,0.0020106,0.014284,-0.27051,-0.033894,-0.16805,0.94733
-0.034901,0.0014338,0.01311,-0.27556,-0.034848,-0.16957,0.94557
-0.035054,0.00081555,0.011753,-0.2809,-0.036131,-0.17088,0.94371
-0.035104,0.00066964,0.01017,-0.28686,-0.036995,-0.17299,0.9415
-0.03561,-0.00031393,0.0085899,-0.29333,-0.037629,-0.17373,0.93934
-0.036165,-0.0013763,0.0070798,-0.30023,-0.0373,-0.17421,0.93708
-0.036679,-0.0024343,0.0057345,-0.3072,-0.035676,-0.17478,0.93478
-0.037007,-0.0033864,0.0046125,-0.31389,-0.033553,-0.17554,0.93249
-0.036833,-0.004111,0.0036155,-0.31988,-0.030974,-0.17865,0.92995
-0.036837,-0.0048015,0.0027328,-0.32505,-0.029872,-0.17992,0.92794
-0.036791,-0.0054729,0.001777,-0.32978,-0.029917,-0.18097,0.92607
-0.036785,-0.0061735,0.00071412,-0.33425,-0.030774,-0.18178,0.92428
-0.036861,-0.0068276,-0.00029151,-0.33874,-0.031943,-0.18239,0.92248
-0.03688,-0.0075625,-0.0012225,-0.34339,-0.032636,-0.18332,0.92055
-0.036953,-0.0081986,-0.00201,-0.34807,-0.032918,-0.1836,0.91872
-0.036927,-0.0086657,-0.0025564,-0.35253,-0.032496,-0.18382,0.91699
-0.036711,-0.008984,-0.0029059,-0.35655,-0.031656,-0.18406,0.91542
-0.036338,-0.0090531,-0.0030878,-0.36008,-0.031005,-0.18423,0.91402
-0.035632,-0.007794,-0.0032693,-0.36339,-0.02971,-0.18678,0.91224
-0.035297,-0.0077659,-0.0034652,-0.36672,-0.030006,-0.18672,0.91091
-0.035019,-0.0078312,-0.0038145,-0.3703,-0.030709,-0.18658,0.90946
-0.034955,-0.0080288,-0.0042295,-0.3743,-0.031317,-0.18619,0.90788
-0.034991,-0.008334,-0.0047003,-0.379,-0.032109,-0.18535,0.90607
-0.03467,-0.0086957,-0.0051262,-0.3843,-0.032088,-0.18561,0.90379
-0.034737,-0.0090873,-0.0055589,-0.3898,-0.03186,-0.18444,0.90168
-0.034822,-0.0094948,-0.0060198,-0.3954,-0.031478,-0.18288,0.89957
-0.034872,-0.0099347,-0.0064783,-0.40094,-0.031308,-0.18132,0.89743
-0.03485,-0.01044,-0.0072129,-0.40649,-0.031788,-0.17978,0.89523
-0.034743,-0.010775,-0.0081659,-0.41206,-0.032372,-0.17922,0.89277
-0.034973,-0.011562,-0.0092749,-0.41767,-0.033679,-0.17765,0.89042
-0.035309,-0.012358,-0.010434,-0.42332,-0.034904,-0.17613,0.88801
-0.03572,-0.013218,-0.011546,-0.42895,-0.035682,-0.17501,0.88549
-0.036174,-0.013975,-0.012439,-0.43425,-0.035697,-0.17413,0.88308
-0.036421,-0.014523,-0.012979,-0.43923,-0.034319,-0.17441,0.88061
-0.036816,-0.014956,-0.013273,-0.44377,-0.032541,-0.17404,0.87848
-0.037146,-0.015076,-0.013421,-0.44815,-0.030322,-0.17366,0.87641
-0.037399,-0.015129,-0.013573,-0.4525,-0.028145,-0.17324,0.87432
-0.037562,-0.015183,-0.013609,-0.45622,-0.026264,-0.17321,0.87245
-0.037567,-0.014794,-0.013574,-0.45911,-0.024064,-0.1749,0.87066
-0.037759,-0.014627,-0.013479,-0.46131,-0.023465,-0.17506,0.86948
-0.037903,-0.014423,-0.013409,-0.46314,-0.023535,-0.17521,0.86848
-0.037938,-0.014203,-0.013371,-0.4646,-0.023663,-0.17553,0.86762
-0.038002,-0.013877,-0.013087,-0.46576,-0.023686,-0.17582,0.86695
-0.037886,-0.013488,-0.012712,-0.46706,-0.023057,-0.17651,0.86613
-0.037877,-0.013043,-0.012316,-0.46834,-0.022494,-0.17643,0.86546
-0.037878,-0.012508,-0.011858,-0.46949,-0.021533,-0.1763,0.86489
-0.037932,-0.011892,-0.01136,-0.47049,-0.020306,-0.17603,0.86443
-0.03793,-0.011242,-0.010811,-0.47134,-0.019071,-0.17577,0.86405
-0.037533,-0.010255,-0.010279,-0.47212,-0.016743,-0.17722,0.86337
-0.037534,-0.0096623,-0.0097062,-0.47282,-0.015278,-0.17708,0.86305
-0.03751,-0.0091308,-0.0091659,-0.47369,-0.013692,-0.17697,0.86262
-0.03742,-0.0086544,-0.0087324,-0.4748,-0.012211,-0.17683,0.86206
-0.037398,-0.0082295,-0.0083261,-0.47616,-0.010747,-0.17663,0.86137
-0.03741,-0.0072705,-0.0079434,-0.4777,-0.0092969,-0.17635,0.86059
-0.037368,-0.0069033,-0.0076161,-0.4793,-0.0080262,-0.17598,0.85979
-0.037327,-0.0065565,-0.0073809,-0.48061,-0.0067814,-0.17558,0.85915
-0.037242,-0.0060995,-0.0070253,-0.48141,-0.0054947,-0.17549,0.85873
-0.037063,-0.0055529,-0.0066421,-0.4818,-0.0043053,-0.17561,0.85849
-0.037143,-0.0051791,-0.006336,-0.48199,-0.0031395,-0.17596,0.85832
-0.036516,-0.0046553,-0.0057927,-0.48224,-0.0023252,-0.17627,0.85812
-0.036218,-0.004259,-0.0054613,-0.48267,-0.001829,-0.17646,0.85784
-0.035934,-0.0038961,-0.0052116,-0.48336,-0.0013954,-0.17653,0.85744
-0.036007,-0.00372,-0.0050589,-0.48418,-0.0010609,-0.17646,0.85699
-0.035579,-0.0033886,-0.0049604,-0.48505,-0.0004917,-0.17715,0.85636
-0.034859,-0.0032894,-0.0050946,-0.48595,-0.00051064,-0.17701,0.85588
-0.034493,-0.0032238,-0.0052059,-0.4868,-0.00048479,-0.17682,0.85543
-0.034151,-0.0030563,-0.0050958,-0.48732,-0.00025932,-0.17681,0.85514
-0.034177,-0.0028932,-0.0049283,-0.48731,0.00039795,-0.17709,0.85508
-0.033824,-0.0025805,-0.0047091,-0.48713,0.0013265,-0.1774,0.85512
-0.033047,-0.0019639,-0.0041139,-0.48685,0.0021306,-0.17764,0.85523
-0.032717,-0.0016029,-0.0039234,-0.48661,0.0026705,-0.17784,0.85532
-0.032455,-0.0012967,-0.0037529,-0.48653,0.0027635,-0.17788,0.85536
-0.032461,-0.0012489,-0.0037778,-0.48683,0.0025233,-0.17772,0.85522
-0.032263,-0.0011566,-0.0037407,-0.48736,0.0023587,-0.17771,0.85492
-0.03207,-0.0010795,-0.0036472,-0.48783,0.002279,-0.17749,0.8547
-0.032032,-0.0010871,-0.0035627,-0.488,0.002268,-0.17749,0.85461
-0.031968,-0.0010737,-0.0033969,-0.48783,0.0024539,-0.17757,0.85468
-0.031958,-0.00099032,-0.0033251,-0.48746,0.0026991,-0.17774,0.85486
-0.031864,-0.00082899,-0.0031682,-0.48709,0.0029442,-0.17791,0.85503
-0.03183,-0.00077006,-0.0030808,-0.48705,0.0031612,-0.17786,0.85506
-0.031917,-0.00077258,-0.0030598,-0.48735,0.0030951,-0.17772,0.85493
-0.03202,-0.00095901,-0.0031488,-0.48786,0.0027931,-0.17739,0.8547
-0.032045,-0.0011851,-0.0033441,-0.48854,0.0023939,-0.17705,0.85439
-0.032131,-0.00093778,-0.0035954,-0.48924,0.0023871,-0.1769,0.85402
-0.032364,-0.0011333,-0.0037617,-0.48967,0.0025626,-0.17643,0.85387
-0.032654,-0.0013482,-0.0038495,-0.49004,0.0029597,-0.17602,0.85374
-0.032822,-0.0014491,-0.0039005,-0.49018,0.0034179,-0.17574,0.85371
-0.0329,-0.001514,-0.0039955,-0.48995,0.0038575,-0.17548,0.8539
-0.032937,-0.0015215,-0.0040413,-0.48977,0.0047122,-0.17622,0.85384
-0.033191,-0.0017132,-0.0041544,-0.49,0.0048199,-0.17596,0.85377
-0.033322,-0.0019787,-0.0043816,-0.49028,0.0045754,-0.17562,0.85368
-0.033423,-0.0022747,-0.0046879,-0.49048,0.0041663,-0.17537,0.85361
-0.0335,-0.0026963,-0.0050092,-0.49058,0.0035945,-0.17526,0.85358
-0.033612,-0.0029335,-0.0053178,-0.49054,0.003379,-0.17519,0.85362
-0.03372,-0.0031203,-0.0055308,-0.49019,0.0033175,-0.17528,0.8538
-0.033811,-0.0030672,-0.0054258,-0.48959,0.0034515,-0.17558,0.85408
-0.033745,-0.0030042,-0.0052989,-0.4888,0.0038178,-0.17601,0.85444
-0.033697,-0.0031037,-0.0055295,-0.48788,0.0045819,-0.17647,0.85487
-0.033721,-0.0043083,-0.0053428,-0.48707,0.0053409,-0.17698,0.85523
-0.033666,-0.0042517,-0.0051736,-0.48631,0.0057441,-0.17727,0.85559
-0.033407,-0.0039307,-0.0045998,-0.48526,0.0057811,-0.17768,0.85611
-0.03327,-0.0038925,-0.0044406,-0.48397,0.0055292,-0.17805,0.85676
-0.03308,-0.0040598,-0.0048515,-0.48251,0.0049826,-0.17835,0.85753
-0.032874,-0.0040986,-0.0048202,-0.48119,0.0040328,-0.17844,0.85825
-0.032677,-0.0039966,-0.0048129,-0.48013,0.003154,-0.17858,0.85882
-0.032523,-0.003948,-0.0047735,-0.47909,0.0024011,-0.17866,0.85939
-0.032423,-0.0039254,-0.0047162,-0.4779,0.0020507,-0.17882,0.86002
-0.032377,-0.0039185,-0.0046843,-0.47661,0.0018787,-0.17897,0.8607
-0.032275,-0.0024297,-0.0046671,-0.47538,0.0022791,-0.17962,0.86125
-0.032829,-0.0023898,-0.0046593,-0.47411,0.0026265,-0.17984,0.8619
-0.032795,-0.0023468,-0.0046018,-0.47287,0.0030554,-0.17994,0.86256
-0.032772,-0.0023251,-0.004599,-0.47159,0.0037014,-0.17998,0.86325
-0.032757,-0.002299,-0.0045994,-0.47028,0.0043518,-0.18015,0.86392
-0.032743,-0.0024804,-0.004735,-0.4689,0.0046539,-0.18003,0.8647
-0.032768,-0.002661,-0.0049462,-0.4673,0.0049325,-0.18013,0.86554
-0.032781,-0.0028253,-0.005236,-0.46561,0.0050458,-0.18029,0.86642
-0.032766,-0.003063,-0.0056483,-0.46378,0.0049468,-0.18028,0.8674
-0.032813,-0.0033453,-0.0060538,-0.46189,0.0046305,-0.1801,0.86845
-0.032801,-0.0037983,-0.0065428,-0.4599,0.0040636,-0.18002,0.86952
-0.032783,-0.0041264,-0.0070141,-0.45775,0.003425,-0.18007,0.87065
-0.032723,-0.0044021,-0.0074347,-0.4555,0.002787,-0.17995,0.87185
-0.032695,-0.0046776,-0.0078895,-0.45317,0.0024142,-0.17987,0.87308
-0.032588,-0.0048662,-0.0083315,-0.4507,0.0022289,-0.17995,0.87435
-0.032265,-0.0049365,-0.0086278,-0.44804,0.002701,-0.18147,0.8754
-0.032214,-0.0050454,-0.0088839,-0.44534,0.0020465,-0.18127,0.87682
-0.032125,-0.0051872,-0.0091617,-0.44262,0.0012136,-0.18087,0.87828
-0.032038,-0.005294,-0.0094652,-0.4397,0.00052051,-0.18037,0.87985
-0.032009,-0.0052914,-0.0095767,-0.43636,2.3045e-05,-0.17975,0.88163
-0.032043,-0.0051369,-0.0096072,-0.43258,0.00020276,-0.17914,0.88362
-0.032174,-0.0047786,-0.0095957,-0.42826,0.00093577,-0.17854,0.88584
-0.032087,-0.0042367,-0.0093766,-0.42372,0.0021729,-0.17847,0.88803
-0.031905,-0.0036643,-0.0090135,-0.41934,0.0032328,-0.17861,0.89008
-0.031671,-0.0031342,-0.0086477,-0.41493,0.0035957,-0.17852,0.89216
-0.031211,-0.0026867,-0.0084002,-0.41045,0.0026674,-0.17852,0.89423
-0.030443,-0.0024212,-0.0084998,-0.40585,0.00022534,-0.17826,0.89639
-0.029961,-0.0024963,-0.0089734,-0.40137,-0.0035739,-0.17774,0.8985
-0.02954,-0.00277,-0.0098119,-0.39695,-0.0081599,-0.17707,0.90056
-0.029176,-0.0031651,-0.010731,-0.3924,-0.012788,-0.17618,0.90267
-0.028837,-0.0042168,-0.011545,-0.38741,-0.016835,-0.17503,0.90498
-0.02896,-0.0044904,-0.012286,-0.38224,-0.019826,-0.1741,0.9073
-0.028583,-0.0044899,-0.012857,-0.37674,-0.021626,-0.17326,0.90972
-0.028032,-0.0043124,-0.013193,-0.37129,-0.022381,-0.17282,0.91202
-0.027547,-0.004082,-0.01334,-0.36627,-0.022548,-0.17269,0.91407
-0.026939,-0.0039817,-0.013532,-0.362,-0.02263,-0.17264,0.91577
-0.026312,-0.0038651,-0.013923,-0.35805,-0.023085,-0.17233,0.91737
-0.025483,-0.0037969,-0.014499,-0.35386,-0.02457,-0.17185,0.91905
-0.02466,-0.0039727,-0.015238,-0.34936,-0.027519,-0.17094,0.92085
-0.023914,-0.0043651,-0.016217,-0.34471,-0.031683,-0.16964,0.92271
-0.023351,-0.0047536,-0.01722,-0.33993,-0.035889,-0.16812,0.92461
-0.023063,-0.0051556,-0.018156,-0.33484,-0.039298,-0.16653,0.92661
-0.022738,-0.0053094,-0.018957,-0.32979,-0.041458,-0.16496,0.9286
-0.022457,-0.005165,-0.019462,-0.32507,-0.042154,-0.16371,0.93046
-0.022118,-0.0047025,-0.019624,-0.32071,-0.04152,-0.1629,0.93214
-0.021648,-0.0039021,-0.019759,-0.31661,-0.040522,-0.16182,0.93377
-0.021277,-0.0031705,-0.019828,-0.31236,-0.040113,-0.16088,0.93538
-0.02048,-0.0025917,-0.019865,-0.3075,-0.041023,-0.1596,0.93717
-0.019822,-0.0023577,-0.019863,-0.30221,-0.043296,-0.15805,0.93905
-0.019309,-0.0024995,-0.019992,-0.29686,-0.046305,-0.15653,0.94087
-0.018925,-0.0027428,-0.020143,-0.29165,-0.049231,-0.15508,0.94258
-0.018747,-0.0029112,-0.020097,-0.28637,-0.050954,-0.15335,0.94439
-0.018794,-0.0026366,-0.019606,-0.28098,-0.049988,-0.15145,0.94637
-0.018997,-0.0019374,-0.018678,-0.27537,-0.045933,-0.14971,0.9485
-0.019135,-0.00079507,-0.017279,-0.26996,-0.039801,-0.14834,0.95054
-0.019002,0.00039651,-0.015707,-0.2654,-0.033803,-0.14723,0.95223
-0.018819,0.0012645,-0.014344,-0.26148,-0.030098,-0.14597,0.95363
-0.018144,0.0017903,-0.013471,-0.25781,-0.029266,-0.14461,0.95486
-0.017587,0.0019623,-0.01303,-0.25412,-0.030691,-0.14307,0.95604
-0.017291,0.0018287,-0.013185,-0.25028,-0.033147,-0.14143,0.95721
-0.017043,0.001506,-0.013656,-0.24631,-0.035271,-0.1405,0.9583
-0.017054,0.0013847,-0.014068,-0.242,-0.036366,-0.13865,0.95963
-0.017405,0.0013878,-0.014143,-0.23737,-0.035456,-0.13664,0.96111
-0.017723,0.0015995,-0.013804,-0.23286,-0.032482,-0.13441,0.96263
-0.017965,0.0020051,-0.01298,-0.22853,-0.027789,-0.13207,0.96414
-0.017931,0.0016135,-0.011725,-0.22435,-0.022069,-0.12979,0.96557
-0.018099,0.0022446,-0.010375,-0.22058,-0.016366,-0.12772,0.96683
-0.017971,0.0028136,-0.0092328,-0.21739,-0.012591,-0.12605,0.96783
-0.017734,0.0031679,-0.0085624,-0.21446,-0.011857,-0.12453,0.96869
-0.017441,0.0032961,-0.0083765,-0.21125,-0.013748,-0.1229,0.96958
-0.018167,0.0036579,-0.006993,-0.2077,-0.017088,-0.12128,0.9705
-0.017894,0.0035983,-0.0072461,-0.20394,-0.020115,-0.11959,0.97144
-0.018041,0.003527,-0.0073924,-0.20004,-0.021318,-0.11794,0.97243
-0.018221,0.0035166,-0.0072736,-0.19609,-0.020267,-0.11631,0.97345
-0.018328,0.0036349,-0.0066809,-0.19191,-0.017125,-0.1147,0.97454
-0.018302,0.0039858,-0.0057624,-0.18767,-0.012908,-0.11279,0.97565
-0.018145,0.0040561,-0.0046497,-0.18332,-0.0083826,-0.11083,0.97675
-0.017864,0.0046509,-0.0035897,-0.17906,-0.0045141,-0.10884,0.97779
-0.017495,0.0053149,-0.0028115,-0.17527,-0.0020015,-0.10729,0.97865
-0.017152,0.0058185,-0.0022556,-0.17173,-0.0010517,-0.10604,0.97942
-0.016918,0.0062424,-0.0019198,-0.16791,-0.0014276,-0.10474,0.98022
-0.016784,0.0065959,-0.001758,-0.16387,-0.0023966,-0.10346,0.98104
-0.016656,0.0068593,-0.0015521,-0.15929,-0.0031113,-0.10238,0.9819
-0.01652,0.0072334,-0.0011397,-0.15392,-0.002751,-0.10101,0.9829
-0.016287,0.0077582,-0.00052043,-0.14757,-0.0013044,-0.099329,0.98405
-0.015951,0.008366,6.9281e-05,-0.14108,0.00066385,-0.097505,0.98518
-0.015608,0.008784,0.00059553,-0.1351,0.0025163,-0.095729,0.98619
-0.014997,0.0093227,0.00099787,-0.1295,0.0041251,-0.093789,0.98713
-0.014443,0.0098153,0.0014161,-0.12379,0.0054802,-0.091853,0.98803
-0.013582,0.0098611,0.00068559,-0.12379,0.0054802,-0.091853,0.98803
-0.013258,0.010075,0.0011727,-0.11779,0.0068074,-0.089871,0.98894
-0.013457,0.010238,0.0016256,-0.11175,0.007807,-0.088456,0.98976
-0.012883,0.010551,0.001924,-0.10587,0.008169,-0.087749,0.99047
-0.012186,0.010896,0.0020787,-0.099709,0.007936,-0.08684,0.99119
-0.011393,0.011374,0.0021342,-0.092901,0.0076016,-0.08567,0.99195
-0.010577,0.011881,0.0021535,-0.085777,0.0071563,-0.084538,0.9927
-0.0099716,0.01305,0.0020355,-0.079131,0.0067209,-0.083237,0.99336
-0.009212,0.013161,0.0016976,-0.073347,0.0062303,-0.081772,0.99393
-0.0084301,0.012989,0.0013026,-0.068551,0.005637,-0.080232,0.9944
-0.0076909,0.012727,0.00090924,-0.064248,0.0054053,-0.078729,0.99481
-0.0069253,0.012548,0.00060507,-0.059933,0.0058301,-0.077461,0.99518
-0.0067852,0.012381,0.00032708,-0.055651,0.0065731,-0.075365,0.99558
-0.0058202,0.012596,4.9348e-05,-0.051352,0.0074428,-0.074555,0.99587
-0.0048584,0.013061,-0.00037877,-0.046818,0.0079314,-0.07358,0.99616
-0.0039845,0.013524,-0.00089615,-0.041733,0.0077512,-0.072362,0.99647
-0.0033255,0.013858,-0.0013882,-0.036075,0.0073833,-0.07101,0.9968
-0.0029293,0.013788,-0.0016694,-0.030682,0.0068911,-0.068932,0.99713
-0.0024507,0.013571,-0.0019216,-0.02632,0.0065355,-0.067593,0.99734
-0.0019493,0.013265,-0.0022366,-0.023064,0.0066844,-0.066425,0.9975
-0.0014448,0.013019,-0.0024533,-0.020234,0.0075474,-0.065368,0.99763
-0.00091752,0.012978,-0.0025653,-0.017353,0.0091113,-0.064503,0.99773
-0.00081216,0.012929,-0.0025896,-0.01432,0.010931,-0.06324,0.99784
-0.00026645,0.013208,-0.0025891,-0.010924,0.012519,-0.062236,0.99792
0.00032871,0.01358,-0.0025371,-0.0067681,0.013673,-0.061192,0.99801
0.0008049,0.013963,-0.0024487,-0.0013877,0.014545,-0.060008,0.99809
0.0011458,0.014282,-0.0020861,0.0050063,0.015082,-0.058732,0.99815
0.0012102,0.014201,-0.0015392,0.011932,0.015388,-0.05741,0.99816
0.0013346,0.014327,-0.00095241,0.018093,0.015473,-0.055975,0.99815
0.001535,0.014391,-0.00040432,0.022895,0.015876,-0.054722,0.99811
0.001756,0.01452,0.00016526,0.026585,0.016956,-0.053592,0.99806
0.002005,0.0147,0.00083824,0.030096,0.018845,-0.052396,0.99799
0.0022425,0.014343,0.0015233,0.033832,0.021156,-0.050447,0.99793
0.0024999,0.014704,0.0024176,0.038317,0.023398,-0.049135,0.99778
0.0028082,0.015123,0.0032977,0.043908,0.025315,-0.047941,0.99756
0.0030622,0.015564,0.0043062,0.050829,0.026704,-0.046869,0.99725
0.0032413,0.015872,0.0055639,0.059205,0.027788,-0.045908,0.9968
0.0033262,0.01577,0.0069722,0.068331,0.02842,-0.044426,0.99627
0.0034587,0.015926,0.0083394,0.076515,0.028364,-0.043367,0.99572
0.0036856,0.016124,0.0093663,0.082805,0.027941,-0.042225,0.99528
0.0039297,0.016505,0.010109,0.087522,0.027775,-0.04106,0.99493
0.0041026,0.016923,0.010734,0.091512,0.028165,-0.039587,0.99462
0.0040308,0.017029,0.011271,0.095393,0.028977,-0.037972,0.99429
0.0040939,0.017279,0.011903,0.099701,0.029816,-0.036519,0.9939
0.0040947,0.01734,0.01251,0.10487,0.030241,-0.035492,0.99339
0.0041072,0.017156,0.013295,0.11119,0.030483,-0.034964,0.99272
0.0040904,0.016843,0.014272,0.11887,0.03107,-0.034782,0.99181
0.003589,0.015681,0.015317,0.1272,0.032083,-0.034697,0.99075
0.0037372,0.015562,0.016258,0.13453,0.033003,-0.034807,0.98975
0.0040869,0.01575,0.016632,0.1389,0.033461,-0.034951,0.98912
0.0044935,0.016209,0.016505,0.14028,0.033536,-0.034961,0.98893
0.004734,0.016782,0.01605,0.13979,0.033717,-0.034664,0.989
0.0045313,0.017089,0.015494,0.13866,0.034616,-0.032199,0.98921
0.0045204,0.017561,0.014979,0.13819,0.035735,-0.031438,0.98926
0.0044742,0.017826,0.014604,0.1389,0.036968,-0.030948,0.98913
0.0045261,0.017982,0.014398,0.14098,0.037893,-0.030654,0.98881
0.0045271,0.018052,0.014316,0.14407,0.038486,-0.030434,0.98835
0.0044838,0.018145,0.014206,0.1475,0.038897,-0.029348,0.98786
0.0044623,0.018126,0.014059,0.15081,0.038815,-0.029274,0.98737
0.0044493,0.018204,0.013808,0.15347,0.038566,-0.029178,0.98697
0.004405,0.018296,0.013452,0.15552,0.038443,-0.028615,0.98667
0.0042832,0.018426,0.013154,0.15723,0.038591,-0.027619,0.98642
0.003924,0.018918,0.012838,0.15909,0.039168,-0.026259,0.98614
0.0037455,0.018993,0.01273,0.16163,0.040042,-0.024961,0.98572
0.0035752,0.01905,0.012667,0.16487,0.040964,-0.023988,0.98517
0.0033451,0.018971,0.012762,0.16885,0.041802,-0.023172,0.98448
0.0032266,0.018919,0.01289,0.1735,0.042379,-0.022607,0.98366
0.0031088,0.018746,0.013076,0.17865,0.042951,-0.022373,0.98272
0.0029822,0.018682,0.013238,0.18405,0.043713,-0.022298,0.98169
0.0029017,0.018691,0.013403,0.18942,0.04473,-0.022127,0.98063
0.0028765,0.018778,0.013494,0.19456,0.045936,-0.021522,0.97958
0.0028157,0.018937,0.013433,0.19929,0.046852,-0.020633,0.9786
0.0028599,0.019127,0.013176,0.20368,0.04747,-0.019114,0.9777
0.0028728,0.019309,0.01281,0.20818,0.047592,-0.018126,0.97676
0.0029404,0.019492,0.012323,0.21287,0.047471,-0.017356,0.97577
0.0030389,0.019644,0.011772,0.21779,0.04741,-0.01675,0.9747
0.0031515,0.019661,0.011342,0.22293,0.04759,-0.016515,0.97353
0.0030523,0.020372,0.010936,0.22808,0.0486,-0.015257,0.97231
0.0034213,0.020318,0.010545,0.23299,0.049638,-0.015255,0.97109
0.0038655,0.020404,0.010201,0.23734,0.050786,-0.015611,0.96997
0.0044788,0.020595,0.00982,0.24102,0.051945,-0.016071,0.96899
0.0052047,0.020997,0.0092459,0.24377,0.052796,-0.016568,0.96825
0.0054504,0.021212,0.0086754,0.24548,0.053457,-0.015457,0.9678
0.0061626,0.021809,0.0078387,0.24671,0.053368,-0.016073,0.96749
0.0068823,0.022343,0.0070082,0.24796,0.053569,-0.01629,0.96715
0.007524,0.022824,0.006269,0.24963,0.054125,-0.016049,0.96669
0.008061,0.023259,0.0055536,0.25146,0.054685,-0.015673,0.96619
0.0084311,0.023551,0.0047637,0.25305,0.055407,-0.014002,0.96576
0.0089311,0.023844,0.0039938,0.25462,0.055578,-0.01408,0.96534
0.0094297,0.024057,0.0031813,0.25617,0.055921,-0.014151,0.96491
0.010002,0.024309,0.0024469,0.25766,0.05648,-0.014348,0.96448
0.010705,0.0247,0.0016953,0.25887,0.056897,-0.014599,0.96412
0.011462,0.025255,0.001,0.25954,0.056815,-0.015014,0.96394
0.012175,0.025944,0.00025004,0.25974,0.05649,-0.015322,0.9639
0.012746,0.026534,-0.00046194,0.26038,0.056474,-0.015131,0.96373
0.013332,0.027044,-0.00096823,0.26228,0.056819,-0.014672,0.9632
0.013791,0.027348,-0.0011956,0.2657,0.057123,-0.014559,0.96225
0.013537,0.027356,-0.0011746,0.27012,0.057131,-0.014293,0.96102
0.013994,0.02745,-0.0010453,0.27458,0.056946,-0.014812,0.95976
0.01439,0.027541,-0.00089435,0.27853,0.056823,-0.015342,0.95862
0.014715,0.027656,-0.0007469,0.28146,0.056687,-0.015817,0.95777
0.015156,0.028001,-0.00079456,0.28335,0.056495,-0.016241,0.95721
0.0158,0.029305,-0.00096507,0.28474,0.05664,-0.015759,0.9568
0.016347,0.029854,-0.0011043,0.28619,0.056677,-0.015928,0.95636
0.016843,0.030272,-0.0011038,0.28889,0.05691,-0.016137,0.95553
0.017356,0.030266,-0.0006562,0.29403,0.057115,-0.01696,0.95394
0.017901,0.030193,-0.00016922,0.29941,0.05712,-0.017954,0.95224
0.018541,0.030116,0.00026361,0.30411,0.057,-0.018799,0.95075
0.019038,0.030253,0.00059954,0.30787,0.056486,-0.019643,0.94955
0.019482,0.030499,0.00072428,0.31035,0.056021,-0.020009,0.94876
0.019931,0.030933,0.00071948,0.31196,0.055413,-0.02002,0.94827
0.02032,0.031404,0.0006225,0.31327,0.054474,-0.019663,0.9479
0.020786,0.031937,0.00046722,0.3146,0.053359,-0.019096,0.94753
0.021245,0.032406,0.00041556,0.31626,0.05235,-0.018687,0.94704
0.021671,0.032794,0.00041497,0.31822,0.051583,-0.018561,0.94643
0.022083,0.033097,0.00053935,0.32044,0.051011,-0.018765,0.94571
0.022481,0.033286,0.00067088,0.32255,0.050492,-0.019402,0.94501
0.02273,0.033397,0.00090373,0.32428,0.049867,-0.0201,0.94443
0.023085,0.033741,0.00099416,0.32535,0.049118,-0.02065,0.94409
0.023396,0.0341,0.0010036,0.32574,0.048362,-0.02075,0.944
0.023671,0.03451,0.00089174,0.32563,0.047692,-0.020215,0.94408
0.023858,0.034925,0.00070328,0.32514,0.046944,-0.019221,0.94431
0.024254,0.035515,0.0005146,0.32454,0.046093,-0.017845,0.94458
0.024488,0.035891,0.00025981,0.32433,0.045022,-0.017111,0.94472
0.024648,0.036117,4.3423e-05,0.32464,0.044168,-0.016957,0.94466
0.024753,0.03619,-3.047e-05,0.32524,0.043644,-0.01717,0.94447
0.024794,0.036239,1.2749e-05,0.32574,0.043378,-0.017507,0.9443
0.024603,0.036032,0.00011838,0.32597,0.043629,-0.016887,0.94422
0.024605,0.036144,0.00012883,0.32599,0.043462,-0.017065,0.94422
0.0246,0.036297,4.3057e-05,0.32561,0.043313,-0.017039,0.94436
0.024551,0.036487,-0.00015407,0.3248,0.042871,-0.016693,0.94466
0.024437,0.036698,-0.00045238,0.32338,0.042301,-0.015983,0.94519
0.024573,0.036934,-0.00088234,0.32189,0.041761,-0.014972,0.94574
0.024439,0.037027,-0.001192,0.32074,0.041208,-0.014381,0.94616
0.024412,0.037005,-0.001498,0.32025,0.040749,-0.014326,0.94635
0.024343,0.036864,-0.0017436,0.32037,0.040327,-0.014465,0.94632
0.024273,0.036682,-0.0019008,0.32067,0.040047,-0.014682,0.94623
0.024132,0.035837,-0.0020587,0.32091,0.039926,-0.014547,0.94616
0.024139,0.035716,-0.0022141,0.32087,0.039884,-0.014681,0.94617
0.024113,0.035705,-0.0023422,0.32052,0.039865,-0.01465,0.94629
0.024158,0.035664,-0.0025025,0.31985,0.039869,-0.0145,0.94652
0.024188,0.035666,-0.0026531,0.31895,0.03986,-0.014269,0.94682
0.02389,0.035575,-0.0027579,0.31802,0.039676,-0.014092,0.94715
0.023854,0.035481,-0.0028933,0.3173,0.039421,-0.014038,0.9474
0.023756,0.035374,-0.0030153,0.31693,0.039016,-0.014107,0.94754
0.023669,0.035134,-0.003146,0.317,0.038633,-0.014205,0.94753
0.023499,0.034856,-0.0032311,0.31731,0.038347,-0.014204,0.94744
0.023277,0.034452,-0.0032848,0.31771,0.038315,-0.013932,0.94731
0.023155,0.034045,-0.0033328,0.31805,0.038415,-0.013788,0.9472
0.02297,0.033682,-0.0033785,0.31822,0.03859,-0.013603,0.94713
0.022808,0.033357,-0.0034843,0.31802,0.038659,-0.013349,0.9472
0.02262,0.033075,-0.0037026,0.31754,0.038581,-0.013022,0.94737
0.022492,0.033143,-0.0039311,0.31686,0.038456,-0.012919,0.94761
0.022223,0.032876,-0.0041142,0.3162,0.038454,-0.012551,0.94783
0.021982,0.032537,-0.0042744,0.31578,0.038552,-0.012218,0.94797
0.021773,0.032228,-0.0043819,0.31564,0.03867,-0.012089,0.94801
0.021621,0.03182,-0.0045415,0.31574,0.038679,-0.012214,0.94798
0.021534,0.030667,-0.0046701,0.31605,0.038581,-0.012726,0.94787
0.02136,0.030209,-0.0048104,0.31627,0.038727,-0.012886,0.94779
0.021159,0.029764,-0.0049517,0.3163,0.038778,-0.013101,0.94778
0.021014,0.029418,-0.0052076,0.31583,0.038886,-0.013155,0.94793
0.020823,0.02918,-0.0054999,0.31482,0.038873,-0.013016,0.94826
0.020504,0.029023,-0.005836,0.3135,0.038881,-0.012671,0.94871
0.020183,0.028935,-0.0061405,0.31209,0.038963,-0.012067,0.94918
0.019976,0.028889,-0.0064715,0.31095,0.038979,-0.011715,0.94955
0.019774,0.028853,-0.0066895,0.31056,0.038833,-0.01182,0.94969
0.01966,0.028645,-0.0068656,0.31088,0.038815,-0.012112,0.94958
0.019533,0.028817,-0.0069524,0.31145,0.038808,-0.012353,0.94939
0.019521,0.028604,-0.0070206,0.31175,0.038878,-0.012687,0.94928
0.01951,0.028494,-0.0071048,0.31175,0.038972,-0.012943,0.94928
0.019509,0.028463,-0.0071547,0.31148,0.039132,-0.012946,0.94936
0.019478,0.028496,-0.007244,0.31103,0.039276,-0.012784,0.9495
0.019561,0.028321,-0.0072954,0.31046,0.039366,-0.012454,0.94969
0.019485,0.028311,-0.0072681,0.30998,0.039204,-0.012216,0.94986
0.019482,0.028344,-0.0072294,0.30969,0.038971,-0.012146,0.94996
0.019509,0.028421,-0.0071103,0.30982,0.03877,-0.012409,0.94992
0.019612,0.028419,-0.0068956,0.31036,0.038724,-0.012825,0.94974
0.019736,0.028782,-0.0067112,0.31094,0.038725,-0.01328,0.94955
0.019929,0.028899,-0.0065152,0.31139,0.038759,-0.013609,0.94939
0.02008,0.028974,-0.0062683,0.31173,0.038784,-0.013857,0.94928
0.020281,0.029107,-0.0060629,0.31203,0.038934,-0.014016,0.94917
0.020506,0.029272,-0.0059434,0.31215,0.039071,-0.01405,0.94912
0.020876,0.029511,-0.0058197,0.3122,0.0386,-0.01549,0.9491
0.020946,0.029669,-0.0056883,0.31217,0.038555,-0.015492,0.94912
0.020965,0.029803,-0.0055304,0.31212,0.038421,-0.015456,0.94914
0.020985,0.029933,-0.0053237,0.31222,0.038341,-0.015498,0.94911
0.020961,0.029994,-0.0050985,0.31249,0.038274,-0.015665,0.94902
0.021266,0.030249,-0.0048547,0.31292,0.038468,-0.015643,0.94887
0.021216,0.030218,-0.0046321,0.31339,0.038624,-0.015709,0.94871
0.021215,0.030224,-0.0044554,0.31376,0.038858,-0.015646,0.94858
0.021159,0.030237,-0.0043441,0.31394,0.038947,-0.015463,0.94852
0.021128,0.030294,-0.0042698,0.31393,0.038939,-0.015205,0.94853
0.021192,0.030423,-0.0042208,0.31376,0.038929,-0.015167,0.94858
0.021102,0.030431,-0.0041753,0.31357,0.038912,-0.014916,0.94865
0.020925,0.030467,-0.0041534,0.31327,0.038934,-0.014752,0.94875
0.020796,0.030488,-0.004102,0.3131,0.038922,-0.014628,0.94881
0.020609,0.030451,-0.0040495,0.31303,0.038958,-0.014545,0.94883
0.020434,0.029842,-0.0040359,0.31292,0.038915,-0.014721,0.94887
0.02036,0.029789,-0.0040586,0.31277,0.039037,-0.014723,0.94891
0.02038,0.029823,-0.0040289,0.31278,0.039125,-0.014762,0.94891
0.020367,0.029784,-0.0040395,0.31281,0.039167,-0.014673,0.94889
0.020321,0.02973,-0.0040712,0.31283,0.039075,-0.014459,0.9489
0.020324,0.03012,-0.004107,0.31272,0.038972,-0.014122,0.94894
0.020168,0.030014,-0.0040946,0.31256,0.03887,-0.01387,0.949
0.020022,0.029945,-0.0041055,0.31233,0.038977,-0.013529,0.94908
0.019858,0.029894,-0.0040578,0.31214,0.039134,-0.013313,0.94914
0.019722,0.029855,-0.0039852,0.312,0.039252,-0.013184,0.94918
0.019373,0.029616,-0.0039377,0.31194,0.039288,-0.013056,0.9492
0.019321,0.02961,-0.0039413,0.31196,0.039204,-0.0131,0.94919
0.019323,0.029618,-0.0039288,0.31196,0.039119,-0.013148,0.9492
0.019323,0.029603,-0.0040715,0.31188,0.039029,-0.013152,0.94923
0.01936,0.02955,-0.0041647,0.31172,0.03893,-0.013031,0.94929
0.019261,0.029457,-0.004264,0.31158,0.039306,-0.011468,0.94934
0.019114,0.02942,-0.0043812,0.31141,0.039116,-0.011177,0.9494
0.018943,0.029328,-0.0044326,0.31115,0.039005,-0.010844,0.9495
0.018688,0.029247,-0.0044832,0.3108,0.038977,-0.01051,0.94962
0.018546,0.029218,-0.0045331,0.31044,0.039036,-0.010218,0.94974
0.018756,0.029259,-0.0046523,0.31,0.039093,-0.010013,0.94988
0.018751,0.029191,-0.0047613,0.30982,0.039084,-0.010021,0.94994
0.018785,0.029148,-0.0049515,0.3097,0.03895,-0.010072,0.94998
0.018832,0.029072,-0.0051511,0.30962,0.038774,-0.010124,0.95002
0.01886,0.02899,-0.0053813,0.30947,0.038509,-0.010181,0.95008
0.019161,0.029113,-0.0056031,0.30916,0.038363,-0.010153,0.95018
0.019152,0.029159,-0.0057903,0.30877,0.038296,-0.010038,0.95031
0.019089,0.029105,-0.0058638,0.30842,0.038363,-0.010005,0.95042
0.019029,0.029051,-0.0059766,0.30811,0.038563,-0.010008,0.95052
0.018943,0.028948,-0.0060337,0.30782,0.038806,-0.0099671,0.9506
0.018262,0.028699,-0.0060851,0.30759,0.039001,-0.0096646,0.95067
0.018211,0.028658,-0.0061395,0.30755,0.039134,-0.0098336,0.95068
0.01817,0.028548,-0.0061278,0.30759,0.039271,-0.010001,0.95066
0.018147,0.028482,-0.0060763,0.30775,0.039459,-0.010206,0.95059
0.018039,0.028366,-0.0061048,0.30775,0.039459,-0.010206,0.95059
0.018005,0.02831,-0.0061202,0.30775,0.039459,-0.010206,0.95059
0.017826,0.028317,-0.0061865,0.30736,0.0393,-0.0099215,0.95073
0.017677,0.028287,-0.0062208,0.30705,0.03932,-0.0096712,0.95083
0.01752,0.028214,-0.0062396,0.30678,0.03947,-0.009416,0.95092
0.017428,0.028171,-0.0062864,0.3066,0.03963,-0.0092864,0.95097
0.01728,0.028136,-0.0061873,0.30654,0.039749,-0.0090246,0.95098
0.017186,0.02811,-0.0060662,0.30666,0.0398,-0.0091071,0.95094
0.017087,0.028101,-0.0059303,0.30696,0.039864,-0.0092686,0.95084
0.017004,0.028117,-0.0057652,0.30724,0.039885,-0.0094732,0.95075
0.016935,0.028137,-0.0056229,0.30741,0.039986,-0.0096807,0.95069
0.016796,0.028099,-0.005506,0.30738,0.040236,-0.0094141,0.95069
0.016702,0.028081,-0.0054014,0.30726,0.04036,-0.0094123,0.95072
0.016598,0.028064,-0.0052856,0.30698,0.040516,-0.0093746,0.95081
0.016481,0.028039,-0.0052062,0.30675,0.040632,-0.0092923,0.95088
0.016376,0.028023,-0.0051151,0.30675,0.040632,-0.0092923,0.95088
0.016294,0.028035,-0.0050884,0.30652,0.040835,-0.0092483,0.95094
0.016163,0.027957,-0.0050002,0.30643,0.040915,-0.0092061,0.95097
0.016123,0.028028,-0.0048728,0.30656,0.040966,-0.0092434,0.95093
0.016103,0.028112,-0.0047624,0.30681,0.041071,-0.0094043,0.95084
0.016033,0.028158,-0.0045652,0.30712,0.041131,-0.0094345,0.95073
0.015947,0.028118,-0.0043949,0.30738,0.041144,-0.0094258,0.95065
0.0157,0.02804,-0.0042509,0.30748,0.041422,-0.0084621,0.95061
0.015581,0.028015,-0.0040948,0.30765,0.041423,-0.0082416,0.95056
0.015418,0.028033,-0.00392,0.30783,0.041341,-0.0080648,0.95051
0.015316,0.028086,-0.0037558,0.30805,0.041303,-0.0078859,0.95044
0.015319,0.028152,-0.003665,0.30818,0.041268,-0.007926,0.9504
0.015092,0.028205,-0.0034822,0.3082,0.041628,-0.006961,0.95039
0.015152,0.028339,-0.0033567,0.3082,0.04172,-0.0071306,0.95038
0.015138,0.028418,-0.0032254,0.30818,0.041812,-0.0073454,0.95038
0.015156,0.028543,-0.0030833,0.30818,0.041904,-0.007515,0.95037
0.015172,0.028655,-0.0030193,0.30818,0.04191,-0.0077325,0.95037
0.015158,0.028703,-0.0029499,0.30828,0.041746,-0.0078635,0.95035
NaN,NaN,NaN,NaN,NaN,NaN,NaN
