0,0,0,-7.8505e-17,0,7.8505e-17,1
-4.9237e-05,-3.2529e-05,-4.2522e-05,8.7508e-05,-6.9661e-07,8.4789e-05,1
-9.7894e-05,-0.00010947,-5.1792e-05,0.00021974,-4.2817e-05,0.0001669,1
-0.00010903,-0.00015159,-8.0048e-05,0.00026252,-2.0898e-06,0.00025436,1
-0.00011302,-0.0002241,-0.00020161,0.00022379,-4.8135e-05,0.00029778,1
-0.00017733,-0.00027295,-0.00023756,0.00018239,-9.9532e-05,0.00042402,1
-0.00022372,-0.00033437,-0.0003306,5.9483e-05,-0.0002377,0.00050621,1
-0.00028546,-0.00041044,-0.00038241,-0.00010815,-0.00033445,0.00059109,1
-0.00033063,-0.00051118,-0.00046808,-0.00032052,-0.00038977,0.00067864,1
-0.00035451,-0.00061053,-0.0005365,-0.00032052,-0.00038977,0.00067864,1
-0.00043807,-0.0006972,-0.00059211,-0.00053288,-0.0004451,0.0007662,1
-0.00049794,-0.0007597,-0.00062339,-0.00066706,-0.00032083,0.00077424,1
-0.0005287,-0.0007838,-0.0006101,-0.00067366,-0.00014853,0.00078223,1
-0.00050741,-0.00079619,-0.00065027,-0.00072168,-2.0954e-05,0.0007889,1
-0.00050441,-0.00079539,-0.00067667,-0.00076641,2.047e-05,0.00079158,1
-0.000536,-0.00081377,-0.00062636,-0.00081114,6.1895e-05,0.00079426,1
-0.00057444,-0.0008225,-0.0005892,-0.00085256,1.717e-05,0.00079295,1
-0.00062462,-0.00086703,-0.00057064,-0.00089399,-2.7556e-05,0.00079163,1
-0.00069352,-0.00092319,-0.00053881,-0.00080318,-0.0001144,0.00087242,1
-0.00079561,-0.0010037,-0.00051426,-0.00066957,-0.00016052,0.0010407,1
-0.00092169,-0.0011413,-0.00047439,-0.00053002,-0.00029411,0.0012497,1
-0.0010626,-0.0013432,-0.00042265,-0.00021945,-0.00042377,0.0014974,1
-0.0012331,-0.001516,-0.00033087,0.00017527,-0.00046131,0.0017063,1
-0.0013596,-0.001646,-0.00028771,0.00057197,-0.00058766,0.0019526,1
-0.0015125,-0.0017801,-0.00036981,0.00080237,-0.00080811,0.0022424,1
-0.0015861,-0.0019022,-0.00048344,0.00081634,-0.0010786,0.0024889,1
-0.0017194,-0.0020199,-0.00069678,0.00074553,-0.0013563,0.0028228,0.99999
-0.0018238,-0.0021646,-0.00097651,0.00054579,-0.0016781,0.0030707,0.99999
-0.0019041,-0.0022707,-0.0012516,0.00025659,-0.001917,0.0033239,0.99999
-0.0019452,-0.0023906,-0.0015868,8.8215e-06,-0.0021112,0.0035785,0.99999
-0.0019105,-0.0024156,-0.0019064,-0.00028771,-0.0022586,0.0037047,0.99999
-0.0018013,-0.0024642,-0.0022545,-0.00058428,-0.0023994,0.0037035,0.99999
-0.0016462,-0.0024808,-0.0025456,-0.00092366,-0.0025809,0.0036149,0.99999
-0.001519,-0.0024888,-0.0028471,-0.0011835,-0.0025869,0.0035329,0.99999
-0.0013305,-0.0025354,-0.0031654,-0.0014459,-0.0025914,0.003406,0.99999
-0.0011391,-0.0025875,-0.0034945,-0.0017071,-0.0025934,0.0032378,0.99999
-0.00094641,-0.0026215,-0.00386,-0.0021386,-0.0026906,0.0031097,0.99999
-0.00078429,-0.0026107,-0.004161,-0.0025253,-0.0028294,0.0029789,0.99999
-0.00068908,-0.0026059,-0.0044096,-0.0029542,-0.0029281,0.0028956,0.99999
-0.00053264,-0.0025751,-0.0046113,-0.0032547,-0.0030635,0.0027634,0.99999
-0.00035988,-0.002477,-0.004692,-0.0034265,-0.0031483,0.0025899,0.99999
-0.00019857,-0.0023995,-0.0047252,-0.0034686,-0.0032737,0.0024536,0.99999
2.4642e-05,-0.0023595,-0.0047001,-0.0033359,-0.0033875,0.002232,0.99999
0.00023368,-0.0023026,-0.0046937,-0.0031631,-0.003459,0.0020529,0.99999
0.0004363,-0.0022433,-0.0046611,-0.0029026,-0.0035313,0.0019587,0.99999
0.00053401,-0.0021849,-0.0045726,-0.0027731,-0.0035654,0.0018685,0.99999
0.00064955,-0.0020941,-0.0045411,-0.0026436,-0.0035995,0.0017783,0.99999
0.00072472,-0.0020322,-0.0044795,-0.0025108,-0.0037198,0.0016841,0.99999
0.00081248,-0.0020109,-0.0044899,-0.0024253,-0.0037972,0.0015478,0.99999
0.00085096,-0.0019624,-0.0043998,-0.002336,-0.0038735,0.001415,0.99999
0.00089356,-0.0019571,-0.0043883,-0.0023399,-0.0038681,0.001284,0.99999
0.00097194,-0.0019059,-0.0043467,-0.0023446,-0.0037779,0.0012019,0.99999
0.0010051,-0.0018978,-0.0043015,-0.0023558,-0.0035155,0.0011277,0.99999
0.00098135,-0.0018748,-0.0042556,-0.0023645,-0.0032545,0.0010984,0.99999
0.00098495,-0.0018694,-0.0042426,-0.0024606,-0.0029993,0.0011117,0.99999
0.00097236,-0.0018453,-0.0041513,-0.0025086,-0.0028718,0.0011184,0.99999
0.00088307,-0.0018547,-0.0041004,-0.0025566,-0.0027442,0.0011251,0.99999
0.0007848,-0.0019048,-0.0040452,-0.0025599,-0.002658,0.0011291,0.99999
0.00077071,-0.0019154,-0.0039988,-0.0025599,-0.002658,0.0011291,0.99999
0.00070897,-0.0020021,-0.0039764,-0.0023876,-0.0026514,0.0011263,0.99999
0.00056816,-0.002101,-0.0039117,-0.0023001,-0.0026521,0.0012111,0.99999
0.00052024,-0.0021622,-0.0038579,-0.0021725,-0.002604,0.0012111,0.99999
0.00034945,-0.002272,-0.003744,-0.0019581,-0.002472,0.0013446,0.99999
0.00020407,-0.0023309,-0.0036144,-0.0017922,-0.0022996,0.0014773,0.99999
5.41e-05,-0.0024321,-0.0035967,-0.0017073,-0.0021334,0.001701,0.99999
-0.00013268,-0.0025456,-0.0035479,-0.0016606,-0.002098,0.0019194,0.99999
-0.00031467,-0.0026582,-0.0035348,-0.0017005,-0.0021533,0.0021317,0.99999
-0.0005044,-0.0027276,-0.0035842,-0.0017399,-0.0021213,0.0023515,0.99999
-0.00070166,-0.0028609,-0.0036508,-0.001866,-0.0021799,0.0025652,0.99999
-0.00087438,-0.0029733,-0.0036865,-0.002033,-0.0021959,0.002785,0.99999
-0.0010513,-0.0030789,-0.0037718,-0.0022026,-0.0022105,0.00296,0.99999
-0.0011321,-0.0031802,-0.0038127,-0.0023321,-0.0021764,0.0030502,0.99999
-0.0012095,-0.0033152,-0.0039233,-0.0024583,-0.0022284,0.0031364,0.99999
-0.0011815,-0.003377,-0.0040369,-0.0026721,-0.0022797,0.0031379,0.99999
-0.0011452,-0.0034357,-0.0042582,-0.0030127,-0.0024639,0.0030905,0.99999
-0.0010691,-0.0034473,-0.0044884,-0.0033554,-0.0025593,0.0030059,0.99999
-0.00096427,-0.0034618,-0.0046796,-0.0036606,-0.0026045,0.0027915,0.99999
-0.00083841,-0.0035083,-0.0048319,-0.0039644,-0.0026538,0.0026634,0.99999
-0.00072517,-0.003553,-0.0049189,-0.0042231,-0.0026572,0.00254,0.99998
-0.00060657,-0.0035962,-0.004953,-0.0044474,-0.0025308,0.0024185,0.99998
-0.00053424,-0.0036598,-0.0049591,-0.0046639,-0.0025742,0.0022476,0.99998
-0.00042316,-0.0036659,-0.005003,-0.0048376,-0.0025768,0.0021642,0.99998
-0.00037831,-0.0036969,-0.0049695,-0.0049243,-0.0026608,0.0020306,0.99998
-0.00031795,-0.0037453,-0.0049674,-0.0048363,-0.0027397,0.0019391,0.99998
-0.00031453,-0.0037715,-0.0049243,-0.0048409,-0.0026496,0.001857,0.99998
-0.00029803,-0.0037567,-0.0048919,-0.0047581,-0.0025601,0.0018596,0.99998
-0.00031481,-0.0037658,-0.0048612,-0.0047581,-0.0025601,0.0018596,0.99998
-0.00034828,-0.0037017,-0.0047886,-0.0047923,-0.0026964,0.0019852,0.99998
-0.00043561,-0.0036933,-0.0047688,-0.0048335,-0.0027477,0.0021114,0.99998
-0.00046066,-0.0036894,-0.0047173,-0.0049573,-0.0028011,0.0022424,0.99998
-0.00051181,-0.0037174,-0.004743,-0.0052004,-0.0030855,0.0025791,0.99998
-0.00056592,-0.003764,-0.0048205,-0.0054849,-0.0034146,0.0029145,0.99997
-0.00069751,-0.003751,-0.0048072,-0.005649,-0.003604,0.0031228,0.99997
-0.00076806,-0.003767,-0.0047361,-0.005559,-0.0036061,0.0032524,0.99997
-0.00085279,-0.0038594,-0.0046917,-0.0056449,-0.003616,0.0033812,0.99997
-0.00092233,-0.003916,-0.0046913,-0.0058144,-0.0036305,0.0035562,0.99997
-0.0010113,-0.0040086,-0.0047465,-0.0060268,-0.0036859,0.0036438,0.99997
-0.001128,-0.0040747,-0.0047632,-0.0062401,-0.0036565,0.0037802,0.99997
-0.0012032,-0.0041557,-0.0048663,-0.0064535,-0.0037144,0.0039091,0.99996
-0.0013861,-0.0042652,-0.0049046,-0.006706,-0.0038185,0.0040815,0.99996
-0.0015161,-0.0043532,-0.0049174,-0.0068732,-0.0038345,0.0043014,0.99996
-0.001611,-0.0044476,-0.0049677,-0.007007,-0.0037168,0.0044368,0.99996
-0.0017091,-0.0045274,-0.0050599,-0.0072246,-0.0036038,0.0046185,0.99996
-0.0018059,-0.0046082,-0.005093,-0.0075284,-0.0034941,0.0048016,0.99995
-0.0019266,-0.0047043,-0.0051673,-0.0077907,-0.0033397,0.0049859,0.99995
-0.002009,-0.0048154,-0.0052035,-0.008053,-0.0031853,0.0051703,0.99995
-0.0021466,-0.0049248,-0.0051887,-0.0082273,-0.0031098,0.0052632,0.99995
-0.0022025,-0.0050104,-0.0052623,-0.0083982,-0.0031204,0.0053521,0.99995
-0.0023256,-0.0050608,-0.0052922,-0.0086554,-0.0031343,0.0054423,0.99994
-0.0024437,-0.0050921,-0.0053476,-0.0088678,-0.0031896,0.0055299,0.99994
-0.0025008,-0.0050912,-0.0053449,-0.0090402,-0.0031963,0.0055327,0.99994
-0.0025386,-0.0050692,-0.0052959,-0.0091286,-0.0031981,0.0054891,0.99994
-0.0026558,-0.0049877,-0.0052154,-0.009301,-0.0032047,0.0054918,0.99994
-0.0027474,-0.0048914,-0.0050971,-0.009472,-0.0032153,0.0055807,0.99993
-0.0028445,-0.0047978,-0.0049773,-0.0095982,-0.0032674,0.0056669,0.99993
-0.0029309,-0.0046482,-0.0048114,-0.0096015,-0.0031812,0.0056709,0.99993
-0.0030085,-0.0045244,-0.0046071,-0.0094324,-0.0030884,0.0056722,0.99993
-0.0030867,-0.0043501,-0.0044578,-0.0092186,-0.0030371,0.0056707,0.99994
-0.0031756,-0.0041563,-0.0042824,-0.009091,-0.0029891,0.0056706,0.99994
-0.0031998,-0.0039255,-0.0041312,-0.0090048,-0.0029857,0.0056693,0.99994
-0.0032654,-0.003682,-0.0039493,-0.0088716,-0.0030253,0.0057101,0.99994
-0.0033856,-0.0034451,-0.0038144,-0.0088636,-0.0032016,0.0057883,0.99994
-0.0034666,-0.0031835,-0.0036912,-0.0089833,-0.0034259,0.0058665,0.99994
-0.0035363,-0.0028698,-0.0035951,-0.0093167,-0.0037016,0.0059462,0.99993
-0.0035889,-0.0025418,-0.0035046,-0.0096982,-0.0038497,0.0060325,0.99993
-0.0036564,-0.0021211,-0.0034039,-0.010092,-0.0037379,0.0060859,0.99992
-0.0037217,-0.0016762,-0.003185,-0.010319,-0.0034447,0.0061033,0.99992
-0.0036931,-0.0012308,-0.0029798,-0.010373,-0.003223,0.0059417,0.99992
-0.0037208,-0.0007159,-0.0027049,-0.010249,-0.003163,0.0056832,0.99993
-0.0037064,-0.00016928,-0.0024292,-0.010169,-0.0031437,0.0053373,0.99993
-0.0037434,0.0004116,-0.0021236,-0.010009,-0.0029488,0.004998,0.99993
-0.003727,0.0010418,-0.0018684,-0.0099355,-0.0027598,0.0047013,0.99994
-0.0037354,0.0017732,-0.0016057,-0.0099063,-0.0025268,0.0043661,0.99994
-0.0036589,0.0025932,-0.0013479,-0.010009,-0.0022583,0.0040761,0.99994
-0.0035778,0.0034304,-0.0010323,-0.010066,-0.0020286,0.0037423,0.99994
-0.0033977,0.0043784,-0.00055811,-0.010084,-0.0017462,0.0032374,0.99994
-0.0032254,0.0053406,1.2863e-05,-0.0099298,-0.0014572,0.0027298,0.99995
-0.0029465,0.0064167,0.00062038,-0.0095166,-0.0012364,0.0020418,0.99995
-0.0026753,0.0075529,0.0012646,-0.0089267,-0.00118,0.0012983,0.99996
-0.0023397,0.0087674,0.0019853,-0.0082946,-0.0010762,0.00051478,0.99996
-0.0020074,0.010025,0.0027235,-0.0076605,-0.0010546,-0.00035891,0.99997
-0.0016702,0.011393,0.003541,-0.0068987,-0.00098488,-0.0012327,0.99997
-0.0013922,0.012818,0.0044802,-0.0060093,-0.00086717,-0.0021064,0.99998
-0.0010953,0.014339,0.0049925,-0.0051186,-0.00075346,-0.002894,0.99998
-0.00089435,0.015932,0.0054048,-0.0045264,-0.00069838,-0.0035927,0.99998
-0.00075927,0.017598,0.0057637,-0.0041467,-0.00069862,-0.0042039,0.99998
-0.00063486,0.019331,0.0060358,-0.0039345,-0.00079562,-0.0047303,0.99998
-0.00054614,0.0211,0.0065074,-0.0037177,-0.00098277,-0.0051744,0.99998
-0.00047712,0.022912,0.0068015,-0.0034587,-0.00121,-0.0056658,0.99998
-0.00037533,0.024679,0.007031,-0.0031525,-0.00148,-0.0061153,0.99998
-0.00022009,0.02648,0.0072399,-0.0027996,-0.0018735,-0.0066577,0.99997
-2.6089e-05,0.028416,0.0073924,-0.0023079,-0.002475,-0.0072538,0.99997
0.00023593,0.03046,0.0077795,-0.001515,-0.0031912,-0.0079494,0.99996
0.00047213,0.032519,0.0078773,-0.00058534,-0.0040266,-0.0087366,0.99995
0.00068359,0.034615,0.0079055,0.0005554,-0.0048091,-0.0095694,0.99994
0.00087675,0.036687,0.0078675,0.001487,-0.0057331,-0.010319,0.99993
0.0010041,0.038805,0.0077259,0.0020307,-0.006633,-0.010974,0.99992
0.0012089,0.040905,0.0074707,0.0019222,-0.0072722,-0.011261,0.99991
0.0014418,0.043017,0.0071434,0.0014098,-0.0075411,-0.011481,0.9999
0.0016882,0.045165,0.0069231,0.00076068,-0.007519,-0.011556,0.9999
0.0020341,0.047316,0.0067181,0.0002771,-0.007483,-0.011807,0.9999
0.0024225,0.049447,0.0065379,-0.00010912,-0.0076935,-0.012242,0.9999
0.0028389,0.051612,0.0063978,-0.00026915,-0.0082777,-0.012829,0.99988
0.0032463,0.053737,0.0063353,-0.00025363,-0.0089351,-0.01355,0.99987
0.0036895,0.055942,0.0063332,-7.1817e-05,-0.0094918,-0.014443,0.99985
0.0040349,0.058162,0.0064033,0.00010071,-0.0098744,-0.015371,0.99983
0.0044179,0.060377,0.0064105,0.00010226,-0.010261,-0.016339,0.99981
0.0046719,0.062666,0.0063188,-0.00015325,-0.010669,-0.017089,0.9998
0.0048861,0.065026,0.0061272,-0.00070183,-0.011151,-0.017405,0.99979
0.0049034,0.067428,0.0059544,-0.0015133,-0.0114,-0.017361,0.99978
0.0049408,0.070356,0.0057546,-0.0024983,-0.011499,-0.016961,0.99979
0.0046887,0.07276,0.0055956,-0.0033956,-0.0116,-0.016476,0.99979
0.0043836,0.075039,0.0053937,-0.004203,-0.011702,-0.015863,0.9998
0.0039374,0.077276,0.0052801,-0.0048325,-0.011973,-0.015217,0.9998
0.003413,0.079366,0.005237,-0.0052875,-0.012232,-0.014659,0.9998
0.0029254,0.081981,0.0052501,-0.005614,-0.012528,-0.014149,0.99981
0.0022163,0.084058,0.0052145,-0.0058564,-0.012738,-0.01355,0.99981
0.0013823,0.086189,0.0052635,-0.006094,-0.013038,-0.012868,0.99981
0.0005181,0.088376,0.0053276,-0.0063382,-0.013166,-0.012179,0.99982
-0.00042215,0.090566,0.0054692,-0.00646,-0.013078,-0.011395,0.99983
-0.0013523,0.092784,0.0055641,-0.006709,-0.012957,-0.010477,0.99984
-0.0022656,0.094882,0.0055775,-0.0072675,-0.012639,-0.0094166,0.99985
-0.0032504,0.096968,0.0057231,-0.0079079,-0.012335,-0.008096,0.99986
-0.0042063,0.09903,0.0057574,-0.0087193,-0.012043,-0.0066866,0.99987
-0.0051083,0.101,0.0058044,-0.0090923,-0.011904,-0.0053336,0.99987
-0.0053748,0.10409,0.0057611,-0.009291,-0.01184,-0.0040734,0.99988
-0.0063004,0.1058,0.0054799,-0.0092245,-0.011939,-0.0028253,0.99988
-0.0071823,0.10747,0.0051896,-0.0091976,-0.012164,-0.0016686,0.99988
-0.0081107,0.10907,0.005154,-0.0091725,-0.012308,-0.0004218,0.99988
-0.0090909,0.11076,0.0053056,-0.0092827,-0.012243,0.00088181,0.99988
-0.0096341,0.11323,0.0054557,-0.009615,-0.012061,0.0022776,0.99988
-0.01048,0.11476,0.0055427,-0.010115,-0.011889,0.0037657,0.99987
-0.011359,0.11623,0.005679,-0.010487,-0.011754,0.005205,0.99986
-0.012028,0.11737,0.0055088,-0.010811,-0.011742,0.0065514,0.99985
-0.012671,0.11847,0.0049278,-0.010963,-0.011802,0.0077188,0.99984
-0.01264,0.12068,0.0045071,-0.010902,-0.011885,0.0086223,0.99983
-0.013211,0.12176,0.0038479,-0.011816,-0.012478,0.0094748,0.99981
-0.013738,0.12285,0.0031574,-0.012427,-0.013102,0.01032,0.99978
-0.014178,0.12407,0.0024684,-0.013248,-0.013862,0.011122,0.99975
-0.01453,0.12528,0.0023966,-0.014357,-0.01502,0.011866,0.99971
-0.014799,0.12643,0.002572,-0.014474,-0.015099,0.012555,0.9997
-0.014977,0.12735,0.0026978,-0.014511,-0.014997,0.013123,0.9997
-0.015077,0.12819,0.0027934,-0.014595,-0.014852,0.013649,0.99969
-0.015134,0.12902,0.0023788,-0.014599,-0.014607,0.013965,0.99969
-0.015078,0.12984,0.001959,-0.01549,-0.014954,0.014179,0.99967
-0.014613,0.13128,0.002315,-0.015033,-0.014385,0.014414,0.99968
-0.014516,0.13211,0.0026717,-0.014698,-0.013955,0.014732,0.99969
-0.014378,0.13296,0.0029944,-0.014443,-0.0137,0.015044,0.99969
-0.014291,0.13374,0.0032661,-0.014361,-0.013454,0.015399,0.99969
-0.014165,0.1345,0.0035003,-0.014365,-0.013211,0.015755,0.99969
-0.014102,0.13513,0.0036743,-0.014453,-0.012973,0.016158,0.99968
-0.013962,0.1358,0.0036651,-0.014582,-0.012865,0.01651,0.99967
-0.013881,0.13643,0.0036102,-0.015191,-0.012642,0.01679,0.99966
-0.013808,0.13701,0.0035437,-0.015712,-0.012497,0.016979,0.99965
-0.0137,0.13757,0.0034922,-0.016103,-0.012387,0.017077,0.99965
-0.01327,0.13853,0.0034625,-0.016539,-0.012316,0.017043,0.99964
-0.013143,0.13898,0.0033283,-0.017065,-0.012161,0.017014,0.99964
-0.012967,0.13947,0.0032976,-0.017465,-0.011869,0.016907,0.99963
-0.012769,0.13994,0.0032726,-0.017871,-0.01149,0.0168,0.99963
-0.012538,0.14039,0.0032264,-0.018146,-0.011148,0.016648,0.99963
-0.011851,0.14138,0.003277,-0.017767,-0.010992,0.01639,0.99965
-0.011621,0.14175,0.0033932,-0.017387,-0.01084,0.016217,0.99966
-0.011425,0.14205,0.0035197,-0.017134,-0.01074,0.016131,0.99967
-0.011244,0.14228,0.0036011,-0.017057,-0.010558,0.016006,0.99967
-0.011071,0.14252,0.0037359,-0.01694,-0.010246,0.015891,0.99968
-0.010909,0.14274,0.0038889,-0.016867,-0.0099759,0.015729,0.99968
-0.010754,0.14292,0.0039358,-0.017094,-0.0097609,0.015571,0.99968
-0.010554,0.14309,0.0039264,-0.017274,-0.0096718,0.01536,0.99969
-0.010286,0.14324,0.0039328,-0.017409,-0.0096219,0.015106,0.99969
-0.0099977,0.14334,0.0039018,-0.017588,-0.0096149,0.014805,0.99969
-0.0093204,0.144,0.0040139,-0.017594,-0.0095991,0.014461,0.99969
-0.0090532,0.14407,0.0041909,-0.01748,-0.0093612,0.014079,0.9997
-0.0087642,0.14413,0.0043719,-0.017407,-0.0091698,0.013741,0.99971
-0.0085371,0.14418,0.0045952,-0.017291,-0.0089336,0.013405,0.99972
-0.0082866,0.14424,0.0048331,-0.017,-0.0087769,0.013061,0.99973
-0.0078535,0.14454,0.0049692,-0.016758,-0.0084949,0.012766,0.99974
-0.0077832,0.14445,0.0051235,-0.016767,-0.0083123,0.012561,0.99975
-0.0076767,0.14433,0.0051704,-0.017035,-0.0081444,0.012441,0.99974
-0.0075824,0.14421,0.0051011,-0.017441,-0.007766,0.012334,0.99974
-0.0074916,0.14405,0.0050161,-0.017804,-0.0073422,0.012233,0.99974
-0.0073586,0.14396,0.0048852,-0.017804,-0.0073422,0.012233,0.99974
-0.0073481,0.14369,0.004684,-0.01808,-0.0069198,0.012212,0.99974
-0.0073159,0.14334,0.0043333,-0.018823,-0.006731,0.012188,0.99973
-0.0072297,0.14292,0.0039418,-0.019169,-0.0067403,0.012108,0.99972
-0.0071419,0.1425,0.0035239,-0.019432,-0.0066577,0.011989,0.99972
-0.0070991,0.14197,0.0031184,-0.019432,-0.0066577,0.011989,0.99972
-0.006989,0.14143,0.0026339,-0.019741,-0.0066191,0.011819,0.99971
-0.006871,0.14085,0.0020554,-0.020616,-0.0064664,0.011538,0.9997
-0.0068245,0.14016,0.0015578,-0.021091,-0.0064392,0.011506,0.99969
-0.0067788,0.13943,0.0010846,-0.021575,-0.0062405,0.011479,0.99968
-0.0067838,0.13868,0.00074877,-0.021575,-0.0062405,0.011479,0.99968
-0.0068146,0.13788,0.00047754,-0.022022,-0.0058263,0.011506,0.99967
-0.0067777,0.13703,4.1463e-05,-0.02312,-0.0053116,0.011635,0.99965
-0.006793,0.13619,-0.00023829,-0.02312,-0.0053116,0.011635,0.99965
-0.0067878,0.13535,-0.0006272,-0.023769,-0.0052894,0.011561,0.99964
-0.0059364,0.13561,-0.0010229,-0.024342,-0.005086,0.011363,0.99963
-0.0059382,0.13471,-0.0013577,-0.024872,-0.0048419,0.011252,0.99962
-0.0058507,0.13377,-0.0016501,-0.025228,-0.0045927,0.011183,0.99961
-0.0057755,0.13281,-0.0019771,-0.025666,-0.004437,0.011198,0.9996
-0.0056103,0.13179,-0.0023688,-0.026017,-0.0042779,0.011211,0.99959
-0.0053445,0.13082,-0.002723,-0.026365,-0.004205,0.011221,0.99958
-0.0051523,0.12972,-0.003036,-0.026876,-0.0043971,0.011221,0.99957
-0.0049332,0.12854,-0.0034113,-0.02747,-0.0046812,0.01126,0.99955
-0.0047388,0.1273,-0.0036557,-0.02799,-0.0046149,0.011272,0.99953
-0.0045392,0.12603,-0.0038509,-0.028477,-0.0043276,0.011207,0.99952
-0.0042294,0.12484,-0.0039278,-0.028935,-0.0037291,0.010984,0.99951
-0.0039511,0.12351,-0.0039239,-0.029486,-0.0029616,0.01077,0.9995
-0.0036204,0.1222,-0.003929,-0.029994,-0.0022341,0.010508,0.99949
-0.003245,0.12083,-0.0039413,-0.03041,-0.001669,0.010109,0.99948
-0.0029072,0.11942,-0.0039628,-0.030686,-0.0014031,0.0097356,0.99948
-0.0026286,0.11796,-0.0039652,-0.031123,-0.0014036,0.009398,0.99947
-0.0023471,0.11647,-0.0039218,-0.031559,-0.0014082,0.0091465,0.99946
-0.0020635,0.11495,-0.0039076,-0.032037,-0.0014561,0.0088487,0.99945
-0.0018623,0.11345,-0.0037562,-0.032482,-0.0012021,0.0086091,0.99943
-0.0015857,0.11195,-0.0035631,-0.032852,-0.00060429,0.0084702,0.99942
-0.0013271,0.11049,-0.0033042,-0.033142,0.00016517,0.0084241,0.99942
-0.0010588,0.109,-0.0031181,-0.033465,0.0007136,0.0084548,0.9994
-0.00080312,0.10745,-0.0029746,-0.033735,0.0010443,0.008561,0.99939
-0.00059504,0.10582,-0.0028867,-0.034171,0.0011961,0.0086619,0.99938
-0.0003788,0.10415,-0.0027182,-0.034653,0.0013933,0.0086794,0.99936
-0.00037522,0.10212,-0.0025086,-0.035138,0.0015985,0.0085246,0.99934
-0.00018589,0.10036,-0.0021983,-0.035497,0.001853,0.0083247,0.99933
-3.6014e-05,0.098639,-0.0018658,-0.035814,0.002155,0.0080851,0.99932
0.00019346,0.096964,-0.0014777,-0.036004,0.0025078,0.0078044,0.99932
0.00040452,0.095317,-0.0010225,-0.036112,0.0029485,0.0075222,0.99932
-0.00019462,0.093248,-0.0012792,-0.036265,0.0034334,0.0072017,0.99931
3.7136e-05,0.091678,-0.00079353,-0.036377,0.003963,0.0068825,0.99931
0.0009072,0.090283,0.0003377,-0.036485,0.0044065,0.0065593,0.9993
0.0011613,0.088697,0.00075099,-0.036504,0.0047642,0.0062718,0.9993
0.0013804,0.087031,0.0011922,-0.036558,0.0049888,0.0060691,0.9993
0.00062051,0.084153,0.00086248,-0.036568,0.0051691,0.0059048,0.9993
0.00082667,0.082412,0.0014015,-0.036502,0.0056123,0.0057061,0.9993
0.0016077,0.080768,0.0023512,-0.036478,0.0060166,0.0054238,0.9993
0.0017787,0.078997,0.0027834,-0.036367,0.0063401,0.0050463,0.99931
0.0023778,0.079134,0.0035381,-0.036044,0.006722,0.00454,0.99932
0.0020541,0.07733,0.0033911,-0.035634,0.0071031,0.0041184,0.99933
0.0021718,0.075616,0.0039884,-0.035266,0.0075186,0.0038269,0.99934
0.0026726,0.074077,0.0052842,-0.034899,0.0080182,0.0036292,0.99935
0.0027703,0.072432,0.0058592,-0.034491,0.0085595,0.003474,0.99936
0.0028489,0.0708,0.0064168,-0.034036,0.0090585,0.0033611,0.99937
0.0025959,0.069024,0.0062288,-0.033484,0.0092952,0.0033622,0.99939
0.0026741,0.067205,0.0067784,-0.032881,0.0093182,0.0033526,0.99941
0.0028993,0.065378,0.0081355,-0.032145,0.0092991,0.0034252,0.99943
0.0029097,0.063441,0.0087368,-0.03128,0.0092489,0.0033663,0.99946
0.002915,0.061452,0.0094102,-0.030288,0.0092477,0.0032625,0.99949
0.0027058,0.059524,0.0093545,-0.029126,0.0092571,0.0030698,0.99953
0.0026564,0.057352,0.010149,-0.027967,0.0093526,0.0028811,0.99956
0.0029364,0.055543,0.011763,-0.026899,0.0096161,0.0027466,0.99959
0.0029884,0.053698,0.01254,-0.025879,0.010004,0.00266,0.99961
0.0030249,0.051843,0.013278,-0.025028,0.010302,0.0025309,0.99963
0.0028127,0.049882,0.013225,-0.024173,0.010507,0.0025252,0.99965
0.0028824,0.048145,0.013968,-0.023355,0.010585,0.0024729,0.99967
0.0031309,0.046135,0.015439,-0.022408,0.010625,0.0023718,0.99969
0.0031959,0.044078,0.016102,-0.021418,0.010631,0.0021405,0.99971
0.0032681,0.042049,0.016752,-0.020382,0.01051,0.0018577,0.99974
0.0031615,0.040057,0.016757,-0.019263,0.010564,0.0016263,0.99976
0.0032873,0.038474,0.017578,-0.018074,0.010966,0.0013648,0.99978
0.0035256,0.036522,0.019181,-0.0168,0.011457,0.0011507,0.99979
0.0036193,0.034607,0.019926,-0.015905,0.011718,0.00093267,0.9998
0.0036834,0.032657,0.02059,-0.015089,0.011796,0.00083558,0.99982
0.003724,0.030737,0.020469,-0.014137,0.011749,0.00077522,0.99983
0.0038612,0.028792,0.021036,-0.013096,0.011619,0.00070949,0.99985
0.0040292,0.026717,0.022423,-0.011968,0.011493,0.0006424,0.99986
0.0041185,0.024604,0.023059,-0.010793,0.011235,0.00061003,0.99988
0.0042906,0.022468,0.023731,-0.009666,0.011106,0.00058434,0.99989
0.0042792,0.020306,0.023769,-0.0084573,0.011239,0.00061738,0.9999
0.0044274,0.018149,0.024576,-0.0072573,0.011457,0.0006063,0.99991
0.0047469,0.015996,0.026017,-0.0061015,0.011727,0.00042896,0.99991
0.0049283,0.013907,0.02675,-0.0051183,0.011901,0.000247,0.99992
0.0051803,0.011875,0.027356,-0.0042182,0.011994,-6.5148e-05,0.99992
0.0052313,0.009873,0.027417,-0.0034054,0.01208,-0.00033451,0.99992
0.0054718,0.0088789,0.028101,-0.0025467,0.012128,-0.00064799,0.99992
0.0058581,0.0070748,0.028878,-0.0016426,0.012049,-0.0010128,0.99993
0.0059429,0.0052754,0.028949,-0.00081869,0.01188,-0.0013356,0.99993
0.0061521,0.00355,0.029612,-8.2248e-05,0.011704,-0.0016156,0.99993
0.0061677,0.0019433,0.029723,0.00047798,0.011694,-0.0018402,0.99993
0.006205,0.00044236,0.030079,0.00081926,0.011793,-0.0018416,0.99993
0.0062346,-0.00095878,0.030608,0.0008988,0.011968,-0.001835,0.99993
0.0062133,-0.0022503,0.030883,0.00088559,0.012313,-0.001819,0.99992
0.0061651,-0.0035851,0.032053,0.00087975,0.012566,-0.0016762,0.99992
0.0061714,-0.0049107,0.032067,0.00091593,0.012779,-0.0015807,0.99992
0.0062048,-0.0066926,0.033225,0.00099352,0.013037,-0.0014839,0.99991
0.0061679,-0.0080312,0.035274,0.0012066,0.013173,-0.0014366,0.99991
0.00617,-0.0091446,0.036087,0.0014632,0.013272,-0.0014781,0.99991
0.0060396,-0.010178,0.036892,0.0017216,0.013282,-0.0014822,0.99991
0.0060415,-0.010877,0.037264,0.0033821,0.01399,-0.0013893,0.9999
0.0059252,-0.011516,0.038407,0.0049606,0.014689,-0.0011641,0.99988
0.0056549,-0.012277,0.040493,0.0065839,0.015347,-0.00094167,0.99986
0.0056532,-0.012697,0.040508,0.0068529,0.015173,-0.00069528,0.99986
0.0054073,-0.013132,0.041341,0.0070772,0.015039,-0.00044621,0.99986
0.0051498,-0.013557,0.041953,0.0073044,0.014906,-0.00015243,0.99986
0.0048062,-0.014179,0.042449,0.0073926,0.014979,0.00019481,0.99986
0.004153,-0.014486,0.042728,0.0080762,0.015418,0.00063798,0.99985
0.0040817,-0.014624,0.042714,0.0079901,0.015566,0.0010781,0.99985
0.0034953,-0.014905,0.042781,0.0078673,0.01558,0.001599,0.99985
0.0034364,-0.015127,0.042707,0.0076617,0.015505,0.0021173,0.99985
0.0031297,-0.015392,0.042715,0.0074547,0.015433,0.0025494,0.99985
0.0026493,-0.015723,0.042968,0.0075478,0.015424,0.0028513,0.99985
0.0023904,-0.015935,0.043197,0.0079427,0.015386,0.0030602,0.99985
0.002175,-0.016153,0.04341,0.0084686,0.015226,0.0032163,0.99984
0.0021294,-0.016262,0.043548,0.0090344,0.015199,0.0033364,0.99984
0.0020388,-0.01765,0.043861,0.009769,0.015264,0.0034577,0.99983
0.0018652,-0.017796,0.044153,0.010414,0.015413,0.0035843,0.99982
0.0017121,-0.017925,0.044348,0.010632,0.015459,0.0037139,0.99982
0.0015707,-0.018006,0.044543,0.010633,0.015533,0.0039763,0.99981
0.0014651,-0.018068,0.044693,0.010413,0.015728,0.0042481,0.99981
0.0012987,-0.017689,0.044792,0.01019,0.01601,0.0045239,0.99981
0.0010917,-0.017856,0.045043,0.010186,0.016259,0.004753,0.9998
0.001046,-0.017927,0.045119,0.010353,0.016434,0.0048444,0.9998
0.00097342,-0.018055,0.04536,0.010694,0.016533,0.0048428,0.99979
0.00085599,-0.018144,0.04557,0.011085,0.016593,0.0048423,0.99979
0.00072233,-0.017328,0.045794,0.011429,0.016606,0.0048368,0.99979
0.0005889,-0.0174,0.046049,0.011725,0.016746,0.0048379,0.99978
0.00051498,-0.017421,0.04633,0.011932,0.01697,0.0048444,0.99977
0.000482,-0.017402,0.046533,0.011925,0.017227,0.0049013,0.99977
0.00048444,-0.017353,0.04676,0.011919,0.0174,0.0049092,0.99977
0.00039529,-0.016523,0.04705,0.012036,0.017706,0.0049211,0.99976
0.00039003,-0.016489,0.047374,0.012328,0.018022,0.004889,0.99975
0.00034497,-0.016393,0.047744,0.01279,0.018348,0.004768,0.99974
0.00035681,-0.016245,0.048072,0.013254,0.018585,0.0046842,0.99973
0.00034361,-0.016056,0.048354,0.013554,0.018647,0.004554,0.99972
0.00032699,-0.015832,0.048527,0.013771,0.018612,0.0045485,0.99972
0.00025363,-0.015543,0.048698,0.013771,0.018612,0.0045485,0.99972
0.00024796,-0.015235,0.048816,0.013682,0.018695,0.0045539,0.99972
0.00025633,-0.014948,0.049011,0.013808,0.018832,0.0045166,0.99972
0.0002262,-0.014683,0.049264,0.013968,0.019016,0.0043907,0.99971
0.00021286,-0.014046,0.049566,0.01431,0.019122,0.0042618,0.99971
0.00023208,-0.013571,0.049834,0.014568,0.019143,0.0040442,0.9997
0.00027132,-0.013052,0.050012,0.014868,0.01912,0.0038651,0.9997
0.0003583,-0.012434,0.050192,0.01512,0.019138,0.0036438,0.9997
0.0004553,-0.011785,0.050367,0.015464,0.019162,0.0034247,0.99969
0.00056349,-0.010157,0.050597,0.015849,0.019146,0.0031581,0.99969
0.00070918,-0.0094457,0.050796,0.016279,0.019173,0.0029377,0.99968
0.00087197,-0.008621,0.051052,0.016493,0.019061,0.0027111,0.99968
0.0011147,-0.0077398,0.05129,0.016753,0.018915,0.0023545,0.99968
0.0013913,-0.0067901,0.051546,0.017186,0.018778,0.0019537,0.99967
0.0016437,-0.005398,0.051963,0.017836,0.018525,0.0014126,0.99967
0.0019337,-0.0042412,0.052389,0.01866,0.018192,0.0008648,0.99966
0.0022335,-0.0030577,0.052825,0.019446,0.017819,0.00027427,0.99965
0.0025877,-0.0018394,0.053305,0.020305,0.017629,-0.00052666,0.99964
0.0029279,-0.00061425,0.053864,0.020815,0.017602,-0.0013556,0.99963
0.0032423,-0.00017003,0.054542,0.021281,0.017441,-0.0021931,0.99962
0.003534,0.0011084,0.055186,0.021674,0.017023,-0.0030828,0.99962
0.0038551,0.0026859,0.055383,0.021985,0.01651,-0.003889,0.99961
0.0042095,0.004276,0.055474,0.022295,0.015917,-0.0048299,0.99961
0.00455,0.0060026,0.055474,0.022689,0.015331,-0.0058583,0.99961
0.0048635,0.0076059,0.055576,0.023638,0.015065,-0.0067923,0.99958
0.0051869,0.0094194,0.055698,0.024328,0.014783,-0.0075944,0.99957
0.0054649,0.011316,0.055792,0.024544,0.014436,-0.0083495,0.99956
0.0058541,0.013207,0.055885,0.024805,0.014134,-0.0090588,0.99955
0.0062184,0.015087,0.055953,0.025151,0.013838,-0.0098557,0.99954
0.0065568,0.016887,0.056122,0.025579,0.013632,-0.01065,0.99952
0.0069361,0.018922,0.05633,0.026313,0.013398,-0.011492,0.9995
0.0073353,0.021068,0.056586,0.027133,0.013077,-0.012298,0.99947
0.0077306,0.023137,0.056641,0.027538,0.012403,-0.013242,0.99946
0.008029,0.02522,0.056654,0.027981,0.011685,-0.014191,0.99944
0.0084139,0.02759,0.056648,0.028418,0.011225,-0.015083,0.99942
0.0087373,0.029695,0.056748,0.028932,0.011022,-0.015878,0.99939
0.0091203,0.031891,0.05682,0.029313,0.011029,-0.016617,0.99937
0.0094354,0.034117,0.056932,0.02965,0.010988,-0.017316,0.99935
0.0098518,0.036424,0.057064,0.029949,0.010816,-0.01802,0.99933
0.010217,0.038883,0.057105,0.0303,0.010426,-0.018648,0.99931
0.010591,0.041353,0.057221,0.030655,0.0099503,-0.019281,0.99929
0.01092,0.043837,0.057263,0.031179,0.0095743,-0.02004,0.99927
0.011182,0.046322,0.057329,0.031793,0.0089409,-0.020814,0.99924
0.011373,0.048738,0.057343,0.032385,0.0080878,-0.021466,0.99921
0.011453,0.051133,0.057399,0.032752,0.0073455,-0.021938,0.9992
0.011581,0.053597,0.057556,0.033022,0.0069406,-0.022307,0.99918
0.011709,0.056096,0.057676,0.033113,0.0066124,-0.022626,0.99917
0.011832,0.058589,0.057831,0.033164,0.0063245,-0.0229,0.99917
0.012037,0.061175,0.05788,0.033041,0.0060232,-0.023042,0.99917
0.012188,0.063779,0.057907,0.032931,0.0054664,-0.023239,0.99917
0.012411,0.066465,0.057874,0.032859,0.0049554,-0.023478,0.99917
0.012576,0.069115,0.057848,0.032836,0.0043238,-0.023852,0.99917
0.012698,0.071774,0.057894,0.033162,0.0035369,-0.024326,0.99915
0.01281,0.074394,0.057886,0.033612,0.0029691,-0.024747,0.99912
0.013185,0.077806,0.057929,0.034009,0.0026122,-0.025115,0.9991
0.013337,0.080403,0.05795,0.034365,0.0022955,-0.025437,0.99908
0.013493,0.083072,0.057914,0.034197,0.0020357,-0.025577,0.99909
0.013679,0.085746,0.057796,0.033687,0.0018369,-0.025449,0.99911
0.013793,0.088293,0.057625,0.03291,0.0018827,-0.025219,0.99914
0.014137,0.090976,0.057423,0.032038,0.0021055,-0.025153,0.99917
0.014502,0.093377,0.057252,0.031509,0.0022673,-0.025354,0.99918
0.014943,0.095755,0.057097,0.031288,0.0021551,-0.025917,0.99917
0.015467,0.098132,0.056994,0.031199,0.0018445,-0.026752,0.99915
0.015995,0.10057,0.056775,0.031204,0.0014497,-0.027547,0.99913
0.016892,0.10366,0.056573,0.031037,0.00095951,-0.028302,0.99912
0.017502,0.10619,0.05638,0.030788,0.00054286,-0.028836,0.99911
0.017979,0.10876,0.056192,0.030368,0.00010491,-0.029066,0.99912
0.018326,0.11125,0.055879,0.029513,-0.00011375,-0.028805,0.99915
0.018565,0.1137,0.055565,0.028301,7.3149e-05,-0.02826,0.9992
0.018856,0.11623,0.055329,0.027123,0.00056592,-0.027744,0.99925
0.019094,0.11855,0.055099,0.026293,0.00081872,-0.027375,0.99928
0.019296,0.12076,0.054951,0.025832,0.00048837,-0.027168,0.9993
0.019528,0.12286,0.05486,0.02568,-3.5129e-05,-0.02719,0.9993
0.019756,0.12486,0.054836,0.025873,-0.00062359,-0.027393,0.99929
0.020082,0.12691,0.054861,0.026282,-0.0012468,-0.0276,0.99927
0.020343,0.12891,0.05496,0.026737,-0.0018267,-0.027763,0.99926
0.020518,0.13086,0.055122,0.0271,-0.0022417,-0.027831,0.99924
0.020678,0.13282,0.055356,0.027417,-0.0026218,-0.027767,0.99923
0.020831,0.13478,0.05558,0.027737,-0.003088,-0.027707,0.99923
0.020925,0.13682,0.055718,0.02807,-0.0037319,-0.027525,0.99922
0.020932,0.13879,0.055732,0.028278,-0.0045206,-0.027133,0.99922
0.020853,0.14075,0.055739,0.028486,-0.0052312,-0.026564,0.99923
0.020758,0.14269,0.0557,0.028648,-0.0058117,-0.026031,0.99923
0.020614,0.14453,0.055707,0.028931,-0.0062564,-0.025538,0.99924
0.020029,0.14574,0.055732,0.029171,-0.0066572,-0.025085,0.99924
0.019837,0.14748,0.055777,0.029277,-0.0070185,-0.024671,0.99924
0.019737,0.14918,0.055748,0.029174,-0.0076058,-0.024222,0.99925
0.019682,0.15086,0.055683,0.028942,-0.0081527,-0.023811,0.99926
0.019696,0.15246,0.055513,0.028664,-0.0086502,-0.023571,0.99927
0.019612,0.15398,0.055319,0.028292,-0.0090633,-0.023368,0.99929
0.019484,0.15559,0.055042,0.02783,-0.0093154,-0.022985,0.9993
0.01927,0.15718,0.054885,0.027497,-0.0094389,-0.022467,0.99932
0.019069,0.1587,0.054735,0.027161,-0.009398,-0.021768,0.99935
0.018859,0.16023,0.054532,0.026864,-0.0093187,-0.02094,0.99938
0.018973,0.16203,0.054223,0.026577,-0.0093249,-0.020114,0.9994
0.018762,0.16347,0.053834,0.026245,-0.0094586,-0.019381,0.99942
0.01856,0.16489,0.053336,0.025695,-0.0095474,-0.018858,0.99945
0.018303,0.16627,0.052847,0.024697,-0.0094716,-0.018539,0.99948
0.018181,0.1677,0.052298,0.023472,-0.0090079,-0.018369,0.99952
0.018301,0.16935,0.051736,0.022152,-0.008293,-0.0181,0.99956
0.018242,0.17068,0.051152,0.020868,-0.0075341,-0.01783,0.99959
0.018078,0.17193,0.05068,0.019546,-0.006737,-0.017471,0.99963
0.017932,0.17311,0.050213,0.018264,-0.0059014,-0.016981,0.99967
0.017793,0.17418,0.049795,0.017031,-0.0051089,-0.01645,0.99971
0.017962,0.17552,0.04935,0.015836,-0.0041854,-0.015914,0.99974
0.017878,0.17655,0.049057,0.014808,-0.0031652,-0.015462,0.99977
0.017833,0.17754,0.048821,0.013823,-0.0021823,-0.015099,0.99979
0.017808,0.17847,0.048691,0.012931,-0.0013685,-0.014746,0.99981
0.017793,0.17934,0.048466,0.012046,-0.00072693,-0.0144,0.99982
0.017938,0.18012,0.048551,0.012046,-0.00072693,-0.0144,0.99982
0.018158,0.18094,0.04829,0.010062,-0.00081486,-0.014158,0.99985
0.018386,0.18172,0.047079,0.0067631,-0.00151,-0.014008,0.99988
0.018683,0.1825,0.046675,0.0067631,-0.00151,-0.014008,0.99988
0.018984,0.18309,0.045851,0.0054418,-0.0020364,-0.014013,0.99988
0.0194,0.18371,0.045511,0.005303,-0.0018219,-0.014087,0.99989
0.019757,0.18443,0.045475,0.0052904,-0.0015555,-0.014247,0.99988
0.020185,0.1851,0.045485,0.0053176,-0.0012469,-0.014364,0.99988
0.020645,0.18575,0.045593,0.0054345,-0.0010146,-0.014614,0.99988
0.021079,0.18624,0.045576,0.0054686,-0.00087175,-0.014868,0.99987
0.021501,0.18665,0.045572,0.0055013,-0.00072489,-0.015207,0.99987
0.021993,0.18705,0.045545,0.0054508,-0.00058268,-0.015501,0.99986
0.02254,0.18745,0.045429,0.0053977,-0.00052393,-0.015887,0.99986
0.023046,0.18777,0.045374,0.0055199,-0.00045991,-0.016232,0.99985
0.023602,0.18808,0.045176,0.0052147,-0.00049856,-0.016574,0.99985
0.024248,0.18838,0.045086,0.0051603,-0.00043582,-0.017046,0.99984
0.024856,0.18864,0.04499,0.0052379,-0.00032372,-0.017517,0.99983
0.02536,0.18883,0.045002,0.0053953,-0.0001275,-0.0179,0.99983
0.02584,0.18901,0.044992,0.0056949,-0.00022518,-0.018341,0.99982
0.02624,0.18913,0.044966,0.0057789,-0.00029204,-0.018691,0.99981
0.026967,0.18959,0.044946,0.0056907,-0.00036551,-0.019039,0.9998
0.027346,0.18972,0.045021,0.0056853,-0.00034952,-0.019383,0.9998
0.027765,0.18981,0.045,0.0057647,-0.00032624,-0.019816,0.99979
0.028229,0.18994,0.04487,0.0054548,-0.00027473,-0.02024,0.99978
0.028679,0.18998,0.044624,0.0051372,-0.00013842,-0.020662,0.99977
0.029268,0.1901,0.044331,0.0048208,8.5386e-05,-0.021078,0.99977
0.02968,0.18999,0.043865,0.00437,0.00042678,-0.021358,0.99976
0.030035,0.18977,0.043325,0.0036623,0.00076099,-0.021677,0.99976
0.030347,0.18944,0.043179,0.0036201,0.00064211,-0.021941,0.99975
0.030653,0.18908,0.043001,0.0036279,0.00031349,-0.022302,0.99974
0.03131,0.18907,0.042799,0.003639,-0.00010128,-0.022667,0.99974
0.031555,0.18867,0.042587,0.0036486,-0.00051872,-0.022989,0.99973
0.031773,0.18825,0.042034,0.0031677,-0.00048448,-0.023196,0.99973
0.0318,0.18786,0.041606,0.0026416,-0.000324,-0.023353,0.99972
0.031829,0.18745,0.041086,0.0019378,-8.475e-06,-0.023284,0.99973
0.03187,0.18699,0.040525,0.0011506,0.00029574,-0.023042,0.99973
0.031814,0.18636,0.039878,0.00036947,0.00051251,-0.02276,0.99974
0.031739,0.18568,0.039229,-0.00032824,0.00073387,-0.022523,0.99975
0.031658,0.18504,0.038616,-0.0011055,0.00077964,-0.022293,0.99975
0.031507,0.18431,0.03789,-0.0020004,0.00051893,-0.022075,0.99975
0.031547,0.18376,0.037041,-0.0028887,8.5936e-05,-0.021865,0.99976
0.031348,0.1829,0.03652,-0.0032128,-0.00037001,-0.021621,0.99976
0.031132,0.182,0.035993,-0.0035401,-0.00073981,-0.021374,0.99977
0.03089,0.18095,0.035393,-0.0039628,-0.00093927,-0.02116,0.99977
0.031097,0.181,0.0354,-0.0044296,-0.0010165,-0.020811,0.99977
0.030894,0.17992,0.034768,-0.0049411,-0.0010523,-0.020458,0.99978
0.030736,0.17886,0.034158,-0.005586,-0.0010486,-0.020146,0.99978
0.030421,0.17759,0.033233,-0.0067427,-0.0012331,-0.01992,0.99978
0.030224,0.17633,0.032411,-0.0076883,-0.0013582,-0.019867,0.99977
0.029984,0.175,0.031651,-0.0085412,-0.0016523,-0.019824,0.99977
0.029766,0.17362,0.030876,-0.0093517,-0.0018991,-0.019822,0.99976
0.030458,0.17327,0.030175,-0.010217,-0.0019334,-0.01981,0.99975
0.030196,0.17182,0.029558,-0.011005,-0.0016185,-0.019783,0.99974
0.029923,0.17041,0.029041,-0.011799,-0.0011354,-0.019661,0.99974
0.029632,0.16898,0.028523,-0.012426,-0.00055543,-0.019623,0.99973
0.029249,0.16747,0.028,-0.013003,-0.00010704,-0.019507,0.99973
0.028904,0.16603,0.027556,-0.013445,0.00021038,-0.019269,0.99972
0.028503,0.16444,0.027065,-0.013881,0.00044034,-0.018992,0.99972
0.028056,0.16277,0.02647,-0.014311,0.000498,-0.018723,0.99972
0.027636,0.16103,0.025773,-0.014822,0.00037736,-0.018418,0.99972
0.02721,0.15928,0.025056,-0.015504,0.00025282,-0.018153,0.99971
0.026604,0.15727,0.024364,-0.01631,-5.8972e-06,-0.017892,0.99971
0.026035,0.15536,0.023772,-0.016686,-0.00025079,-0.017596,0.99971
0.025425,0.15335,0.023264,-0.016811,-0.00022599,-0.017289,0.99971
0.024841,0.15131,0.022818,-0.016812,-6.967e-05,-0.016937,0.99972
0.024233,0.14921,0.022625,-0.016638,7.0929e-06,-0.01659,0.99972
0.023716,0.14707,0.02238,-0.016589,-4.6323e-05,-0.016335,0.99973
0.023207,0.14494,0.022265,-0.016493,-0.00022331,-0.016172,0.99973
0.022804,0.14276,0.021873,-0.016556,-0.00082967,-0.016198,0.99973
0.022464,0.14052,0.02165,-0.016449,-0.0014254,-0.016314,0.99973
0.022118,0.1383,0.021545,-0.01618,-0.0017547,-0.016464,0.99973
0.021772,0.13599,0.021434,-0.015959,-0.0019513,-0.016692,0.99973
0.021406,0.13369,0.021342,-0.015787,-0.0020254,-0.016829,0.99973
0.021138,0.13141,0.021235,-0.015666,-0.0017985,-0.016949,0.99973
0.020852,0.12917,0.021149,-0.015677,-0.001536,-0.017023,0.99973
0.020655,0.12697,0.020981,-0.015869,-0.0011039,-0.017173,0.99973
0.020394,0.12467,0.020859,-0.016106,-0.00055217,-0.017144,0.99972
0.020217,0.12245,0.020734,-0.016346,8.5703e-05,-0.01711,0.99972
0.02002,0.12025,0.02067,-0.016542,0.0007603,-0.016903,0.99972
0.019895,0.11789,0.020553,-0.016692,0.0013153,-0.016875,0.99972
0.019807,0.11546,0.02047,-0.016753,0.0017093,-0.017028,0.99971
0.019666,0.11294,0.020329,-0.016456,0.0017787,-0.017332,0.99971
0.019558,0.11044,0.020259,-0.016123,0.0018953,-0.017722,0.99971
0.019369,0.10803,0.020268,-0.015919,0.0021336,-0.018016,0.99971
0.019176,0.10573,0.020369,-0.015814,0.0026256,-0.018298,0.9997
0.018976,0.10347,0.020626,-0.01571,0.0032903,-0.018527,0.9997
0.018897,0.1014,0.020825,-0.015566,0.003909,-0.018717,0.9997
0.018745,0.099173,0.021075,-0.015194,0.0043965,-0.018657,0.9997
0.018724,0.096955,0.02117,-0.014816,0.0047088,-0.018563,0.99971
0.018645,0.094637,0.021363,-0.014389,0.0048895,-0.018389,0.99972
0.018604,0.092304,0.021538,-0.013966,0.0051632,-0.018339,0.99972
0.018555,0.089886,0.021858,-0.013378,0.0055417,-0.018547,0.99972
0.018499,0.087427,0.022241,-0.01266,0.005805,-0.018979,0.99972
0.018539,0.084965,0.022629,-0.011937,0.0059029,-0.019547,0.99972
0.018598,0.082537,0.023115,-0.011123,0.0059111,-0.019993,0.99972
0.018709,0.080161,0.023623,-0.010309,0.0059222,-0.02048,0.99972
0.019116,0.078654,0.024074,-0.0094939,0.0059263,-0.020839,0.99972
0.019207,0.076166,0.024547,-0.0085458,0.0058912,-0.021158,0.99972
0.019263,0.073581,0.025016,-0.0075536,0.0058928,-0.021304,0.99973
0.019283,0.07091,0.025516,-0.0065184,0.0059351,-0.021362,0.99973
0.019251,0.068266,0.02603,-0.0054918,0.0062318,-0.021321,0.99974
0.019254,0.065685,0.026634,-0.0045593,0.0067015,-0.021357,0.99974
0.019207,0.063118,0.02726,-0.0037564,0.0072054,-0.021303,0.99974
0.019203,0.060536,0.027864,-0.0031251,0.0076245,-0.021423,0.99974
0.019238,0.058047,0.028474,-0.0023611,0.0079234,-0.021637,0.99973
0.01927,0.055557,0.029068,-0.0014589,0.0079267,-0.021911,0.99973
0.019069,0.051916,0.0296,-0.00054748,0.0077567,-0.02215,0.99972
0.019086,0.049353,0.030198,0.00049287,0.0076307,-0.022302,0.99972
0.019147,0.046806,0.030848,0.0013944,0.0077191,-0.022528,0.99972
0.019166,0.044309,0.031556,0.0023735,0.0080652,-0.022657,0.99971
0.019187,0.041818,0.032336,0.003434,0.0085047,-0.022869,0.9997
0.019202,0.03933,0.033158,0.0044542,0.0089877,-0.023077,0.99968
0.019219,0.036889,0.033957,0.0055228,0.0092508,-0.023212,0.99967
0.019297,0.03452,0.034729,0.0064157,0.0095936,-0.023339,0.99966
0.01936,0.0321,0.035439,0.0070483,0.010009,-0.023373,0.99965
0.019478,0.029681,0.036097,0.0075484,0.010459,-0.02336,0.99964
0.019612,0.027277,0.036543,0.0079213,0.010868,-0.023476,0.99963
0.019854,0.02491,0.036915,0.0085197,0.010988,-0.023696,0.99962
0.020049,0.022487,0.037248,0.0091709,0.010891,-0.02384,0.99961
0.020266,0.02006,0.03743,0.0097406,0.0107,-0.0239,0.99961
0.02042,0.017577,0.037635,0.010261,0.010633,-0.023912,0.9996
0.020593,0.015128,0.037957,0.010734,0.010697,-0.023959,0.9996
0.020703,0.012568,0.038253,0.011042,0.010575,-0.023883,0.9996
0.020853,0.0099825,0.038621,0.011048,0.010481,-0.023715,0.9996
0.020962,0.0075005,0.038449,0.011011,0.010346,-0.023634,0.99961
0.021108,0.0050476,0.038234,0.011014,0.010253,-0.02351,0.99961
0.021155,0.0016964,0.03799,0.01081,0.010107,-0.023297,0.99962
0.021021,-0.00051934,0.037713,0.010433,0.0098616,-0.023,0.99963
0.020849,-0.0026424,0.037448,0.009931,0.0095605,-0.022531,0.99965
0.020585,-0.0047573,0.037543,0.0094739,0.0093032,-0.022018,0.99967
0.020239,-0.0067971,0.037539,0.0091902,0.0090484,-0.02142,0.99969
0.019911,-0.0090468,0.037308,0.0091202,0.0088448,-0.020824,0.9997
0.019484,-0.011067,0.037154,0.0090865,0.008769,-0.020179,0.99972
0.019117,-0.013069,0.036962,0.0088407,0.0087302,-0.019528,0.99973
0.018733,-0.014863,0.036761,0.0086365,0.0086509,-0.018924,0.99975
0.018345,-0.016644,0.037037,0.0086031,0.0085821,-0.018408,0.99976
0.01776,-0.017264,0.037572,0.0095114,0.0088027,-0.017764,0.99976
0.01722,-0.018747,0.03821,0.010333,0.0091051,-0.017071,0.99976
0.016619,-0.020111,0.03861,0.010084,0.0091453,-0.016288,0.99977
0.01601,-0.021321,0.039027,0.0098289,0.0093538,-0.01541,0.99979
0.015334,-0.022408,0.039431,0.0094864,0.0096482,-0.014569,0.9998
0.014649,-0.023337,0.040112,0.010038,0.010196,-0.013818,0.9998
0.014138,-0.024349,0.040601,0.010463,0.010696,-0.013066,0.9998
0.013669,-0.025227,0.041075,0.01081,0.010938,-0.012412,0.9998
0.013257,-0.025967,0.041399,0.011029,0.011133,-0.011758,0.99981
0.012772,-0.026557,0.041784,0.011286,0.011458,-0.011098,0.99981
0.012367,-0.027287,0.042135,0.011581,0.011918,-0.010519,0.99981
0.011914,-0.027793,0.04252,0.011628,0.012021,-0.0099105,0.99981
0.011534,-0.028287,0.042865,0.01177,0.011958,-0.0093532,0.99982
0.011074,-0.028734,0.043145,0.012003,0.011808,-0.0087149,0.99982
0.010636,-0.029172,0.043312,0.012369,0.011533,-0.0080847,0.99982
0.010166,-0.029457,0.043393,0.012693,0.011296,-0.0073655,0.99983
0.0096445,-0.02974,0.043321,0.012887,0.011008,-0.0066047,0.99983
0.0091807,-0.030001,0.04326,0.013035,0.010851,-0.0058789,0.99984
0.008805,-0.030302,0.043227,0.013268,0.0107,-0.0052406,0.99984
0.0084595,-0.03054,0.04327,0.01354,0.010514,-0.0047356,0.99984
0.0081837,-0.030977,0.043312,0.013817,0.010248,-0.0043624,0.99984
0.0079771,-0.031264,0.043319,0.014087,0.010069,-0.0040298,0.99984
0.0077698,-0.031533,0.04341,0.014275,0.0098015,-0.0036999,0.99984
0.007565,-0.031744,0.043439,0.014293,0.0095261,-0.0033226,0.99985
0.0073927,-0.031897,0.043264,0.014267,0.0092069,-0.0029913,0.99985
0.0071518,-0.031636,0.043067,0.014112,0.0089218,-0.0025699,0.99986
0.006983,-0.031721,0.042754,0.013955,0.0085557,-0.0022832,0.99986
0.0067494,-0.031727,0.042468,0.013718,0.0080991,-0.0019545,0.99987
0.0065408,-0.031757,0.042196,0.013482,0.0076426,-0.0016258,0.99988
0.006277,-0.031795,0.041983,0.013375,0.00723,-0.001211,0.99988
0.006095,-0.031842,0.041685,0.013264,0.0069035,-0.00079223,0.99989
0.0058198,-0.031942,0.041481,0.013235,0.0067515,-0.00032207,0.99989
0.0056008,-0.032019,0.041222,0.013159,0.0065569,5.7327e-05,0.99989
0.0053311,-0.032075,0.04095,0.01292,0.0062716,0.00043876,0.9999
0.0050704,-0.032109,0.040649,0.012715,0.0060331,0.00073202,0.9999
0.0047924,-0.032153,0.040459,0.012506,0.0059657,0.001078,0.9999
0.0045978,-0.032042,0.040358,0.012337,0.0059512,0.001253,0.99991
0.0043949,-0.031913,0.040347,0.012121,0.005897,0.0012958,0.99991
0.0043608,-0.031785,0.040341,0.011991,0.0059351,0.0012999,0.99991
0.0044874,-0.031624,0.040401,0.011988,0.0059432,0.0011276,0.99991
0.0046648,-0.031941,0.040468,0.012168,0.0056993,0.00094058,0.99991
0.0048937,-0.031724,0.040542,0.01243,0.0055519,0.00062867,0.99991
0.0051128,-0.031475,0.04066,0.012728,0.0055363,0.0002773,0.9999
0.0053316,-0.031184,0.04079,0.012943,0.0054313,-7.6709e-05,0.9999
0.0055778,-0.030858,0.040922,0.013067,0.0054063,-0.00038392,0.9999
0.0059171,-0.031388,0.041014,0.013111,0.0052908,-0.00064905,0.9999
0.0061464,-0.031108,0.04123,0.013238,0.0052647,-0.00091154,0.9999
0.0063919,-0.030866,0.04143,0.013492,0.0052865,-0.0011741,0.99989
0.0066687,-0.030647,0.04167,0.01379,0.005271,-0.0015254,0.99989
0.0069606,-0.030465,0.041878,0.014132,0.005214,-0.0018794,0.99988
0.0071523,-0.030273,0.042045,0.014388,0.0052387,-0.0021835,0.99988
0.0074015,-0.030057,0.042175,0.014594,0.0053882,-0.0024393,0.99988
0.0075606,-0.029785,0.04225,0.014716,0.0054453,-0.0026563,0.99987
0.0077009,-0.029567,0.042295,0.014799,0.0054566,-0.0028299,0.99987
0.0077893,-0.029366,0.04238,0.014841,0.0055082,-0.0029563,0.99987
0.0077293,-0.028185,0.042461,0.014837,0.0055133,-0.0030871,0.99987
0.007839,-0.028043,0.042471,0.014746,0.0056002,-0.0031679,0.99987
0.0079019,-0.027865,0.042459,0.014573,0.0055977,-0.0032514,0.99987
0.0079759,-0.02773,0.042419,0.014525,0.0056471,-0.003421,0.99987
0.0080434,-0.027614,0.042381,0.014524,0.0056512,-0.0035072,0.99987
0.0081073,-0.027517,0.042422,0.014609,0.0056584,-0.0035947,0.99987
0.0081787,-0.027404,0.042457,0.014776,0.0057551,-0.0036795,0.99987
0.0081998,-0.027381,0.042603,0.0149,0.0058892,-0.0036755,0.99986
0.0081784,-0.027311,0.04272,0.014986,0.0058925,-0.0036769,0.99986
0.0081898,-0.027209,0.042824,0.014983,0.0059787,-0.0036729,0.99986
0.0082011,-0.027106,0.042974,0.014935,0.0061062,-0.0036662,0.99986
0.0081879,-0.027005,0.043126,0.014973,0.0062371,-0.0036608,0.99986
0.0081996,-0.026863,0.043167,0.014841,0.0063643,-0.0036944,0.99986
0.0082536,-0.026738,0.043224,0.014744,0.0065384,-0.0038158,0.99986
0.0083307,-0.026596,0.043281,0.014741,0.0065464,-0.0039881,0.99986
0.0083817,-0.026451,0.043273,0.014737,0.0065585,-0.0042466,0.99986
0.0084318,-0.026345,0.043266,0.014859,0.0066155,-0.0044635,0.99986
0.0083985,-0.026255,0.043323,0.015031,0.0066291,-0.0045939,0.99985
0.008372,-0.026177,0.043383,0.015071,0.0066778,-0.0046788,0.99985
0.0083327,-0.026151,0.043464,0.015022,0.0068945,-0.0047097,0.99985
0.0083386,-0.026464,0.043522,0.014972,0.0070191,-0.0046614,0.99985
0.0083061,-0.026421,0.043672,0.01501,0.0071499,-0.0046561,0.99985
0.00832,-0.026338,0.043779,0.014965,0.0071913,-0.0046534,0.99985
0.0083185,-0.026272,0.043875,0.014962,0.0072775,-0.0046494,0.99985
0.0082907,-0.026232,0.043927,0.014873,0.0073603,-0.004644,0.99985
0.0083024,-0.025951,0.043934,0.014957,0.0073676,-0.0047315,0.99985
0.0083015,-0.025987,0.044006,0.015218,0.0072953,-0.0048257,0.99985
0.0083445,-0.025978,0.044004,0.015574,0.0070529,-0.0048847,0.99984
0.0083908,-0.026029,0.043969,0.015801,0.0067596,-0.0049021,0.99984
0.0083948,-0.02606,0.043953,0.015895,0.0065866,-0.0048252,0.99984
0.0084002,-0.02615,0.044024,0.015896,0.0065826,-0.0047391,0.99984
0.0083353,-0.026181,0.044085,0.015845,0.0067963,-0.0047284,0.99984
0.0083864,-0.02621,0.044164,0.01584,0.0068864,-0.0048106,0.99984
0.0084529,-0.026221,0.044178,0.015753,0.0068872,-0.0048954,0.99984
0.008547,-0.026199,0.044186,0.015664,0.0068919,-0.0050664,0.99984
0.0086267,-0.025967,0.044135,0.015489,0.0068935,-0.0052361,0.99984
0.008792,-0.025945,0.04407,0.015357,0.0068505,-0.0053667,0.99984
0.0088696,-0.025894,0.04392,0.015184,0.0067629,-0.0054987,0.99985
0.0089577,-0.025897,0.043781,0.015012,0.0067564,-0.0054961,0.99985
0.00905,-0.025911,0.043717,0.015008,0.0068425,-0.0054921,0.99985
0.0091142,-0.025937,0.043716,0.015088,0.0071032,-0.0054369,0.99985
