0,0,0,-3.9252e-17,0,-3.9252e-17,1
1.9568e-05,-1.3519e-05,-7.7781e-05,-4.3027e-05,4.4912e-05,-8.5324e-05,1
3.9214e-05,-1.6228e-05,-0.00015376,-0.00012922,4.2059e-05,-8.6822e-05,1
2.9077e-05,-6.6801e-05,-0.00023709,-0.00038782,3.3498e-05,-9.1316e-05,1
5.028e-05,-9.0514e-05,-0.00031139,-0.00064726,2.7306e-05,-0.00014033,1
9.033e-05,-0.00012546,-0.00048684,-0.0010782,1.3039e-05,-0.00014782,1
0.00011245,-0.00013609,-0.00059361,-0.001423,1.6242e-06,-0.00015381,1
0.00012204,-0.00019347,-0.0006915,-0.0017233,-5.1462e-05,-0.00016068,1
0.00020978,-0.00029298,-0.00080233,-0.0018921,-4.5076e-05,-0.00046678,1
0.00015169,-0.0003862,-0.00085035,-0.0019796,4.1507e-05,-0.00055123,1
0.00015142,-0.00044536,-0.00092985,-0.002027,0.00016938,-0.00054712,1
0.00021828,-0.00050558,-0.0009719,-0.0020299,0.00025557,-0.00054388,1
0.00021549,-0.00057284,-0.0010553,-0.0020327,0.00034177,-0.00054064,1
0.00019226,-0.00070845,-0.0011488,-0.0021592,0.00020495,-0.00046155,1
0.00017011,-0.00079987,-0.0012614,-0.0023259,2.6852e-05,-0.00047103,1
0.00016182,-0.00090098,-0.0013339,-0.0024524,-0.00010996,-0.00039194,1
0.00038163,-0.00091468,-0.0013933,-0.0025401,-0.00011606,-0.00030724,1
0.00029663,-0.00094422,-0.0014274,-0.002714,-0.00012501,-0.00022404,1
7.6696e-05,-0.0010653,-0.0014441,-0.0028619,-0.00012745,0.00085423,1
7.0282e-05,-0.0010634,-0.0014553,-0.0029481,-0.00013031,0.00085274,1
6.3242e-05,-0.0010603,-0.001433,-0.0028619,-0.00012745,0.00085423,1
3.1774e-05,-0.0010934,-0.0014302,-0.0027728,-0.0002108,0.00085248,1
5.5028e-05,-0.0010872,-0.0014311,-0.0026823,-0.0002909,0.00076454,1
5.5363e-05,-0.0010884,-0.0014537,-0.0026788,-0.00046414,0.00079969,1
0.00013526,-0.0011118,-0.0015055,-0.0026731,-0.00063653,0.00079321,1
0.00011085,-0.001148,-0.001525,-0.0026702,-0.00072272,0.00078997,1
0.00014232,-0.0011975,-0.0015596,-0.0026702,-0.00072272,0.00078997,1
0.00015816,-0.0011995,-0.0015989,-0.0026702,-0.00072272,0.00078997,1
0.00017798,-0.0011891,-0.0015708,-0.0027549,-0.00072234,0.00070228,1
0.00023362,-0.0011847,-0.0016085,-0.0028383,-0.00081139,0.00069754,1
0.00026377,-0.0011785,-0.0016332,-0.0029633,-0.00094496,0.00069044,0.99999
-2.752e-05,-0.0012477,-0.0016301,-0.0031328,-0.0010369,0.0006842,0.99999
-7.6568e-06,-0.001244,-0.0016713,-0.003298,-0.0012117,0.00058854,0.99999
-8.1305e-05,-0.0012992,-0.0017429,-0.0034341,-0.001281,0.0011464,0.99999
-5.4261e-05,-0.0013442,-0.0018318,-0.0036855,-0.0014587,0.0010492,0.99999
-2.9285e-06,-0.0013663,-0.0019418,-0.003942,-0.001551,0.00099694,0.99999
2.2938e-05,-0.0013857,-0.0020815,-0.0042006,-0.0015596,0.00099245,0.99999
5.9029e-05,-0.0013762,-0.0021424,-0.0042882,-0.001473,0.00090801,0.99999
5.545e-05,-0.0013952,-0.0021961,-0.0042911,-0.0013868,0.00091125,0.99999
0.00011105,-0.0014328,-0.0022657,-0.0043341,-0.0013419,0.00082593,0.99999
0.0001584,-0.0014404,-0.0023444,-0.0043341,-0.0013419,0.00082593,0.99999
0.0001946,-0.0014856,-0.0023994,-0.0043794,-0.0012978,0.00078225,0.99999
0.00022309,-0.0014995,-0.002449,-0.0043794,-0.0012978,0.00078225,0.99999
0.00015749,-0.0015631,-0.0024805,-0.0043877,-0.0014123,0.0015131,0.99999
0.00015767,-0.0016165,-0.0025202,-0.0043848,-0.0014985,0.0015099,0.99999
0.00022444,-0.0016001,-0.0025314,-0.0043791,-0.0016709,0.0015034,0.99999
0.00019178,-0.0016065,-0.0024976,-0.0042419,-0.0018846,0.0015421,0.99999
0.00020982,-0.0015866,-0.0024175,-0.0039776,-0.0020484,0.0015401,0.99999
0.00025032,-0.0015443,-0.0023666,-0.0037161,-0.002126,0.0015413,0.99999
0.00026872,-0.0015719,-0.0022749,-0.0033677,-0.0022032,0.0015886,0.99999
0.00028544,-0.0015554,-0.0022568,-0.0030617,-0.0023225,0.001589,0.99999
0.00032715,-0.0015411,-0.0022591,-0.0028419,-0.0024446,0.0015879,0.99999
0.00034423,-0.0015318,-0.0022481,-0.0027068,-0.0025664,0.001499,0.99999
0.00041949,-0.0014367,-0.0022807,-0.0027025,-0.0026493,0.0014096,0.99999
0.00041913,-0.0014038,-0.0022908,-0.0027441,-0.0026939,0.0014072,0.99999
0.0004439,-0.0013721,-0.0022982,-0.0027413,-0.00278,0.001404,0.99999
0.00059126,-0.0012872,-0.0022973,-0.0027354,-0.0028598,0.0012284,0.99999
0.00072259,-0.0012108,-0.0023131,-0.0027713,-0.002984,0.0010504,0.99999
0.00087661,-0.0011345,-0.002278,-0.0027698,-0.0029808,0.00096418,0.99999
0.001042,-0.00099005,-0.0022506,-0.0027691,-0.0029751,0.00083343,0.99999
0.0012409,-0.00077158,-0.0021702,-0.0028112,-0.00284,0.00062352,0.99999
0.001392,-0.00054569,-0.0020743,-0.0027673,-0.0027865,0.00040895,0.99999
0.0015817,-0.00029857,-0.0019572,-0.0027198,-0.0028217,0.00023569,0.99999
0.0016829,-7.7234e-05,-0.0017838,-0.0025416,-0.0028957,6.3054e-05,0.99999
0.001809,0.00016923,-0.0015949,-0.0023188,-0.0030114,-0.00011045,0.99999
0.0019045,0.00035866,-0.0013637,-0.0020536,-0.003085,-0.00023708,0.99999
0.0019899,0.00055469,-0.0010819,-0.0017073,-0.0030703,-0.00031728,0.99999
0.0019937,0.00076415,-0.00071202,-0.0011901,-0.0030532,-0.00030829,0.99999
0.0020421,0.0009945,-0.00034775,-0.00058012,-0.003208,-0.00025977,0.99999
0.0020153,0.0011741,1.7279e-05,2.896e-05,-0.0033603,-0.00025576,0.99999
0.0019771,0.0014101,0.00039766,0.00055272,-0.003518,-0.00020874,0.99999
0.0018827,0.0015178,0.00069199,0.00093857,-0.0034678,-6.9657e-05,0.99999
0.0017778,0.0016469,0.0010346,0.001279,-0.0033734,2.5772e-05,0.99999
0.0016818,0.0017313,0.0012952,0.0015347,-0.0032786,3.3505e-05,0.99999
0.0016048,0.0017366,0.001488,0.0016209,-0.0032757,3.5003e-05,0.99999
0.0015542,0.0017487,0.001617,0.0016238,-0.0033619,3.1762e-05,0.99999
0.0015702,0.0018147,0.0016908,0.0015821,-0.0034064,2.9393e-05,0.99999
0.0015698,0.0018152,0.0017075,0.0016683,-0.0034036,3.089e-05,0.99999
0.0015961,0.0017831,0.001669,0.0016683,-0.0034036,3.089e-05,0.99999
0.0015764,0.0017154,0.0016697,0.0015821,-0.0034064,2.9393e-05,0.99999
0.0014835,0.0016356,0.0016327,0.0014944,-0.0034125,0.00011409,0.99999
0.0013965,0.0015034,0.0015448,0.0012315,-0.0033382,0.00019904,0.99999
0.0013442,0.0013435,0.0014728,0.00096568,-0.0031776,0.00028723,0.99999
0.0012369,0.001208,0.0014161,0.00065822,-0.0030616,0.00037305,1
0.0012077,0.0010878,0.0012689,0.00035557,-0.0031154,0.00040784,1
0.0011567,0.00097005,0.0011189,0.00018318,-0.0031212,0.00040485,1
0.0011841,0.00084005,0.00093184,1.0789e-05,-0.0031269,0.00040186,1
0.0010973,0.00073755,0.00074394,-0.00016161,-0.0031326,0.00039887,1
0.0010741,0.00056765,0.00052836,-0.00037803,-0.0031836,0.00043516,0.99999
0.0010801,0.00041711,0.0003457,-0.00063811,-0.0031954,0.00051686,0.99999
0.001066,0.00032549,0.00018149,-0.00081051,-0.0032011,0.00051387,0.99999
0.0010651,0.00020508,3.6974e-05,-0.00089385,-0.0032902,0.00050913,0.99999
0.0010634,0.00013256,-0.000107,-0.0010634,-0.0033821,0.0005029,0.99999
0.0011016,0.00010493,-0.00020049,-0.0011921,-0.003427,0.00045449,0.99999
0.0010532,-6.0305e-06,-0.00028043,-0.0014082,-0.0033936,0.00049691,0.99999
0.0010688,-6.1256e-05,-0.0003378,-0.0016711,-0.0033192,0.00058186,0.99999
0.0010142,-9.7093e-05,-0.00036173,-0.0018889,-0.0032808,0.0005352,0.99999
0.0010358,-7.6588e-05,-0.00034043,-0.0021058,-0.0032448,0.00053308,0.99999
0.001055,2.2696e-05,-0.00027142,-0.0021905,-0.0032445,0.00044539,0.99999
0.0010596,0.00010585,-0.00023203,-0.0023637,-0.0032477,0.00039785,0.99999
0.0010916,0.00022411,-0.00015189,-0.0024469,-0.0032441,0.00022397,0.99999
0.0011106,0.00035929,-1.8845e-05,-0.002533,-0.0031543,5.333e-05,0.99999
0.0010835,0.0004856,0.00016071,-0.0026206,-0.0030677,-3.1121e-05,0.99999
0.0011088,0.00068658,0.00036128,-0.0027542,-0.0029427,-2.8506e-05,0.99999
0.001123,0.00087849,0.00057381,-0.0030128,-0.0029513,-3.2999e-05,0.99999
0.0010955,0.0010991,0.00079388,-0.0033577,-0.0030554,0.00013016,0.99999
0.0010505,0.0012844,0.0010511,-0.0036165,-0.0031567,0.00029482,0.99999
0.00094252,0.0014775,0.0013347,-0.0037416,-0.0033829,0.00045687,0.99999
0.00081635,0.0015833,0.0017245,-0.0037431,-0.0033861,0.00054306,0.99999
0.00068469,0.0017187,0.0022264,-0.0036181,-0.0032526,0.00055017,0.99999
0.00060554,0.0019408,0.0027405,-0.0034944,-0.0030296,0.00047432,0.99999
0.00055952,0.0021835,0.0033046,-0.0032802,-0.0028867,0.00031054,0.99999
0.00047797,0.0024688,0.003887,-0.003191,-0.0028773,0.00013964,0.99999
0.00043215,0.0027182,0.0044711,-0.003275,-0.0028712,-7.8773e-05,0.99999
0.00032772,0.0029583,0.0051283,-0.0034473,-0.0027843,-0.00025092,0.99999
0.00019748,0.0032726,0.005824,-0.0037158,-0.0024449,-0.00032865,0.99999
5.8784e-05,0.0035587,0.0066116,-0.0041201,-0.0018886,-0.00053123,0.99999
-5.4851e-05,0.0038726,0.0073571,-0.0046954,-0.0014274,-0.00065385,0.99999
-0.000245,0.0042612,0.0082352,-0.0053103,-0.0011026,-0.00065139,0.99999
-0.0004475,0.0046379,0.0092253,-0.0057061,-0.0008976,-0.00069453,0.99998
-0.0007296,0.0050474,0.010398,-0.0057563,-0.00068355,-0.00068718,0.99998
-0.0010489,0.0054931,0.011572,-0.0055882,-0.00059488,-0.00059475,0.99998
-0.0013449,0.0059961,0.012809,-0.005112,-0.00062467,-0.00054362,0.99999
-0.0016998,0.0065076,0.014127,-0.0044971,-0.00094946,-0.00054609,0.99999
-0.0020679,0.0070483,0.015552,-0.0037895,-0.0013535,-0.00067819,0.99999
-0.0024401,0.0075843,0.016976,-0.0030647,-0.0022747,-0.00082973,0.99999
-0.0028071,0.0081238,0.018409,-0.0024649,-0.0033296,-0.00098838,0.99999
-0.0032192,0.0086998,0.019889,-0.0019564,-0.0043017,-0.0011036,0.99999
-0.0037061,0.0092909,0.021449,-0.0015376,-0.0051037,-0.0012555,0.99999
-0.0041172,0.0099362,0.023061,-0.0010425,-0.0055548,-0.0014792,0.99998
-0.0046759,0.010564,0.024911,-0.00031678,-0.0052223,-0.0016275,0.99998
-0.0053151,0.011265,0.026965,0.00059577,-0.0040671,-0.0016551,0.99999
-0.0059905,0.011991,0.029195,0.001577,-0.002305,-0.0017002,0.99999
-0.006661,0.01275,0.03144,0.0022947,-0.00055292,-0.0016664,1
-0.0072962,0.013536,0.033638,0.0026816,0.00084372,-0.0016932,0.99999
-0.0079948,0.014308,0.035841,0.0029491,0.0019344,-0.0017337,0.99999
-0.0087176,0.015048,0.038038,0.0032712,0.0027281,-0.0018709,0.99999
-0.0094619,0.015751,0.040149,0.0037312,0.0033138,-0.0021002,0.99999
-0.01015,0.016451,0.042285,0.0043348,0.0035191,-0.002428,0.99998
-0.010857,0.017164,0.044434,0.0049873,0.0035997,-0.0028461,0.99998
-0.011541,0.01793,0.046693,0.0057172,0.0040291,-0.0032915,0.99997
-0.012282,0.018712,0.04913,0.0065479,0.0051911,-0.0035792,0.99996
-0.013022,0.019447,0.051705,0.0073099,0.0070811,-0.0037538,0.99994
-0.013758,0.020248,0.054381,0.0078479,0.0092689,-0.0040071,0.99992
-0.014484,0.021046,0.057046,0.0079136,0.011311,-0.0042317,0.9999
-0.015175,0.021874,0.059658,0.0077793,0.012959,-0.0045165,0.99988
-0.015938,0.022722,0.062238,0.0076595,0.014088,-0.0047788,0.99986
-0.016738,0.023654,0.064859,0.0077259,0.014968,-0.0051317,0.99984
-0.0175,0.025695,0.067486,0.0079708,0.015597,-0.0055798,0.99983
-0.018338,0.026651,0.070128,0.0082702,0.016018,-0.0061633,0.99982
-0.019183,0.027573,0.072885,0.0085982,0.016825,-0.0066453,0.9998
-0.020086,0.028516,0.075853,0.0091588,0.01841,-0.0069631,0.99976
-0.020937,0.029477,0.078968,0.0096493,0.020726,-0.0072121,0.99971
-0.021581,0.032351,0.082207,0.010042,0.023378,-0.0073192,0.99965
-0.022334,0.033325,0.085454,0.010269,0.025767,-0.0074833,0.99959
-0.023083,0.034334,0.088677,0.010474,0.027594,-0.0076249,0.99954
-0.023867,0.035204,0.091833,0.01083,0.028693,-0.0078361,0.9995
-0.024662,0.036036,0.094891,0.011267,0.028809,-0.008212,0.99949
-0.025333,0.038183,0.09778,0.011649,0.027885,-0.0085865,0.99951
-0.026159,0.039121,0.10057,0.011963,0.026352,-0.008899,0.99954
-0.026988,0.039884,0.10347,0.012354,0.025169,-0.0092831,0.99956
-0.027949,0.040621,0.10675,0.013173,0.025423,-0.0095611,0.99954
-0.028892,0.04125,0.11042,0.014404,0.027539,-0.0096305,0.99947
-0.029848,0.041687,0.11436,0.015804,0.030991,-0.009429,0.99935
-0.030509,0.042287,0.1183,0.0171,0.034867,-0.0091705,0.9992
-0.03103,0.042912,0.1221,0.018157,0.038306,-0.0089308,0.99906
-0.031709,0.043446,0.12577,0.019108,0.040923,-0.0088125,0.99894
-0.032266,0.043996,0.12918,0.01992,0.042591,-0.0088192,0.99886
-0.03245,0.045911,0.13233,0.020727,0.043556,-0.0096745,0.99879
-0.032998,0.046505,0.13526,0.021459,0.043899,-0.010123,0.99875
-0.033606,0.047016,0.13824,0.022376,0.043992,-0.010621,0.99872
-0.033988,0.047583,0.14123,0.023364,0.044429,-0.011061,0.99868
-0.034543,0.048139,0.14432,0.024458,0.045601,-0.011428,0.99859
-0.034717,0.049951,0.14736,0.02552,0.047624,-0.011459,0.99847
-0.035094,0.050341,0.15043,0.02648,0.05007,-0.011389,0.99833
-0.035423,0.050691,0.15341,0.027352,0.052511,-0.011234,0.99818
-0.035636,0.051018,0.15616,0.028197,0.054565,-0.011137,0.99805
-0.035869,0.0513,0.15861,0.029068,0.05576,-0.01116,0.99796
-0.036097,0.051669,0.16089,0.029885,0.056102,-0.011521,0.99791
-0.036281,0.051988,0.16287,0.030644,0.05567,-0.011999,0.99791
-0.036539,0.052354,0.16475,0.031245,0.05472,-0.012674,0.99793
-0.037477,0.052565,0.16655,0.031796,0.05407,-0.013294,0.99794
-0.037781,0.052816,0.1686,0.032403,0.05428,-0.01375,0.99791
-0.037825,0.054277,0.1708,0.032969,0.055687,-0.013943,0.99781
-0.038014,0.054491,0.17299,0.033336,0.05786,-0.01398,0.99767
-0.038061,0.054727,0.17511,0.033433,0.06028,-0.01397,0.99752
-0.039513,0.05475,0.17712,0.033455,0.062352,-0.013974,0.9974
-0.039412,0.055013,0.17881,0.033461,0.063697,-0.014092,0.99731
-0.03944,0.055433,0.1802,0.033269,0.064019,-0.013651,0.9973
-0.039345,0.055715,0.18124,0.032955,0.063251,-0.014206,0.99735
-0.039261,0.056035,0.18201,0.032451,0.06175,-0.014923,0.99745
-0.039194,0.056228,0.18268,0.031915,0.060036,-0.015692,0.99756
-0.039147,0.056397,0.18351,0.031569,0.059148,-0.016467,0.99761
-0.03904,0.056852,0.18455,0.031433,0.059551,-0.017016,0.99759
-0.038974,0.056937,0.18578,0.031216,0.061108,-0.01726,0.99749
-0.038796,0.056985,0.18712,0.030895,0.063263,-0.01744,0.99737
-0.039942,0.056886,0.18841,0.030398,0.065407,-0.01745,0.99724
-0.039752,0.057051,0.18957,0.029914,0.067034,-0.017568,0.99715
-0.039406,0.05731,0.19058,0.029514,0.068057,-0.018744,0.99707
-0.039383,0.057488,0.19149,0.029116,0.068618,-0.01903,0.99704
-0.039426,0.057692,0.19224,0.028766,0.068965,-0.019368,0.99702
-0.039492,0.057903,0.1929,0.028555,0.069018,-0.019846,0.99701
-0.039507,0.058113,0.19348,0.028355,0.068813,-0.020289,0.99702
-0.039473,0.05855,0.19412,0.028355,0.068813,-0.020289,0.99702
-0.039358,0.058741,0.19471,0.028081,0.068179,-0.020924,0.99706
-0.039242,0.058989,0.1953,0.027501,0.067752,-0.021513,0.99709
-0.039798,0.059056,0.19617,0.027473,0.068704,-0.021605,0.99702
-0.039775,0.059201,0.19714,0.027774,0.070181,-0.021627,0.99691
-0.039369,0.060802,0.19799,0.027774,0.070181,-0.021627,0.99691
-0.039272,0.061016,0.1989,0.028203,0.071611,-0.021346,0.99681
-0.039047,0.06127,0.19985,0.029029,0.073027,-0.021577,0.99667
-0.038702,0.061473,0.2006,0.029282,0.073212,-0.021781,0.99665
-0.038582,0.0616,0.20115,0.029282,0.073212,-0.021781,0.99665
-0.03844,0.061884,0.20172,0.029584,0.073447,-0.021939,0.99662
-0.038418,0.061883,0.20227,0.029917,0.0738,-0.021919,0.99658
-0.03825,0.061905,0.20279,0.030471,0.074213,-0.022065,0.99653
-0.038456,0.061901,0.20333,0.031067,0.074671,-0.022208,0.99648
-0.038207,0.061924,0.20385,0.031575,0.075032,-0.022227,0.99643
-0.037878,0.062306,0.20417,0.031869,0.075345,-0.022252,0.9964
-0.037765,0.062309,0.20442,0.032069,0.075642,-0.021978,0.99638
-0.037694,0.062286,0.20454,0.032107,0.075858,-0.021925,0.99636
-0.037651,0.062303,0.20458,0.032098,0.076116,-0.021915,0.99634
-0.037595,0.062348,0.20449,0.03192,0.076283,-0.021912,0.99633
-0.037384,0.063095,0.20437,0.031706,0.076234,-0.021918,0.99634
-0.037372,0.063035,0.20419,0.031529,0.076314,-0.021961,0.99634
-0.037333,0.063001,0.204,0.031309,0.076437,-0.02196,0.99634
-0.036546,0.063,0.20378,0.031044,0.076598,-0.021872,0.99634
-0.036594,0.062904,0.20349,0.030774,0.076842,-0.021695,0.99633
-0.036661,0.062789,0.20324,0.030585,0.07717,-0.021426,0.99632
-0.036728,0.062675,0.20293,0.030346,0.077712,-0.021149,0.99629
-0.036749,0.062588,0.20259,0.030106,0.078341,-0.020826,0.99625
-0.036869,0.06249,0.20213,0.029743,0.078748,-0.020427,0.99624
-0.03683,0.062428,0.20153,0.029296,0.078979,-0.020124,0.99624
-0.036812,0.06235,0.20085,0.028818,0.079002,-0.019959,0.99626
-0.036784,0.062224,0.20012,0.028224,0.078731,-0.02011,0.99629
-0.036787,0.062081,0.19926,0.027627,0.078362,-0.02005,0.99634
-0.036813,0.061898,0.19842,0.027075,0.077955,-0.020077,0.99639
-0.036757,0.061717,0.19763,0.026613,0.077642,-0.020097,0.99642
-0.036441,0.062632,0.19688,0.026227,0.077411,-0.020114,0.99645
-0.036504,0.062459,0.19612,0.025823,0.07741,-0.019257,0.99648
-0.036357,0.06236,0.19538,0.025685,0.077525,-0.018996,0.99648
-0.036146,0.06231,0.19457,0.025588,0.077771,-0.018685,0.99647
-0.036088,0.062152,0.19375,0.025577,0.077933,-0.01842,0.99646
-0.036033,0.062215,0.19294,0.025794,0.077804,-0.018249,0.99647
-0.03602,0.061969,0.19205,0.025985,0.077114,-0.018143,0.99652
-0.036,0.061681,0.19108,0.025932,0.075989,-0.01806,0.99661
-0.035882,0.06139,0.18997,0.025704,0.074857,-0.018066,0.9967
-0.035804,0.061053,0.18891,0.025391,0.07381,-0.017984,0.99679
-0.035744,0.060648,0.18782,0.024985,0.072841,-0.017858,0.99687
-0.035791,0.060324,0.18667,0.02451,0.072047,-0.016689,0.99696
-0.035603,0.060057,0.18557,0.024409,0.071228,-0.016723,0.99702
-0.035268,0.059841,0.18445,0.024647,0.070503,-0.016791,0.99707
-0.035012,0.059564,0.18331,0.025364,0.069753,-0.016894,0.9971
-0.034713,0.059435,0.18218,0.026345,0.068839,-0.016999,0.99713
-0.034408,0.059092,0.18088,0.027246,0.06784,-0.017152,0.99718
-0.034131,0.058757,0.17947,0.02793,0.066788,-0.017267,0.99723
-0.033657,0.0584,0.17796,0.028398,0.065686,-0.017433,0.99728
-0.033344,0.058001,0.17638,0.028688,0.064658,-0.017425,0.99734
-0.033031,0.05756,0.17479,0.0288,0.063798,-0.017414,0.9974
-0.032725,0.057133,0.17319,0.028861,0.063237,-0.017349,0.99743
-0.032363,0.056722,0.17146,0.028833,0.06276,-0.017281,0.99746
-0.032009,0.056339,0.16968,0.028755,0.06241,-0.017254,0.99749
-0.031656,0.055967,0.16784,0.028896,0.061937,-0.017227,0.99751
-0.031346,0.055593,0.16594,0.029257,0.061425,-0.017024,0.99754
-0.03111,0.055146,0.16393,0.029614,0.060816,-0.01661,0.99757
-0.030834,0.05474,0.16173,0.029714,0.060114,-0.016248,0.99762
-0.030508,0.054242,0.15939,0.029518,0.059271,-0.015766,0.99768
-0.030239,0.053661,0.15681,0.028931,0.05837,-0.015294,0.99776
-0.029863,0.053691,0.15422,0.028255,0.05755,-0.01469,0.99783
-0.029827,0.053007,0.15165,0.027521,0.056562,-0.013188,0.99793
-0.029708,0.052369,0.14915,0.026845,0.055562,-0.012462,0.99802
-0.029451,0.051754,0.14663,0.026217,0.054613,-0.011863,0.99809
-0.029355,0.051194,0.14415,0.025971,0.053805,-0.011251,0.99815
-0.029252,0.05069,0.14169,0.025862,0.052874,-0.010685,0.99821
-0.029216,0.050204,0.13912,0.025463,0.051369,-0.01006,0.9983
-0.029132,0.049628,0.13654,0.025068,0.04987,-0.0096083,0.99839
-0.028966,0.049088,0.13387,0.024465,0.048239,-0.0092072,0.99849
-0.02897,0.048483,0.13133,0.023968,0.047165,-0.0086543,0.99856
-0.028937,0.047957,0.12881,0.023637,0.046353,-0.0080001,0.99861
-0.028841,0.0473,0.12638,0.023395,0.04564,-0.0075997,0.99866
-0.028729,0.046724,0.12403,0.023102,0.044873,-0.0070315,0.9987
-0.030418,0.045912,0.12161,0.022693,0.04389,-0.0064716,0.99876
-0.030226,0.045458,0.11918,0.022246,0.04269,-0.0059647,0.99882
-0.029942,0.045688,0.1167,0.021808,0.041325,-0.0056368,0.99889
-0.030511,0.045731,0.11536,0.021418,0.039746,-0.0053605,0.99897
-0.029371,0.044716,0.11152,0.020648,0.038118,-0.0052208,0.99905
-0.028887,0.04422,0.10887,0.019832,0.036536,-0.0052107,0.99912
-0.029242,0.044296,0.10748,0.019142,0.03518,-0.0053626,0.99918
-0.02873,0.043783,0.10496,0.018708,0.033917,-0.0054624,0.99923
-0.028241,0.04382,0.10247,0.018432,0.032808,-0.0049049,0.99928
-0.027696,0.043339,0.10003,0.018293,0.031676,-0.0048221,0.99932
-0.027244,0.042819,0.097538,0.01811,0.030586,-0.004694,0.99936
-0.026599,0.04232,0.094902,0.017715,0.029361,-0.004619,0.9994
-0.02593,0.041817,0.092208,0.01728,0.02809,-0.004502,0.99945
-0.025135,0.042332,0.089524,0.016803,0.026783,-0.0046484,0.99949
-0.024441,0.041785,0.086846,0.016368,0.025698,-0.0048698,0.99952
-0.02352,0.041276,0.084272,0.016049,0.024827,-0.0049969,0.99955
-0.022762,0.0407,0.081614,0.015597,0.024166,-0.0050296,0.99957
-0.021992,0.040092,0.078903,0.0151,0.023453,-0.0048923,0.9996
-0.021159,0.039817,0.076034,0.014603,0.02256,-0.0045471,0.99963
-0.020346,0.039215,0.073231,0.014499,0.021641,-0.0043248,0.99965
-0.020935,0.038251,0.070488,0.015,0.020833,-0.0042167,0.99966
-0.020183,0.037509,0.067792,0.015844,0.020037,-0.0041469,0.99967
-0.019375,0.036721,0.065009,0.016745,0.019033,-0.0042543,0.99967
-0.018428,0.036952,0.062149,0.017355,0.017543,-0.0043012,0.99969
-0.017547,0.036176,0.059132,0.017678,0.015566,-0.004285,0.99971
-0.016779,0.035472,0.055952,0.017572,0.013483,-0.004149,0.99975
-0.015886,0.034782,0.052694,0.017199,0.011475,-0.0039306,0.99978
-0.015037,0.03404,0.049496,0.016771,0.0099413,-0.003737,0.9998
-0.014369,0.033087,0.046321,0.016451,0.0086906,-0.0029264,0.99982
-0.013458,0.032324,0.043169,0.016185,0.0075979,-0.0028415,0.99984
-0.012816,0.031519,0.039988,0.015966,0.0063826,-0.0028914,0.99985
-0.011774,0.030764,0.03672,0.015709,0.005042,-0.0030775,0.99986
-0.010751,0.030075,0.033424,0.015291,0.0034382,-0.0033181,0.99987
-0.0097638,0.029334,0.030032,0.014701,0.0016466,-0.0033096,0.99989
-0.0087382,0.028661,0.026641,0.014072,-9.3668e-05,-0.0035588,0.99989
-0.007444,0.028106,0.023231,0.013392,-0.0016199,-0.0038007,0.9999
-0.0062962,0.02754,0.019735,0.012491,-0.0031142,-0.0039167,0.99991
-0.0050224,0.02689,0.016165,0.011448,-0.0043175,-0.0038512,0.99992
-0.0038285,0.026209,0.01269,0.01044,-0.0051277,-0.0038985,0.99992
-0.002697,0.025436,0.0093968,0.0097564,-0.0054157,-0.0037479,0.99993
-0.00094281,0.024786,0.0062686,0.0093614,-0.0053926,-0.0035388,0.99994
7.6139e-05,0.023923,0.0032432,0.0089721,-0.0054551,-0.0033748,0.99994
0.0010682,0.023167,0.00024833,0.0083786,-0.0059158,-0.003143,0.99994
0.0021085,0.022422,-0.0027949,0.0073684,-0.0068219,-0.0029348,0.99995
0.0031065,0.021655,-0.0058667,0.0061044,-0.007993,-0.0027435,0.99995
0.0040829,0.020952,-0.0088974,0.0048872,-0.009211,-0.0024642,0.99994
0.0049165,0.020172,-0.011769,0.0038754,-0.01012,-0.0021698,0.99994
0.0056215,0.019319,-0.01429,0.0033249,-0.010626,-0.0018526,0.99994
0.0061923,0.017388,-0.016519,0.0031896,-0.010597,-0.0015947,0.99994
0.0067475,0.016523,-0.018568,0.0033389,-0.010087,-0.0012274,0.99994
0.0072742,0.015757,-0.020419,0.0036133,-0.0093506,-0.0010223,0.99995
0.0077699,0.01501,-0.022131,0.0037569,-0.0086683,-0.00064856,0.99996
0.008223,0.014372,-0.023884,0.0034779,-0.0083516,-0.00012293,0.99996
0.0086057,0.013766,-0.025652,0.0031197,-0.0083921,0.00064683,0.99996
0.0088827,0.01316,-0.027365,0.0029391,-0.0085125,0.0013747,0.99996
0.009016,0.012596,-0.028947,0.0030547,-0.0085834,0.0022372,0.99996
0.0090261,0.011968,-0.030424,0.0033822,-0.0084339,0.0031146,0.99995
0.0089988,0.01132,-0.031806,0.0037033,-0.008196,0.0039921,0.99995
0.0088687,0.011555,-0.033127,0.0038926,-0.0080237,0.0052999,0.99995
0.008797,0.010938,-0.034472,0.0039662,-0.0080525,0.0061217,0.99994
0.0093658,0.010539,-0.035826,0.0040043,-0.0082922,0.0068037,0.99993
0.0093649,0.010049,-0.037188,0.003957,-0.0084508,0.0074909,0.99993
0.0097693,0.009809,-0.03762,0.0039477,-0.0085627,0.008177,0.99992
0.0098465,0.0091619,-0.03899,0.0040702,-0.008716,0.0089085,0.99991
0.0095993,0.0083911,-0.041462,0.0042474,-0.0090737,0.0093741,0.99991
0.010078,0.0078823,-0.042966,0.0046001,-0.0095984,0.0098773,0.99989
0.010229,0.0071914,-0.044516,0.0051316,-0.010206,0.010384,0.99988
0.010768,0.0067786,-0.04496,0.0055342,-0.010858,0.010842,0.99987
0.010995,0.00639,-0.046707,0.0056676,-0.011362,0.011691,0.99985
0.010885,0.0054302,-0.049771,0.0053225,-0.011559,0.012023,0.99985
0.011379,0.0048134,-0.051595,0.0046635,-0.011372,0.012234,0.99985
0.011679,0.0042399,-0.053451,0.0040072,-0.011092,0.012235,0.99986
0.012258,0.0039098,-0.053934,0.0036127,-0.010883,0.012105,0.99986
0.012535,0.0032519,-0.055656,0.0036184,-0.011056,0.012099,0.99986
0.012642,0.0023474,-0.058717,0.004147,-0.01129,0.011925,0.99986
0.012895,0.0017077,-0.06025,0.0051036,-0.011245,0.011556,0.99986
0.013316,0.0011677,-0.061751,0.0061811,-0.010891,0.011113,0.99986
0.013851,0.00090617,-0.061956,0.0068625,-0.010511,0.010835,0.99986
0.014212,7.2622e-05,-0.06357,0.0069893,-0.010282,0.010586,0.99987
0.01462,-0.00051494,-0.065231,0.0065139,-0.010255,0.01058,0.99987
0.014944,-0.0010442,-0.066947,0.0055603,-0.010293,0.010778,0.99987
0.015,-0.0016193,-0.068608,0.0042979,-0.010219,0.011147,0.99988
0.015283,-0.0021013,-0.070238,0.0031647,-0.010094,0.011434,0.99988
0.015585,-0.0027307,-0.071713,0.0024627,-0.0098625,0.01156,0.99988
0.01562,-0.0034521,-0.074036,0.0021549,-0.00966,0.011608,0.99988
0.016004,-0.0036494,-0.074346,0.0020256,-0.0097106,0.01169,0.99988
0.016043,-0.0041695,-0.075553,0.0018979,-0.0099372,0.011893,0.99988
0.016217,-0.0047543,-0.076806,0.0016055,-0.010347,0.012177,0.99987
0.016402,-0.0052795,-0.078044,0.0011354,-0.010678,0.012502,0.99986
0.016616,-0.0058062,-0.079321,0.00027469,-0.010889,0.012739,0.99986
0.016894,-0.0063141,-0.080572,-0.0010623,-0.010977,0.012756,0.99986
0.017158,-0.0067093,-0.081707,-0.0023533,-0.011103,0.012686,0.99986
0.017477,-0.0070873,-0.082785,-0.0035531,-0.011397,0.012566,0.99985
0.017746,-0.0068572,-0.08375,-0.0044395,-0.011895,0.01236,0.99984
0.018017,-0.0071373,-0.08462,-0.0049308,-0.012502,0.011984,0.99984
0.018165,-0.0074118,-0.085503,-0.0052584,-0.012938,0.011789,0.99983
0.018288,-0.0076908,-0.086288,-0.0056413,-0.013167,0.011816,0.99983
0.01836,-0.007947,-0.087088,-0.0063756,-0.013241,0.011974,0.99982
0.018411,-0.0080806,-0.087782,-0.0073355,-0.013113,0.012309,0.99981
0.018458,-0.0082114,-0.088413,-0.0082917,-0.013065,0.012509,0.9998
0.018458,-0.0083077,-0.088912,-0.0093255,-0.013279,0.012699,0.99979
0.018573,-0.008329,-0.089453,-0.010439,-0.013581,0.012801,0.99977
0.018594,-0.0083589,-0.08983,-0.011208,-0.013866,0.012819,0.99976
0.018551,-0.0085698,-0.090068,-0.01146,-0.01405,0.012853,0.99975
0.018541,-0.0085707,-0.090296,-0.01132,-0.014436,0.012927,0.99975
0.01846,-0.0085436,-0.090421,-0.011133,-0.014954,0.013082,0.99974
0.018461,-0.0084975,-0.090538,-0.01082,-0.015341,0.01329,0.99974
0.018419,-0.0084669,-0.090584,-0.010471,-0.0156,0.01359,0.99973
0.018462,-0.0085083,-0.090629,-0.010379,-0.015862,0.013753,0.99973
0.018434,-0.0084371,-0.090701,-0.010543,-0.016311,0.014079,0.99971
0.018477,-0.0084047,-0.090775,-0.01088,-0.01668,0.014363,0.9997
0.01836,-0.0084187,-0.090757,-0.01135,-0.016918,0.014519,0.99969
0.018294,-0.008406,-0.090586,-0.011736,-0.016974,0.014511,0.99968
0.018175,-0.0085606,-0.090369,-0.011914,-0.016801,0.014383,0.99968
0.018041,-0.0084017,-0.090072,-0.011833,-0.016533,0.014222,0.99969
0.017938,-0.0081656,-0.0897,-0.011704,-0.01639,0.013971,0.9997
0.017752,-0.0079507,-0.089428,-0.011743,-0.016425,0.013751,0.9997
0.017667,-0.0077851,-0.08915,-0.011906,-0.0166,0.013615,0.9997
0.01762,-0.0083895,-0.08895,-0.012195,-0.01681,0.013212,0.9997
0.017538,-0.008269,-0.088748,-0.012707,-0.017,0.013196,0.99969
0.01748,-0.0080754,-0.088475,-0.013091,-0.017049,0.013016,0.99968
0.017611,-0.0077593,-0.08807,-0.013443,-0.016799,0.012934,0.99968
0.017458,-0.0074807,-0.087626,-0.013805,-0.016291,0.012902,0.99969
0.01725,-0.0074701,-0.087114,-0.014175,-0.015613,0.012964,0.99969
0.017009,-0.0071477,-0.086489,-0.014578,-0.015146,0.012844,0.9997
0.016777,-0.0067756,-0.085898,-0.015056,-0.015033,0.012841,0.99969
0.016503,-0.0064134,-0.085308,-0.015614,-0.015184,0.012912,0.99968
0.016222,-0.0060906,-0.084716,-0.016131,-0.015201,0.012904,0.99967
0.015873,-0.00563,-0.083932,-0.016314,-0.014949,0.012952,0.99967
0.015461,-0.0052569,-0.083006,-0.016288,-0.014384,0.012887,0.99968
0.015075,-0.0048266,-0.081929,-0.01609,-0.013811,0.012781,0.99969
0.014537,-0.0044039,-0.080749,-0.015842,-0.013457,0.012758,0.9997
0.014138,-0.0039174,-0.07955,-0.015681,-0.013104,0.012729,0.99971
0.0136,-0.0034137,-0.07827,-0.015579,-0.012747,0.013652,0.9997
0.013214,-0.0028509,-0.076921,-0.015421,-0.01231,0.013671,0.99971
0.012867,-0.0022124,-0.075516,-0.015305,-0.011918,0.013688,0.99972
0.012583,-0.001516,-0.074056,-0.015315,-0.01166,0.013739,0.99972
0.012197,-0.00084395,-0.07257,-0.015276,-0.011437,0.013576,0.99973
0.011824,-0.00014572,-0.070902,-0.014852,-0.011068,0.013338,0.99974
0.011378,0.00047609,-0.069139,-0.014219,-0.010563,0.01315,0.99976
0.010858,0.0011497,-0.067285,-0.013453,-0.0101,0.012966,0.99977
0.010417,0.0018359,-0.065372,-0.012641,-0.0097617,0.012774,0.99979
0.009907,0.0024844,-0.06338,-0.011956,-0.0095631,0.012706,0.9998
0.0093947,0.0031664,-0.061406,-0.011398,-0.0094148,0.012679,0.99981
0.0088868,0.0039136,-0.059364,-0.010935,-0.009008,0.012616,0.99982
0.0084063,0.0046621,-0.057271,-0.010523,-0.0083844,0.012515,0.99983
0.0078811,0.0055106,-0.055078,-0.010113,-0.0075875,0.012338,0.99984
0.0073477,0.0063222,-0.052839,-0.0095745,-0.0068272,0.012158,0.99986
0.0067307,0.0071722,-0.05055,-0.0091218,-0.0060725,0.012022,0.99987
0.0061791,0.0079824,-0.048248,-0.0087998,-0.0052789,0.011885,0.99988
0.0056074,0.0088128,-0.0459,-0.008658,-0.0043193,0.011792,0.99988
0.0050107,0.0096602,-0.043546,-0.0085989,-0.0033587,0.011571,0.99989
0.0044481,0.010497,-0.041115,-0.0084542,-0.0023926,0.011307,0.9999
0.0039031,0.011371,-0.038602,-0.0080019,-0.0015427,0.010956,0.99991
0.0033309,0.012226,-0.03608,-0.0073752,-0.00068625,0.010567,0.99992
0.0027511,0.013084,-0.033424,-0.0065817,0.00034832,0.010188,0.99993
0.0021704,0.013861,-0.030772,-0.0058765,0.0013791,0.0098483,0.99993
0.0016086,0.014669,-0.028021,-0.0050543,0.0027997,0.0095704,0.99994
0.0010314,0.015439,-0.025241,-0.0042794,0.0043483,0.0092967,0.99994
0.00052333,0.016258,-0.022397,-0.00346,0.0058551,0.009022,0.99994
5.5233e-05,0.017063,-0.019545,-0.0025479,0.0071903,0.0087871,0.99993
-0.00045286,0.017817,-0.016715,-0.0016331,0.0083539,0.0085422,0.99993
-0.00093901,0.018591,-0.013892,-0.00075401,0.0093859,0.0082952,0.99992
-0.0013829,0.019386,-0.011305,-0.00075401,0.0093859,0.0082952,0.99992
-0.0018478,0.020177,-0.0084882,0.00029661,0.010426,0.0080062,0.99991
-0.0022499,0.021024,-0.0054391,0.0023011,0.012845,0.0074846,0.99989
-0.0026837,0.021767,-0.0026704,0.0029523,0.01417,0.0072865,0.99987
-0.0031523,0.022522,9.9698e-05,0.0034264,0.015661,0.0071368,0.99985
-0.0036093,0.023211,0.0027603,0.0034264,0.015661,0.0071368,0.99985
-0.0040464,0.023911,0.0055249,0.0037287,0.01715,0.0068531,0.99982
-0.0043956,0.024635,0.0084009,0.0044337,0.019701,0.0062709,0.99978
-0.0047336,0.025357,0.011046,0.0048837,0.020635,0.0059684,0.99976
-0.0050945,0.026083,0.013618,0.0054298,0.021223,0.0057405,0.99974
-0.005527,0.026772,0.016066,0.0054298,0.021223,0.0057405,0.99974
-0.0059155,0.027479,0.018564,0.0060172,0.021851,0.0056459,0.99973
-0.0063923,0.028119,0.021184,0.0066749,0.022909,0.0056552,0.9997
-0.0068055,0.028751,0.023896,0.0075352,0.024362,0.0056827,0.99966
-0.0071904,0.029431,0.02669,0.0084834,0.025914,0.0054563,0.99961
-0.0075151,0.030138,0.029464,0.0094817,0.027251,0.0052226,0.99957
-0.0078281,0.030836,0.032282,0.01045,0.028288,0.0049354,0.99953
-0.0081795,0.031492,0.034986,0.01117,0.028885,0.0046242,0.99951
-0.0084987,0.032173,0.037553,0.011649,0.028955,0.004334,0.9995
-0.008927,0.032847,0.040049,0.012052,0.028676,0.0040707,0.99951
-0.0093513,0.033476,0.042556,0.012408,0.028346,0.0039328,0.99951
-0.0098345,0.034096,0.045195,0.012839,0.028537,0.0038637,0.9995
-0.01029,0.034767,0.048048,0.013537,0.02964,0.0038306,0.99946
-0.010721,0.035398,0.051043,0.014347,0.031395,0.0038271,0.9994
-0.011145,0.036041,0.054114,0.015278,0.033369,0.003834,0.99932
-0.011497,0.036701,0.057161,0.016131,0.035083,0.0037849,0.99925
-0.011874,0.037318,0.06004,0.016707,0.036144,0.0036649,0.9992
-0.012253,0.037959,0.062738,0.017005,0.036375,0.0035058,0.99919
-0.01271,0.038599,0.065251,0.017151,0.035913,0.0032732,0.9992
-0.013222,0.039235,0.067775,0.017393,0.035284,0.0029941,0.99922
-0.013739,0.039889,0.070443,0.017832,0.03522,0.0027843,0.99922
-0.014302,0.040548,0.07335,0.018499,0.036205,0.0024455,0.99917
-0.014815,0.04116,0.076508,0.01935,0.038101,0.0021444,0.99908
-0.015264,0.041815,0.079839,0.020364,0.040346,0.0019038,0.99898
-0.015653,0.042449,0.083139,0.021427,0.042461,0.0017037,0.99887
-0.016036,0.043113,0.086363,0.022516,0.043717,0.0014266,0.99879
-0.01651,0.043649,0.089333,0.023337,0.043969,0.0011932,0.99876
-0.01701,0.044335,0.092049,0.023964,0.043306,0.00096082,0.99877
-0.017503,0.045064,0.094676,0.024777,0.042392,0.0007246,0.99879
-0.018106,0.045636,0.097528,0.025821,0.04235,0.00043907,0.99877
-0.018726,0.046184,0.10074,0.027077,0.043779,0.00030219,0.99867
-0.019241,0.046708,0.10419,0.028255,0.046285,0.00011887,0.99853
-0.019614,0.047235,0.10777,0.029287,0.049257,3.7319e-05,0.99836
-0.020019,0.047751,0.11137,0.030243,0.051968,-1.0922e-05,0.99819
-0.020372,0.048275,0.11481,0.031257,0.054117,-3.7811e-05,0.99805
-0.020797,0.048789,0.11812,0.032387,0.055498,-0.00013405,0.99793
-0.021303,0.049326,0.12118,0.033626,0.056021,-0.00039475,0.99786
-0.021854,0.049901,0.12399,0.034868,0.055388,-0.00082784,0.99786
-0.023444,0.050271,0.12664,0.036046,0.053889,-0.0012977,0.9979
-0.024066,0.05084,0.12927,0.037014,0.05234,-0.0017284,0.99794
-0.024744,0.05135,0.13219,0.037934,0.052075,-0.0019381,0.99792
-0.025361,0.05182,0.13547,0.038921,0.05375,-0.0019835,0.99779
-0.026018,0.052191,0.13914,0.039815,0.056921,-0.0017116,0.99758
-0.02674,0.052624,0.14283,0.040521,0.060424,-0.0012573,0.99735
-0.027249,0.053045,0.1464,0.041113,0.063361,-0.00078462,0.99714
-0.027844,0.053475,0.14975,0.041747,0.065096,-0.00048804,0.99701
-0.028626,0.053897,0.1529,0.042465,0.06559,-0.00036844,0.99694
-0.029439,0.054344,0.15577,0.043313,0.064889,-0.00050963,0.99695
-0.030782,0.054748,0.15845,0.044242,0.063122,-0.00090752,0.99702
-0.031691,0.055211,0.1612,0.045264,0.061102,-0.0014443,0.9971
-0.032592,0.055567,0.16425,0.04663,0.060508,-0.0017012,0.99708
-0.033479,0.055822,0.16787,0.048519,0.062425,-0.0016754,0.99687
-0.034154,0.055907,0.17182,0.050435,0.065967,-0.0012834,0.99655
-0.034972,0.055838,0.17576,0.052165,0.069933,-0.00083377,0.99619
-0.035295,0.055813,0.17958,0.053663,0.073296,-0.0005837,0.99587
-0.035729,0.055876,0.1831,0.055106,0.075715,-0.00050149,0.99561
-0.036257,0.056054,0.1864,0.056574,0.07736,-0.00049297,0.9954
-0.036799,0.056358,0.18936,0.057986,0.077974,-0.00074458,0.99527
-0.036553,0.056887,0.19207,0.059391,0.077692,-0.0012034,0.99521
-0.037145,0.0573,0.19466,0.060839,0.077192,-0.0016723,0.99516
-0.037775,0.057665,0.19746,0.062355,0.077466,-0.0018465,0.99504
-0.038208,0.058051,0.20036,0.063949,0.078977,-0.0017126,0.99482
-0.038539,0.058334,0.20347,0.065467,0.081555,-0.0012331,0.99452
-0.039832,0.058423,0.20651,0.066672,0.084334,-0.00070907,0.9942
-0.040041,0.058644,0.20936,0.067555,0.086593,-0.00029669,0.99395
-0.040349,0.05866,0.21208,0.068412,0.088206,1.6242e-06,0.99375
-0.040482,0.058535,0.21414,0.069244,0.089176,9.9627e-05,0.99361
-0.040714,0.058661,0.21616,0.070058,0.089595,3.4272e-06,0.99351
-0.040366,0.058915,0.21803,0.070893,0.089416,-0.00024618,0.99347
-0.040543,0.059193,0.21994,0.071875,0.088686,-0.00064534,0.99346
-0.040739,0.059357,0.22199,0.073195,0.088133,-0.00090129,0.99342
-0.040789,0.059477,0.22419,0.074741,0.088527,-0.00094183,0.99327
-0.040711,0.059512,0.22656,0.076351,0.089783,-0.00081494,0.99303
-0.040341,0.059553,0.22891,0.077727,0.091678,-0.00062297,0.99275
-0.040084,0.059497,0.23124,0.078786,0.093597,-0.00039574,0.99249
-0.039606,0.059059,0.233,0.079824,0.095138,-0.00031175,0.99226
-0.039338,0.059004,0.2352,0.080921,0.096211,-0.00037555,0.99207
-0.039034,0.058951,0.23722,0.081947,0.096856,-0.00058777,0.99192
-0.038363,0.058943,0.23913,0.08285,0.097106,-0.00081965,0.99182
-0.038053,0.058968,0.24082,0.083771,0.096932,-0.0011539,0.99176
-0.037761,0.059015,0.24249,0.084787,0.096679,-0.0015317,0.9917
-0.037514,0.059027,0.24434,0.086085,0.096993,-0.0019248,0.99155
-0.037201,0.059024,0.24621,0.08753,0.098173,-0.0022796,0.99131
-0.038456,0.058814,0.24808,0.088919,0.099828,-0.002659,0.99102
-0.038065,0.058887,0.24973,0.089968,0.1013,-0.0030093,0.99078
-0.037661,0.059035,0.25111,0.090632,0.10236,-0.0033419,0.9906
-0.037307,0.059249,0.25223,0.091013,0.10296,-0.0038284,0.99051
-0.037039,0.059552,0.25297,0.091021,0.10315,-0.0042947,0.99048
-0.036508,0.059877,0.25354,0.090899,0.10294,-0.0047387,0.99051
-0.036424,0.060197,0.2539,0.090669,0.10226,-0.005203,0.9906
-0.036374,0.060442,0.25413,0.090534,0.10151,-0.005711,0.99069
-0.036404,0.060591,0.25449,0.090407,0.10138,-0.0060655,0.99071
-0.036386,0.060631,0.25491,0.090345,0.10212,-0.0062527,0.99064
-0.037692,0.060503,0.25529,0.090262,0.10337,-0.0062035,0.99052
-0.037576,0.06059,0.2556,0.08997,0.10448,-0.006077,0.99043
-0.037412,0.060724,0.2557,0.089513,0.10524,-0.0060552,0.99039
-0.037292,0.060767,0.25546,0.089036,0.10544,-0.0060556,0.99041
-0.037297,0.060797,0.2552,0.088601,0.10525,-0.0061166,0.99047
-0.037871,0.060687,0.25483,0.088224,0.10486,-0.006227,0.99055
-0.037893,0.060677,0.25441,0.087983,0.10442,-0.0063786,0.99061
-0.037938,0.060645,0.25402,0.087904,0.10416,-0.0064343,0.99065
-0.037893,0.060603,0.25363,0.087904,0.10416,-0.0064343,0.99065
-0.037807,0.060546,0.25328,0.087897,0.10434,-0.0064277,0.99063
-0.038721,0.060382,0.2528,0.08781,0.10442,-0.0065122,0.99063
-0.03857,0.060373,0.25221,0.087735,0.10426,-0.0066928,0.99065
-0.038491,0.060367,0.2515,0.087528,0.10396,-0.0069691,0.9907
-0.038395,0.060344,0.25072,0.087285,0.10361,-0.0072036,0.99075
-0.038383,0.060306,0.24995,0.086778,0.10317,-0.0073622,0.99084
-0.038732,0.060192,0.24911,0.086191,0.10264,-0.0073953,0.99095
-0.038659,0.060177,0.24817,0.085731,0.10215,-0.0074243,0.99104
-0.038577,0.060076,0.24727,0.085395,0.10162,-0.0074968,0.99112
-0.038478,0.060007,0.24633,0.085115,0.10106,-0.0075679,0.9912
-0.038431,0.059977,0.24534,0.084698,0.10044,-0.0076453,0.9913
-0.038864,0.059838,0.24438,0.084365,0.1,-0.0077565,0.99137
-0.038912,0.05973,0.2435,0.084072,0.099694,-0.0077316,0.99143
-0.038919,0.059652,0.24248,0.083689,0.099293,-0.0077999,0.9915
-0.038877,0.059628,0.24137,0.083235,0.098634,-0.0078355,0.99161
-0.038812,0.05958,0.24019,0.082694,0.097883,-0.0078339,0.99173
-0.039574,0.059355,0.23897,0.082115,0.097091,-0.0077906,0.99185
-0.039445,0.059265,0.23772,0.08157,0.096341,-0.0079194,0.99197
-0.039353,0.059131,0.23644,0.081119,0.09551,-0.0080058,0.99209
-0.039191,0.059099,0.23502,0.080763,0.094603,-0.0082221,0.9922
-0.039023,0.059037,0.23364,0.080574,0.093698,-0.0084793,0.9923
-0.038375,0.05902,0.23216,0.08031,0.092714,-0.0088698,0.99241
-0.038163,0.058927,0.23054,0.080172,0.091596,-0.0091345,0.99252
-0.037905,0.058756,0.22884,0.08004,0.090307,-0.0094057,0.99265
-0.037634,0.058509,0.22708,0.079736,0.08901,-0.0095939,0.99279
-0.037421,0.058154,0.22526,0.079304,0.087664,-0.0097,0.99294
-0.037619,0.057783,0.22327,0.078826,0.086273,-0.0098526,0.9931
-0.037423,0.057491,0.2212,0.078478,0.084841,-0.010004,0.99325
-0.037269,0.057136,0.21913,0.078227,0.083421,-0.010239,0.99339
-0.037114,0.056796,0.21694,0.078013,0.081867,-0.010479,0.99353
-0.037014,0.056374,0.21466,0.077727,0.080054,-0.010687,0.9937
-0.038257,0.055784,0.21223,0.077228,0.078014,-0.010779,0.9939
-0.0382,0.055449,0.20967,0.076507,0.076004,-0.010745,0.99411
-0.03808,0.055071,0.20712,0.075643,0.074463,-0.010651,0.99429
-0.037972,0.054727,0.20463,0.074639,0.073216,-0.010461,0.99446
-0.037805,0.054387,0.20205,0.07337,0.072047,-0.010317,0.99465
-0.03823,0.054039,0.19939,0.071977,0.07066,-0.010228,0.99485
-0.037996,0.053869,0.19661,0.070516,0.068931,-0.010196,0.99507
-0.037751,0.053657,0.19376,0.069016,0.066984,-0.010216,0.99531
-0.037559,0.05342,0.19095,0.067601,0.065215,-0.010271,0.99553
-0.037361,0.053099,0.18811,0.066259,0.063617,-0.010275,0.99572
-0.037862,0.052663,0.18539,0.065046,0.06224,-0.010267,0.99589
-0.037637,0.052348,0.18266,0.063743,0.060943,-0.01017,0.99605
-0.037349,0.052037,0.17987,0.062386,0.059768,-0.0099415,0.99621
-0.036999,0.051742,0.17705,0.060987,0.058634,-0.0096677,0.99637
-0.036684,0.051464,0.17419,0.059547,0.057369,-0.0094438,0.99653
-0.035603,0.051293,0.17133,0.058122,0.055939,-0.0093104,0.9967
-0.035336,0.050962,0.16847,0.056481,0.054374,-0.0092742,0.99688
-0.035088,0.050638,0.16562,0.054841,0.052811,-0.0093241,0.99705
-0.034902,0.05036,0.16279,0.053291,0.051076,-0.0092927,0.99723
-0.034665,0.050071,0.15997,0.051703,0.049299,-0.0093058,0.9974
-0.033271,0.050036,0.15709,0.04994,0.047514,-0.0092798,0.99758
-0.032928,0.049861,0.15417,0.048127,0.045767,-0.0092109,0.99775
-0.032531,0.049675,0.15127,0.046357,0.044239,-0.0091309,0.9979
-0.032092,0.049439,0.14835,0.044705,0.043016,-0.0090372,0.99803
-0.031658,0.049182,0.14542,0.043011,0.041834,-0.0088984,0.99816
-0.031023,0.048895,0.14251,0.041314,0.040653,-0.0088036,0.99828
-0.030583,0.048484,0.13956,0.039707,0.039476,-0.0087494,0.99839
-0.030156,0.048049,0.13668,0.038229,0.038172,-0.0086556,0.9985
-0.029735,0.047632,0.1337,0.036591,0.036517,-0.0085779,0.99863
-0.029302,0.047266,0.13067,0.034955,0.034862,-0.0084561,0.99874
-0.02908,0.046852,0.12758,0.033314,0.033293,-0.008375,0.99886
-0.028622,0.046446,0.12454,0.031747,0.032152,-0.0081016,0.99895
-0.02821,0.045932,0.12159,0.030088,0.031096,-0.0078706,0.99903
-0.027751,0.045422,0.11867,0.028299,0.030079,-0.0076403,0.99912
-0.027214,0.044878,0.11572,0.026598,0.029068,-0.0074946,0.9992
-0.02544,0.044571,0.11278,0.024989,0.027975,-0.0073926,0.99927
-0.024859,0.044099,0.10989,0.023463,0.026975,-0.0074162,0.99933
-0.024252,0.043643,0.10703,0.022073,0.025852,-0.0074844,0.99939
-0.023674,0.04318,0.10418,0.02077,0.024732,-0.0075509,0.99945
-0.023049,0.042813,0.10133,0.019562,0.02336,-0.0077119,0.99951
-0.02241,0.042436,0.098505,0.018405,0.021861,-0.007919,0.99956
-0.021701,0.042161,0.095529,0.017206,0.020229,-0.0080896,0.99961
-0.020948,0.041908,0.092631,0.016215,0.01882,-0.0082483,0.99966
-0.020155,0.041569,0.089771,0.015039,0.017835,-0.0083496,0.99969
-0.019384,0.041123,0.087001,0.01376,0.017276,-0.0083942,0.99972
-0.018937,0.040542,0.084321,0.01248,0.016894,-0.0085606,0.99974
-0.017972,0.040016,0.081708,0.011203,0.016342,-0.0087776,0.99977
-0.016908,0.039539,0.079069,0.010206,0.015375,-0.0092207,0.99979
-0.015784,0.039094,0.076475,0.0096114,0.01404,-0.0098438,0.99981
-0.014715,0.038686,0.073911,0.0092397,0.012495,-0.010471,0.99982
-0.01357,0.038322,0.07129,0.0089151,0.010818,-0.010972,0.99984
-0.012579,0.037896,0.06861,0.0082387,0.0092111,-0.011348,0.99986
-0.011604,0.037446,0.066021,0.0074213,0.0078931,-0.011498,0.99988
-0.010623,0.037004,0.063538,0.0067103,0.0071352,-0.011496,0.99989
-0.009578,0.036464,0.061125,0.0061159,0.0067694,-0.011478,0.99989
-0.0089233,0.035789,0.058834,0.00556,0.0066217,-0.011493,0.9999
-0.0077747,0.035202,0.056551,0.005141,0.0062681,-0.011644,0.9999
-0.0066126,0.034577,0.054292,0.0047676,0.0059634,-0.011921,0.9999
-0.0054793,0.033904,0.052036,0.0043934,0.0057536,-0.012411,0.9999
-0.004451,0.033181,0.049768,0.0039359,0.0054547,-0.012905,0.99989
-0.003444,0.03252,0.047417,0.0031834,0.004925,-0.013284,0.99989
-0.0024488,0.031889,0.044984,0.0021749,0.0042078,-0.0135,0.9999
-0.0014832,0.031368,0.042578,0.0012458,0.0035753,-0.013584,0.9999
-0.00052105,0.030808,0.040252,0.00064564,0.0032893,-0.01339,0.9999
0.00039747,0.030231,0.037997,0.00021003,0.0031727,-0.012969,0.99991
0.0015405,0.029626,0.035736,-8.7797e-05,0.0027553,-0.012472,0.99992
0.002466,0.028898,0.033463,-0.00023827,0.0018692,-0.012032,0.99993
0.0032822,0.027997,0.031202,-0.00015978,0.00060774,-0.011733,0.99993
0.0039,0.027032,0.028977,-0.00012495,-0.00061433,-0.01139,0.99993
0.0045494,0.026047,0.02672,-0.00035949,-0.0014946,-0.011168,0.99994
0.0062669,0.025513,0.024679,-0.00082808,-0.0018217,-0.010929,0.99994
0.0067758,0.024854,0.022752,-0.0013914,-0.0018931,-0.010682,0.99994
0.0073946,0.024316,0.020859,-0.0019978,-0.0019195,-0.01052,0.99994
0.0079106,0.023812,0.019056,-0.0025635,-0.0019917,-0.010231,0.99994
0.0084731,0.023338,0.017246,-0.0031772,-0.0019417,-0.0098072,0.99994
0.010163,0.023121,0.015631,-0.0037515,-0.001848,-0.0093391,0.99995
0.010523,0.022652,0.014108,-0.0041957,-0.0017061,-0.0089092,0.99995
0.010841,0.022204,0.01265,-0.0046399,-0.0015642,-0.0084793,0.99995
0.011135,0.021805,0.011364,-0.0049541,-0.0013741,-0.0080875,0.99995
0.011327,0.021515,0.010263,-0.0051891,-0.0010039,-0.0077761,0.99996
0.011509,0.021326,0.0094667,-0.005422,-0.00063288,-0.0075068,0.99996
0.011724,0.021185,0.0087389,-0.0056526,-0.00034567,-0.0072848,0.99996
0.011991,0.021145,0.0081214,-0.0058394,-1.3083e-05,-0.0071025,0.99996
0.012222,0.021135,0.0077576,-0.0057238,0.00037348,-0.0069553,0.99996
0.012423,0.021158,0.0075725,-0.0053919,0.00072643,-0.0068501,0.99996
0.012689,0.021229,0.0075444,-0.0050642,0.001255,-0.0068246,0.99996
0.012762,0.021306,0.0076594,-0.0044996,0.0011443,-0.0068196,0.99997
0.012711,0.021345,0.0078434,-0.0038467,0.00094457,-0.0066859,0.99997
0.012613,0.021433,0.0081075,-0.0031104,0.00083393,-0.0065474,0.99997
0.01249,0.021501,0.008435,-0.0023368,0.00085077,-0.006317,0.99998
0.011634,0.021447,0.0088165,-0.0016558,0.0010395,-0.006126,0.99998
0.011396,0.021513,0.009252,-0.0011049,0.0012647,-0.0058914,0.99998
0.01112,0.021575,0.0096696,-0.00072994,0.0015727,-0.0057008,0.99998
0.010871,0.021675,0.010131,-0.0004829,0.0018334,-0.0055142,0.99998
0.010506,0.021726,0.010594,-0.00028239,0.0022196,-0.0052791,0.99998
0.010465,0.021841,0.011049,-3.5346e-05,0.0024803,-0.0050924,0.99998
0.010193,0.021839,0.011407,0.00012882,0.0025647,-0.0048719,0.99998
0.0098424,0.021809,0.011724,0.0002991,0.0025616,-0.0046521,0.99999
0.0095057,0.021695,0.011978,0.00058765,0.0027741,-0.0042939,0.99999
0.0091715,0.021515,0.012204,0.00078669,0.0031571,-0.0039726,0.99999
0.0089214,0.021335,0.012404,0.0008928,0.0036192,-0.0035215,0.99999
0.0085408,0.021116,0.012513,0.00087344,0.004035,-0.0031161,0.99999
0.0082176,0.020953,0.0126,0.00059505,0.0043572,-0.002721,0.99999
0.0078695,0.020776,0.012723,0.00018969,0.0046299,-0.0022855,0.99999
0.0075108,0.020601,0.012775,-0.00029751,0.0048168,-0.0019408,0.99999
0.0074171,0.020514,0.012741,-0.00074104,0.0049641,-0.0016415,0.99999
0.0071029,0.020433,0.01271,-0.0011002,0.0052911,-0.0014622,0.99998
0.0069012,0.02037,0.012706,-0.0012856,0.005627,-0.001366,0.99998
0.0067259,0.020292,0.012669,-0.0012856,0.005627,-0.001366,0.99998
0.0066076,0.020283,0.012656,-0.0012968,0.0060645,-0.0015222,0.99998
0.0067188,0.020319,0.012663,-0.0011287,0.0062458,-0.001599,0.99998
0.0066668,0.020288,0.012655,-0.0011287,0.0062458,-0.001599,0.99998
0.0066167,0.020339,0.012747,-0.0010503,0.0065126,-0.0017184,0.99998
0.006625,0.020376,0.012903,-0.0010522,0.0066894,-0.0018399,0.99998
0.0066504,0.020448,0.013013,-0.0011815,0.0067315,-0.0019267,0.99997
0.007235,0.020681,0.013146,-0.0014797,0.0065944,-0.0019813,0.99998
0.0073701,0.020889,0.01328,-0.0016879,0.0064645,-0.0021623,0.99998
0.0075002,0.02115,0.013467,-0.001774,0.0065544,-0.0023329,0.99997
0.0077,0.021397,0.013659,-0.0016483,0.0066933,-0.0024565,0.99997
0.0078955,0.021689,0.013861,-0.0013888,0.0067925,-0.0025767,0.99997
0.0083191,0.02196,0.014087,-0.0010008,0.0068516,-0.0026545,0.99997
0.0084943,0.022202,0.014348,-0.00052515,0.0069168,-0.002817,0.99997
0.0086684,0.022386,0.014638,-9.031e-05,0.0069354,-0.0029375,0.99997
0.0088311,0.022536,0.014932,0.00021777,0.0068246,-0.0031538,0.99997
0.008974,0.022716,0.015163,0.00048744,0.0066683,-0.00337,0.99997
0.0091823,0.022966,0.015384,0.00071306,0.0064664,-0.0035468,0.99997
0.0093345,0.023201,0.015597,0.00084963,0.0063479,-0.0037218,0.99997
0.0094542,0.023418,0.01575,0.0008913,0.0063924,-0.0037194,0.99997
0.0095041,0.023621,0.015929,0.0010144,0.0066101,-0.0036647,0.99997
0.0095365,0.023788,0.016078,0.0010867,0.0069565,-0.0036084,0.99997
0.01018,0.024026,0.016244,0.0013367,0.0072236,-0.0035941,0.99997
0.010165,0.024145,0.01651,0.0015949,0.0073195,-0.0036282,0.99997
0.010154,0.024212,0.016679,0.0017218,0.0073689,-0.0036687,0.99996
0.010113,0.024294,0.016896,0.0018565,0.0073345,-0.0037961,0.99996
0.010103,0.024393,0.017119,0.0019432,0.0073427,-0.0039251,0.99996
0.010148,0.024515,0.017312,0.001985,0.0074799,-0.0040919,0.99996
0.010204,0.024658,0.017564,0.002024,0.0077033,-0.0042555,0.99996
0.010218,0.024805,0.017704,0.0018446,0.0079595,-0.004335,0.99996
0.010241,0.024876,0.017886,0.0017475,0.0083068,-0.0044541,0.99995
0.01019,0.024951,0.018084,0.0016903,0.0087828,-0.0045233,0.99995
0.010245,0.024985,0.018205,0.0017249,0.0090891,-0.0045974,0.99995
0.010232,0.025008,0.018297,0.001848,0.0093069,-0.0045427,0.99994
0.010134,0.025003,0.018384,0.0019298,0.0093926,-0.0044517,0.99994
0.0099851,0.024956,0.018447,0.0020101,0.0094751,-0.0042746,0.99994
0.0097852,0.024902,0.018552,0.0020445,0.0095961,-0.0040103,0.99994
0.0096891,0.024829,0.018669,0.0021257,0.0096766,-0.0037888,0.99994
0.0094558,0.024773,0.018813,0.0021184,0.009753,-0.0035269,0.99994
0.0092503,0.024655,0.018907,0.0022461,0.0097076,-0.0033539,0.99994
0.0090597,0.024566,0.018963,0.0024168,0.0096172,-0.0030955,0.99995
0.0089132,0.024456,0.018914,0.0026781,0.0094468,-0.002925,0.99995
0.0092776,0.024446,0.018818,0.0029421,0.0091901,-0.0027578,0.99995
0.0092515,0.02436,0.018661,0.0031197,0.0090181,-0.0026307,0.99995
0.0092484,0.024236,0.018466,0.0032139,0.008757,-0.0025083,0.99995
0.0092788,0.02411,0.018294,0.0031765,0.0085369,-0.0024309,0.99996
0.0092741,0.023947,0.018082,0.0030528,0.0083138,-0.0023551,0.99996
0.0092143,0.0238,0.01794,0.0028833,0.008222,-0.0023613,0.99996
0.0091858,0.023656,0.0178,0.0025376,0.0082127,-0.0024118,0.99996
0.0091929,0.023602,0.017597,0.0020583,0.0083285,-0.0024596,0.99996
0.0091612,0.023535,0.017464,0.0017065,0.0085791,-0.0025421,0.99996
0.0091723,0.02347,0.017275,0.0013954,0.0088762,-0.0026667,0.99996
0.0081362,0.023228,0.017125,0.0010896,0.0090883,-0.0028363,0.99995
0.0081704,0.023176,0.01703,0.00074498,0.0091697,-0.0030115,0.99995
0.0082494,0.023154,0.016852,0.00040035,0.0092512,-0.0031867,0.99995
0.0082882,0.023183,0.016813,0.00013952,0.0093342,-0.0033185,0.99995
0.0083926,0.023171,0.01672,-0.00011743,0.0094217,-0.0035784,0.99995
0.0085273,0.023256,0.016678,-0.00020435,0.0095136,-0.0037935,0.99995
0.0085767,0.023267,0.016689,-0.00020271,0.0096096,-0.0040489,0.99995
0.008692,0.023327,0.016716,-0.00020108,0.0097056,-0.0043043,0.99994
0.0087663,0.02337,0.016788,-3.5748e-05,0.0099731,-0.0043777,0.99994
0.0088743,0.023405,0.016882,0.0001741,0.010199,-0.0044521,0.99994
0.0088946,0.023476,0.016994,0.00030197,0.010246,-0.0044482,0.99994
0.0089296,0.023535,0.017082,0.00042983,0.010294,-0.0044443,0.99994
0.0089165,0.023601,0.017157,0.00051977,0.010208,-0.0044017,0.99994
0.0088717,0.023654,0.017293,0.00065185,0.01008,-0.004318,0.99994
0.0087676,0.023685,0.01745,0.00078392,0.0099516,-0.0042344,0.99994
0.0087506,0.02378,0.017594,0.0010842,0.010005,-0.0042275,0.99994
0.008775,0.023826,0.017712,0.0013873,0.0099713,-0.0042238,0.99994
0.0087677,0.023882,0.017811,0.0016941,0.0098499,-0.0041791,0.99994
0.0087651,0.023924,0.017902,0.0018707,0.0096799,-0.0040963,0.99994
0.0087598,0.023936,0.017948,0.0020028,0.0095515,-0.0040127,0.99994
0.0088397,0.023981,0.018013,0.0020056,0.0094653,-0.0040159,0.99995
0.0089755,0.024052,0.018038,0.0019655,0.0094241,-0.0041045,0.99995
0.0091223,0.024107,0.018022,0.0019282,0.0092967,-0.0041963,0.99995
0.0093275,0.02415,0.017977,0.0019384,0.009134,-0.0044614,0.99995
0.0094844,0.024192,0.017857,0.0018609,0.0089653,-0.0046418,0.99995
0.0096576,0.024274,0.017724,0.0017389,0.0088383,-0.0048214,0.99995
0.0098457,0.024323,0.017561,0.001568,0.0088359,-0.0049106,0.99995
0.0099739,0.024361,0.017434,0.0014335,0.008963,-0.0049523,0.99995
0.010098,0.024357,0.017315,0.0013014,0.0090913,-0.005036,0.99995
0.010198,0.02435,0.017216,0.0012584,0.0091363,-0.0051213,0.99994
0.01026,0.024348,0.017184,0.0011737,0.0091367,-0.005209,0.99994
0.010328,0.024333,0.017172,0.0011307,0.0091817,-0.0052944,0.99994
0.010366,0.024342,0.017184,0.0010877,0.0092266,-0.0053797,0.99994
0.010404,0.024345,0.017134,0.0010001,0.0093133,-0.0054642,0.99994
0.010405,0.024392,0.017144,0.00095846,0.0092688,-0.0054666,0.99994
0.010438,0.02441,0.017042,0.00087511,0.0091797,-0.0054714,0.99994
0.010485,0.024407,0.017,0.00087511,0.0091797,-0.0054714,0.99994
0.010509,0.024388,0.016985,0.000867,0.0093509,-0.005423,0.99994
0.010512,0.024304,0.016986,0.00081812,0.0094755,-0.0053327,0.99994
0.010534,0.024329,0.016951,0.0007736,0.0095172,-0.0053318,0.99994
0.010578,0.024358,0.016882,0.00073479,0.0093865,-0.0053374,0.99994
0.01062,0.024367,0.016889,0.00082624,0.0093044,-0.005381,0.99994
NaN,NaN,NaN,NaN,NaN,NaN,NaN
