0,0,0,1.9626e-17,0,-5.8878e-17,1
0.00010598,0.00011804,5.0714e-05,0.00022718,-0.00021384,-0.00011926,1
0.00026736,0.00022158,9.0913e-05,0.00041351,-0.00037888,-0.00028324,1
0.00037561,0.00033822,0.00010451,0.00051236,-0.00046337,-0.00040836,1
0.00047558,0.00048174,0.00012513,0.00061315,-0.00054218,-0.00057625,1
0.0006201,0.00059827,0.00012557,0.00074943,-0.00058193,-0.00065258,1
0.000707,0.0007256,0.0001419,0.00087618,-0.00063107,-0.00060025,1
0.00076449,0.00082637,0.00015048,0.00096208,-0.0006314,-0.00059264,1
0.00081216,0.00089628,0.0001801,0.0010911,-0.00058896,-0.00057936,1
0.00081884,0.00094516,0.00017169,0.0011335,-0.00071797,-0.00058111,1
0.00089338,0.0010095,0.00011017,0.0011813,-0.00093486,-0.00062971,1
0.00094894,0.0010318,4.1429e-05,0.0011806,-0.0011066,-0.00063712,1
0.0010099,0.0011218,-9.1236e-06,0.001223,-0.0012356,-0.00063887,1
0.0010914,0.0011913,-5.1726e-05,0.0012636,-0.0013704,-0.00059787,1
0.0011937,0.0012678,-7.9976e-05,0.001356,-0.0016247,-0.00068726,1
0.0013338,0.0013073,-9.7415e-05,0.0014466,-0.0018847,-0.00073391,1
0.0014546,0.0013009,-0.00015828,0.0015039,-0.0020921,-0.00091116,1
0.0015755,0.0013144,-0.00010904,0.0016459,-0.0021339,-0.0010306,1
0.0017426,0.0014147,-0.00012281,0.0017039,-0.0021696,-0.0012005,1
0.0018316,0.0015146,-0.00011661,0.0016253,-0.0022514,-0.0012977,1
0.0020195,0.0016236,-0.00013502,0.0015118,-0.0022006,-0.0014791,1
0.0021141,0.001678,-0.00014045,0.0014763,-0.0022396,-0.0015706,1
0.002245,0.0017003,-0.00010087,0.0014915,-0.0022322,-0.0017424,0.99999
0.0023773,0.0017484,-0.00012831,0.0014988,-0.0023144,-0.001832,0.99999
0.0024687,0.0017484,-0.0001386,0.0015061,-0.0023965,-0.0019216,0.99999
0.0025706,0.0017369,-0.00015902,0.0014354,-0.0023888,-0.002101,0.99999
0.0026604,0.0017367,-0.00016604,0.001443,-0.0023851,-0.0021869,0.99999
0.0027317,0.0017208,-0.00012593,0.0014079,-0.0023383,-0.0022748,0.99999
0.0028452,0.0017795,-0.00013049,0.0014582,-0.0023776,-0.0023587,0.99999
0.0029028,0.0018032,-8.7128e-05,0.0014231,-0.0023308,-0.0024466,0.99999
0.0029649,0.0017999,-5.2491e-05,0.0014738,-0.0022843,-0.0025268,0.99999
0.0030066,0.0018154,-2.6458e-05,0.0015673,-0.002281,-0.0026051,0.99999
0.0030707,0.0018088,-3.4906e-08,0.0016101,-0.0023241,-0.0026031,0.99999
0.0030584,0.0017918,1.0022e-06,0.0016098,-0.0024099,-0.0026068,0.99999
0.003121,0.0017315,-5.0991e-05,0.0016094,-0.0024958,-0.0026105,0.99999
0.0031637,0.0016572,-6.389e-05,0.0015666,-0.0024527,-0.0026125,0.99999
0.0032051,0.0015381,-0.00010603,0.0015724,-0.0024548,-0.0026557,0.99999
0.0032132,0.0014637,-0.00013797,0.0015724,-0.0024548,-0.0026557,0.99999
0.0032369,0.001409,-0.00019383,0.0014433,-0.0024972,-0.002669,0.99999
0.0032549,0.0013356,-0.00024199,0.0013593,-0.0024911,-0.0027193,0.99999
0.0031991,0.0012732,-0.00028486,0.0012662,-0.0024086,-0.0026373,0.99999
0.0031513,0.001193,-0.00033542,0.0011299,-0.0023689,-0.002561,0.99999
0.0031185,0.0010554,-0.00038662,0.0011299,-0.0023689,-0.002561,0.99999
0.0031073,0.00094807,-0.0004789,0.0010792,-0.0024154,-0.0024808,0.99999
0.0030596,0.00083658,-0.00057564,0.0010205,-0.0025515,-0.0023183,0.99999
0.0030313,0.00076361,-0.00062544,0.0011541,-0.0027687,-0.0023594,0.99999
0.0030474,0.0006736,-0.00070743,0.0013252,-0.0029411,-0.0023515,0.99999
0.0030388,0.0005907,-0.00070048,0.0014513,-0.0031621,-0.0023066,0.99999
0.0030837,0.00050268,-0.00076744,0.0014937,-0.0032911,-0.0023083,0.99999
0.0031064,0.00047938,-0.00079869,0.0014506,-0.0033339,-0.002314,0.99999
0.0031559,0.00044396,-0.00087511,0.0014506,-0.0033339,-0.002314,0.99999
0.0032347,0.00040349,-0.00095472,0.0014506,-0.0033339,-0.002314,0.99999
0.0033156,0.0003845,-0.0010994,0.0014205,-0.0034609,-0.0024525,0.99999
0.0034219,0.00039513,-0.0012194,0.0013846,-0.0035858,-0.0025477,0.99999
0.0034741,0.00037166,-0.0013843,0.0012201,-0.0036673,-0.0026525,0.99999
0.0035706,0.00032554,-0.001512,0.0010201,-0.0037879,-0.0028489,0.99999
0.0036691,0.00023029,-0.0016681,0.00077759,-0.0037795,-0.0030436,0.99999
0.0037964,0.00023514,-0.0017438,0.00066607,-0.0037228,-0.0032676,0.99999
0.0039063,0.00025148,-0.0018364,0.00069653,-0.003708,-0.0036112,0.99999
0.0040611,0.00030977,-0.0018927,0.00085565,-0.0037365,-0.0039452,0.99998
0.0042102,0.00039776,-0.0019613,0.00097735,-0.00381,-0.0043281,0.99998
0.0043109,0.00043423,-0.0019455,0.0011796,-0.0037958,-0.0046564,0.99998
0.004435,0.00050893,-0.0019562,0.0012513,-0.003744,-0.0049518,0.99998
0.0045289,0.00057068,-0.001972,0.0012332,-0.0036839,-0.005254,0.99998
0.0046627,0.00065311,-0.0019649,0.0011705,-0.0035866,-0.0055157,0.99998
0.0048127,0.00073897,-0.0019464,0.0012445,-0.0034431,-0.00585,0.99998
0.0049406,0.0007946,-0.0019406,0.0012753,-0.0033424,-0.0061899,0.99997
0.0050181,0.00090363,-0.0018928,0.0011343,-0.003241,-0.0065451,0.99997
0.0051589,0.00096175,-0.0018426,0.00099553,-0.0030479,-0.0069391,0.99997
0.0052532,0.0010386,-0.0018055,0.00099377,-0.0027229,-0.0074021,0.99997
0.005372,0.0011655,-0.0017348,0.0011267,-0.0023574,-0.0078952,0.99997
0.0054759,0.0013188,-0.0016965,0.0011307,-0.0020344,-0.0084016,0.99996
0.0056151,0.001436,-0.0016543,0.0010072,-0.0018339,-0.0089673,0.99996
0.0057266,0.0015143,-0.0016406,0.00096799,-0.0015536,-0.0094794,0.99995
0.0058677,0.0015603,-0.001602,0.00093834,-0.0012639,-0.01012,0.99995
0.0059456,0.0016023,-0.0014786,0.0010377,-0.0009318,-0.010747,0.99994
0.0060913,0.0015953,-0.0013856,0.0011504,-0.00059795,-0.011503,0.99993
0.0062551,0.0016008,-0.0012953,0.0013188,-0.00039136,-0.012391,0.99992
0.0064516,0.0016806,-0.0011494,0.0017979,-4.7706e-05,-0.013374,0.99991
0.0066613,0.0017553,-0.00094157,0.0024542,0.00020742,-0.01439,0.99989
0.0068561,0.0018775,-0.00071573,0.003241,0.00042473,-0.015437,0.99988
0.0070686,0.0020272,-0.00053586,0.0038613,0.00055488,-0.016548,0.99986
0.0073331,0.0021969,-0.000346,0.0043552,0.00082002,-0.017706,0.99983
0.0075825,0.0023607,-0.00010111,0.0049061,0.0012156,-0.018986,0.99981
0.0079216,0.0025335,0.00025136,0.0055173,0.001753,-0.020469,0.99977
0.0081671,0.0027035,0.00070277,0.0061776,0.0023312,-0.021991,0.99974
0.008461,0.0029025,0.0012451,0.0069889,0.0027912,-0.023764,0.99969
0.0087742,0.0031907,0.0018207,0.0078645,0.0032995,-0.025747,0.99963
0.0090794,0.0034734,0.0024341,0.0087995,0.0037776,-0.027941,0.99956
0.0095331,0.0037681,0.0029103,0.0098012,0.0044813,-0.03038,0.99948
0.010039,0.0040633,0.0034275,0.010694,0.0053146,-0.033,0.99938
0.010587,0.0044219,0.0039334,0.011334,0.0063318,-0.035718,0.99928
0.011127,0.0047752,0.0044721,0.011861,0.0076576,-0.038607,0.99915
0.011669,0.0052206,0.0050406,0.012361,0.0092918,-0.041659,0.99901
0.012168,0.0056455,0.00583,0.013,0.011149,-0.044817,0.99885
0.012687,0.0061115,0.006609,0.013667,0.012924,-0.048239,0.99866
0.013066,0.0065732,0.007395,0.014353,0.014731,-0.051397,0.99847
0.013445,0.0070511,0.0081329,0.015081,0.016323,-0.05456,0.99826
0.013927,0.0075296,0.0088202,0.015858,0.01787,-0.057764,0.99804
0.014392,0.0079772,0.0095644,0.016719,0.019325,-0.060924,0.99782
0.01484,0.0084316,0.010354,0.01758,0.020785,-0.064122,0.99757
0.01524,0.0088551,0.011237,0.018484,0.022369,-0.067271,0.99731
0.015636,0.0092188,0.012103,0.019173,0.023911,-0.07044,0.99705
0.015981,0.0096391,0.013022,0.020048,0.02554,-0.073721,0.99675
0.016429,0.010006,0.013966,0.021216,0.02718,-0.077364,0.99641
0.017052,0.010329,0.014955,0.02234,0.028548,-0.081935,0.99598
0.017477,0.010662,0.015866,0.022967,0.029664,-0.085388,0.99564
0.017951,0.011012,0.016697,0.023252,0.030867,-0.088867,0.99529
0.018381,0.011394,0.017497,0.023366,0.032415,-0.092349,0.99492
0.01877,0.011787,0.018434,0.023489,0.03431,-0.095901,0.99452
0.019274,0.012213,0.019401,0.02377,0.036342,-0.099737,0.99407
0.0197,0.012614,0.020351,0.024035,0.038195,-0.10341,0.99361
0.020081,0.01303,0.021284,0.02422,0.039875,-0.10714,0.99315
0.020515,0.013435,0.022247,0.024409,0.041381,-0.11092,0.99267
0.020904,0.013879,0.023181,0.024642,0.042848,-0.11473,0.99217
0.021264,0.015063,0.024165,0.025058,0.044281,-0.11907,0.99158
0.021798,0.015557,0.025076,0.025703,0.045702,-0.12307,0.99101
0.022285,0.015986,0.02605,0.026381,0.046904,-0.12699,0.99044
0.022855,0.016449,0.026948,0.027058,0.048012,-0.13083,0.98987
0.023513,0.016914,0.027755,0.027297,0.04895,-0.13468,0.9893
0.024176,0.017612,0.02844,0.027101,0.049891,-0.13852,0.98873
0.024819,0.018083,0.029126,0.026398,0.05101,-0.14248,0.98813
0.025589,0.018511,0.029785,0.025474,0.052485,-0.14683,0.98744
0.026419,0.01899,0.030535,0.024586,0.054396,-0.15148,0.98666
0.027328,0.019531,0.031288,0.023799,0.056569,-0.15627,0.98581
0.028268,0.020381,0.032008,0.022989,0.058617,-0.16129,0.9849
0.029276,0.02094,0.032662,0.022326,0.06045,-0.16648,0.98394
0.030238,0.021421,0.033364,0.021826,0.062191,-0.17156,0.98297
0.03121,0.02194,0.034047,0.021462,0.064229,-0.17663,0.98195
0.032289,0.022619,0.034494,0.02096,0.066219,-0.18163,0.98091
0.033415,0.02417,0.034823,0.020239,0.067446,-0.1871,0.97981
0.034575,0.02464,0.035225,0.019495,0.068749,-0.19232,0.97873
0.035706,0.025028,0.035645,0.018701,0.070175,-0.19741,0.97763
0.036904,0.025396,0.036006,0.017606,0.071474,-0.20257,0.9765
0.038152,0.025774,0.036354,0.016531,0.073031,-0.20789,0.97528
0.039246,0.027409,0.036808,0.015705,0.074892,-0.21348,0.97395
0.040502,0.027944,0.037424,0.015185,0.076964,-0.21908,0.97255
0.041721,0.028433,0.038088,0.015057,0.079072,-0.22466,0.97111
0.042948,0.028947,0.038798,0.015278,0.080918,-0.23028,0.96963
0.044112,0.029343,0.039575,0.016124,0.08245,-0.23562,0.96821
0.045943,0.029693,0.040244,0.017469,0.083751,-0.24251,0.96637
0.046962,0.029901,0.040884,0.018586,0.084742,-0.2471,0.9651
0.047877,0.03015,0.041659,0.019452,0.085512,-0.25137,0.96391
0.048665,0.030437,0.042484,0.020334,0.086231,-0.25535,0.96278
0.049396,0.030748,0.043327,0.02138,0.087203,-0.25921,0.96164
0.050107,0.031546,0.044175,0.022463,0.088215,-0.26301,0.96049
0.050864,0.031906,0.045157,0.023852,0.089266,-0.2668,0.95931
0.051633,0.032215,0.046156,0.025505,0.090572,-0.27059,0.95808
0.05252,0.032594,0.047183,0.027564,0.092005,-0.27452,0.95677
0.053465,0.032917,0.048256,0.029786,0.093348,-0.27835,0.95547
0.054331,0.03376,0.049268,0.032136,0.094557,-0.28216,0.95415
0.055309,0.034036,0.05019,0.034398,0.095336,-0.28597,0.95286
0.056268,0.034379,0.051089,0.036573,0.096027,-0.28979,0.95156
0.057321,0.03471,0.051815,0.038491,0.097148,-0.2936,0.9502
0.058472,0.03507,0.052479,0.039865,0.098316,-0.29757,0.94879
0.059763,0.036518,0.052981,0.041071,0.099461,-0.30288,0.94693
0.060973,0.036838,0.053491,0.042058,0.10076,-0.3069,0.94546
0.062231,0.037016,0.053878,0.043015,0.10201,-0.31102,0.94393
0.063543,0.037045,0.054258,0.044076,0.10326,-0.3153,0.94233
0.064835,0.037019,0.054535,0.045087,0.10438,-0.31951,0.94074
0.066204,0.03792,0.054766,0.045786,0.10542,-0.32408,0.93902
0.067435,0.037924,0.054862,0.046215,0.10663,-0.32852,0.93732
0.068567,0.038087,0.055006,0.046394,0.10836,-0.33302,0.93552
0.069721,0.038232,0.054952,0.045937,0.11048,-0.33762,0.93365
0.070841,0.03837,0.05462,0.044559,0.11264,-0.34213,0.93181
0.072216,0.037328,0.054191,0.042752,0.11489,-0.34666,0.92995
0.073151,0.037392,0.053758,0.040908,0.11726,-0.35124,0.92801
0.073986,0.037496,0.053325,0.039135,0.11946,-0.35565,0.92613
0.074707,0.037641,0.052825,0.03739,0.12144,-0.35993,0.92429
0.07533,0.037809,0.052328,0.035611,0.12325,-0.36389,0.92257
0.07646,0.038054,0.051932,0.033984,0.12501,-0.36886,0.92041
0.076837,0.038167,0.051505,0.032043,0.12685,-0.37251,0.91876
0.077181,0.038279,0.051103,0.030045,0.12899,-0.37598,0.91711
0.077447,0.038429,0.050637,0.027949,0.13155,-0.37929,0.91545
0.077664,0.038629,0.050113,0.025519,0.13364,-0.38236,0.91394
0.078271,0.03893,0.049644,0.023192,0.13582,-0.38556,0.91234
0.078482,0.039077,0.048843,0.021178,0.13815,-0.38842,0.91082
0.078609,0.03918,0.04817,0.01934,0.14049,-0.3913,0.90927
0.078743,0.039218,0.047706,0.018102,0.14273,-0.39409,0.90774
0.078719,0.039294,0.047654,0.017052,0.1445,-0.39667,0.90636
0.079332,0.039434,0.047574,0.016338,0.14585,-0.40077,0.90435
0.0793,0.039469,0.04752,0.015528,0.14715,-0.40279,0.90325
0.079209,0.039523,0.047432,0.014791,0.14836,-0.40467,0.90223
0.07922,0.039529,0.047316,0.014397,0.14956,-0.40653,0.9012
0.079308,0.039534,0.047079,0.014433,0.1511,-0.40831,0.90013
0.079357,0.039528,0.047018,0.014641,0.15273,-0.41006,0.89906
0.079389,0.039552,0.047125,0.015008,0.15427,-0.41168,0.89805
0.079367,0.039538,0.047213,0.015261,0.15538,-0.4131,0.8972
0.07928,0.03953,0.047214,0.015389,0.15581,-0.41424,0.8966
0.079217,0.039567,0.047134,0.01562,0.15611,-0.41513,0.89613
0.079611,0.040812,0.047086,0.01623,0.15607,-0.41715,0.89519
0.07959,0.040827,0.047063,0.016895,0.15585,-0.4181,0.89477
0.079545,0.040816,0.047253,0.017867,0.15568,-0.41907,0.89433
0.079623,0.040828,0.047459,0.018859,0.15568,-0.4202,0.89378
0.079779,0.040835,0.047633,0.01987,0.15584,-0.4215,0.89312
0.080123,0.043639,0.047725,0.020888,0.15627,-0.42282,0.89239
0.080433,0.043645,0.047635,0.021557,0.15669,-0.42413,0.89168
0.080654,0.043611,0.04742,0.021757,0.15678,-0.42515,0.89117
0.080791,0.043598,0.047084,0.02168,0.15678,-0.42604,0.89075
0.081008,0.043553,0.046671,0.021461,0.15648,-0.42685,0.89042
0.081288,0.044417,0.046196,0.021155,0.15597,-0.42728,0.89031
0.081465,0.044251,0.045753,0.020972,0.15529,-0.42806,0.89006
0.081695,0.044056,0.045288,0.020796,0.15461,-0.4289,0.88978
0.081965,0.043957,0.044767,0.020656,0.15405,-0.42966,0.88951
0.082252,0.043847,0.044387,0.020609,0.15358,-0.43047,0.8892
0.082366,0.04393,0.044017,0.020369,0.15333,-0.43068,0.88915
0.082631,0.043871,0.043666,0.020241,0.15299,-0.43114,0.88899
0.082827,0.043834,0.043267,0.019959,0.15243,-0.4314,0.88897
0.083012,0.043834,0.042921,0.019736,0.15171,-0.43141,0.88909
0.083265,0.043754,0.042501,0.019556,0.15103,-0.43142,0.8892
0.083843,0.043735,0.042116,0.0195,0.15047,-0.43136,0.88933
0.084088,0.043696,0.041765,0.019401,0.15021,-0.43128,0.88941
0.084378,0.043704,0.041324,0.019338,0.14983,-0.43114,0.88955
0.084632,0.043643,0.041025,0.01954,0.14944,-0.43104,0.88966
0.084899,0.043632,0.040775,0.01987,0.14901,-0.43093,0.88977
0.085304,0.044238,0.040558,0.019892,0.14863,-0.43078,0.88991
0.08553,0.044235,0.040291,0.019646,0.14824,-0.43055,0.89009
0.085791,0.044225,0.039954,0.019177,0.14791,-0.43027,0.89029
0.086004,0.044272,0.039585,0.018396,0.14753,-0.42992,0.89054
0.086237,0.044305,0.03909,0.01751,0.14715,-0.4294,0.89087
0.087499,0.04508,0.038691,0.016538,0.14677,-0.42887,0.89121
0.087715,0.045019,0.038332,0.015615,0.14643,-0.42841,0.89151
0.087917,0.045004,0.037978,0.014815,0.14614,-0.42787,0.89182
0.088035,0.044949,0.037676,0.013965,0.1458,-0.42727,0.89218
0.08815,0.044947,0.037378,0.013239,0.14541,-0.42663,0.89256
0.088398,0.045015,0.037045,0.012468,0.14499,-0.42596,0.89296
0.088362,0.044966,0.036635,0.01149,0.14453,-0.4254,0.89332
0.088492,0.045035,0.036313,0.010456,0.1441,-0.42472,0.89372
0.088513,0.045059,0.035881,0.0092489,0.14377,-0.42403,0.89412
0.08852,0.045044,0.035463,0.0080922,0.14339,-0.42341,0.89448
0.088443,0.044612,0.034995,0.0070889,0.14317,-0.42259,0.89491
0.088495,0.044617,0.034502,0.0057646,0.14301,-0.4216,0.89542
0.088466,0.044727,0.034127,0.0043859,0.14288,-0.4205,0.89596
0.088356,0.044698,0.03368,0.0031477,0.1428,-0.4195,0.89645
0.088237,0.044587,0.033321,0.0022178,0.14276,-0.41853,0.89691
0.088233,0.04581,0.032816,0.0013487,0.14242,-0.41775,0.89733
0.08835,0.045587,0.032394,0.00038492,0.14195,-0.41651,0.89798
0.088277,0.045378,0.032142,-0.00034498,0.14153,-0.41542,0.89855
0.088182,0.045218,0.032,-0.00057277,0.1411,-0.41417,0.8992
0.088118,0.04505,0.031858,-0.00076943,0.14054,-0.41281,0.89991
0.088086,0.044846,0.031853,-0.00074653,0.13976,-0.41149,0.90063
0.088048,0.04472,0.031868,-0.00066996,0.13899,-0.40988,0.90149
0.087817,0.04463,0.031923,-0.00061231,0.13821,-0.40808,0.90242
0.087525,0.044527,0.032001,-0.00078054,0.13748,-0.40619,0.90338
0.087191,0.044454,0.032036,-0.0012101,0.13684,-0.40429,0.90434
0.086718,0.044747,0.032024,-0.0017187,0.13627,-0.40164,0.9056
0.086402,0.044707,0.032034,-0.0018703,0.13545,-0.39991,0.90649
0.086081,0.044621,0.032084,-0.0017453,0.13463,-0.39833,0.90731
0.085791,0.044429,0.03202,-0.0017675,0.13381,-0.39699,0.90801
0.085506,0.044164,0.031983,-0.0017243,0.13338,-0.39582,0.90859
0.085246,0.043919,0.031841,-0.0020257,0.1332,-0.39465,0.90912
0.085249,0.04359,0.031509,-0.0027117,0.13299,-0.39353,0.90964
0.085004,0.043269,0.031067,-0.0036277,0.13281,-0.39228,0.9102
0.084751,0.042885,0.030506,-0.0047583,0.13268,-0.39105,0.91074
0.084424,0.042422,0.029991,-0.0058432,0.13268,-0.38983,0.91126
0.084053,0.043882,0.02943,-0.006879,0.1328,-0.38864,0.91174
0.084154,0.043384,0.028854,-0.0077833,0.1328,-0.38749,0.91223
0.08372,0.042775,0.02829,-0.0084283,0.13263,-0.38634,0.91273
0.083246,0.042157,0.027763,-0.008792,0.13232,-0.38499,0.91334
0.08272,0.041545,0.027181,-0.0092799,0.13184,-0.38331,0.91412
0.082058,0.041467,0.026581,-0.010012,0.13127,-0.38096,0.91517
0.081455,0.040922,0.026007,-0.010855,0.13075,-0.3788,0.91613
0.080806,0.040427,0.025499,-0.011575,0.13043,-0.37655,0.9171
0.08019,0.039961,0.024945,-0.012206,0.13021,-0.3743,0.91804
0.079645,0.039492,0.024467,-0.012445,0.13002,-0.37206,0.91897
0.07908,0.039652,0.024069,-0.012345,0.12957,-0.36978,0.91996
0.078175,0.040102,0.02469,-0.012331,0.12891,-0.36711,0.92112
0.077425,0.039814,0.024356,-0.012628,0.12824,-0.36395,0.92246
0.076699,0.039539,0.023917,-0.013343,0.1277,-0.36051,0.92387
0.076096,0.039171,0.023541,-0.013664,0.12708,-0.35753,0.92512
0.075652,0.038626,0.023356,-0.01256,0.12559,-0.35497,0.92632
0.07511,0.03803,0.0231,-0.011497,0.12411,-0.35203,0.92765
0.074656,0.037429,0.022857,-0.01077,0.12223,-0.3488,0.92913
0.074247,0.03688,0.02249,-0.010289,0.12065,-0.34526,0.93066
0.073745,0.036486,0.022013,-0.010325,0.11954,-0.34128,0.93227
0.074045,0.035711,0.021578,-0.010325,0.11954,-0.34128,0.93227
0.073298,0.035467,0.021019,-0.012314,0.11936,-0.33594,0.93421
0.071978,0.035573,0.020268,-0.014924,0.11913,-0.32711,0.93733
0.071547,0.035247,0.019816,-0.01481,0.11719,-0.32253,0.93916
0.070957,0.034804,0.019152,-0.015095,0.11506,-0.31743,0.94115
0.07133,0.033816,0.018311,-0.015095,0.11506,-0.31743,0.94115
0.070677,0.03347,0.017655,-0.015621,0.11375,-0.31203,0.94311
0.068414,0.033518,0.016444,-0.020738,0.11374,-0.29846,0.94739
0.067222,0.033075,0.015237,-0.025791,0.11503,-0.29,0.94974
0.066465,0.032652,0.014253,-0.030575,0.11664,-0.28284,0.95156
0.067254,0.031867,0.014055,-0.030575,0.11664,-0.28284,0.95156
0.066869,0.031549,0.013352,-0.032761,0.11788,-0.27781,0.95281
0.06656,0.031069,0.012739,-0.032884,0.11747,-0.27406,0.95394
0.066244,0.03042,0.012089,-0.032594,0.11449,-0.27033,0.95538
0.065826,0.029813,0.011314,-0.032483,0.11042,-0.26621,0.95702
0.065342,0.029205,0.010547,-0.032209,0.10712,-0.26189,0.95859
0.064582,0.028432,0.0097968,-0.032297,0.10519,-0.2573,0.96005
0.063887,0.027881,0.0090605,-0.033264,0.10414,-0.25204,0.96152
0.063281,0.027314,0.0084086,-0.034698,0.10386,-0.24637,0.96297
0.062883,0.026895,0.0079426,-0.035464,0.10404,-0.24083,0.96432
0.062399,0.02658,0.0077174,-0.035288,0.10419,-0.2356,0.9656
0.061898,0.026461,0.0075106,-0.034632,0.10318,-0.2305,0.96697
0.061445,0.026379,0.0071331,-0.03426,0.1005,-0.22572,0.96839
0.060893,0.026377,0.0066997,-0.033709,0.097209,-0.22104,0.96982
0.060125,0.02641,0.0063301,-0.03269,0.094507,-0.21577,0.97131
0.059103,0.026395,0.0060169,-0.032035,0.092259,-0.20982,0.97285
0.057917,0.025292,0.0056385,-0.032815,0.09021,-0.20156,0.97476
0.056717,0.025349,0.0052778,-0.034256,0.088817,-0.19397,0.97638
0.055575,0.025394,0.0050809,-0.035285,0.088551,-0.18696,0.97773
0.054444,0.025367,0.0051718,-0.035337,0.088856,-0.18056,0.9789
0.053471,0.025247,0.0053251,-0.034732,0.088686,-0.17427,0.98008
0.052277,0.025664,0.0054199,-0.033812,0.087675,-0.16725,0.98143
0.051198,0.025865,0.0053278,-0.032561,0.085966,-0.16009,0.98281
0.049986,0.026302,0.0048912,-0.03128,0.083976,-0.15234,0.98426
0.048665,0.026825,0.0041454,-0.030622,0.08206,-0.14438,0.98564
0.047351,0.027066,0.0033827,-0.030937,0.080648,-0.13614,0.98692
0.045885,0.026783,0.0029372,-0.032047,0.080282,-0.12714,0.98811
0.044583,0.026264,0.0028331,-0.032893,0.081115,-0.11945,0.98897
0.043481,0.025701,0.0030362,-0.032645,0.082618,-0.11273,0.98965
0.042516,0.025335,0.0033255,-0.031321,0.083698,-0.10641,0.9903
0.041573,0.02531,0.0033739,-0.029443,0.083467,-0.099609,0.99108
0.04069,0.025943,0.0032309,-0.026954,0.081883,-0.092473,0.99198
0.039721,0.026675,0.0026468,-0.024134,0.079713,-0.084725,0.99292
0.038733,0.027388,0.0017267,-0.02215,0.077918,-0.076771,0.99375
0.037964,0.027614,0.0010072,-0.02113,0.077521,-0.069498,0.99434
0.037295,0.027122,0.00081184,-0.02038,0.078956,-0.062905,0.99468
0.036566,0.026059,0.00098697,-0.020073,0.081264,-0.055621,0.99494
0.036179,0.025065,0.0011482,-0.020366,0.083608,-0.049343,0.99507
0.035949,0.024439,0.0012839,-0.02099,0.085672,-0.043715,0.99514
0.03539,0.024232,0.0023906,-0.021352,0.087452,-0.038597,0.99519
0.035719,0.024402,0.0010431,-0.021695,0.088746,-0.033237,0.99526
0.035414,0.02463,0.00042693,-0.022695,0.089267,-0.026883,0.99539
0.03508,0.025053,-0.00051317,-0.02457,0.08929,-0.01998,0.9955
0.034682,0.025343,-0.0015761,-0.027389,0.089913,-0.013091,0.99549
0.034132,0.025205,-0.0013239,-0.030046,0.092,-0.0073818,0.99528
0.034263,0.024605,-0.0024965,-0.031913,0.095093,-0.0021675,0.99495
0.034085,0.023739,-0.0023953,-0.033424,0.098015,0.0029408,0.99462
0.033959,0.022784,-0.0022337,-0.034993,0.10018,0.0076645,0.99432
0.033649,0.022016,-0.0022005,-0.036988,0.10159,0.012751,0.99406
0.033232,0.021592,-0.0024252,-0.03974,0.10296,0.018594,0.99372
0.032634,0.021385,-0.0028116,-0.043253,0.10464,0.025249,0.99325
0.031976,0.021271,-0.0032084,-0.047099,0.10688,0.032851,0.99261
0.031229,0.021214,-0.0036236,-0.050909,0.10916,0.041067,0.99187
0.030574,0.021192,-0.0040945,-0.054542,0.1112,0.049763,0.99105
0.030087,0.021054,-0.0043108,-0.057171,0.11326,0.057898,0.99023
0.029506,0.020707,-0.0041238,-0.058462,0.11516,0.065583,0.98945
0.029347,0.020279,-0.0035446,-0.058704,0.11655,0.073122,0.98875
0.02853,0.019565,-0.0027706,-0.058648,0.11704,0.080648,0.98811
0.027692,0.018901,-0.0018415,-0.059237,0.1167,0.088079,0.98748
0.0269,0.018451,-0.0010791,-0.060785,0.11611,0.095594,0.98676
0.026234,0.018243,-0.00058439,-0.063511,0.11564,0.10378,0.98581
0.025822,0.018394,-0.00023162,-0.066909,0.11587,0.11238,0.98462
0.025536,0.018674,0.00025363,-0.070145,0.11741,0.12026,0.98328
0.02546,0.018928,0.00090022,-0.072342,0.11987,0.1272,0.98195
0.025558,0.01899,0.0017155,-0.072877,0.12197,0.13339,0.98082
0.025741,0.018817,0.0025749,-0.072114,0.12212,0.13936,0.98003
0.025706,0.018369,0.0033061,-0.071143,0.12028,0.1463,0.97932
0.025858,0.018224,0.0038288,-0.070406,0.11767,0.15232,0.97877
0.02598,0.018185,0.0041283,-0.070181,0.11516,0.15883,0.97805
0.026089,0.018174,0.0043396,-0.070656,0.11332,0.16607,0.97703
0.026241,0.018303,0.0045396,-0.071702,0.11271,0.17358,0.97572
0.026049,0.019136,0.0051409,-0.073212,0.11335,0.18167,0.97406
0.026309,0.019112,0.0058457,-0.074074,0.11467,0.18827,0.97258
0.026149,0.018437,0.0070827,-0.07398,0.11531,0.19473,0.97124
0.026071,0.017767,0.0082781,-0.073019,0.11501,0.20055,0.97016
0.026073,0.01742,0.0092099,-0.071648,0.11398,0.20549,0.96936
0.025306,0.017011,0.0097562,-0.070287,0.1126,0.21054,0.96853
0.025584,0.017308,0.010148,-0.068816,0.11123,0.21529,0.96775
0.025854,0.01764,0.010472,-0.067461,0.11043,0.21996,0.96689
0.026124,0.017993,0.010832,-0.066246,0.11,0.22482,0.9659
0.02633,0.018255,0.011199,-0.065407,0.10954,0.23008,0.96477
0.026577,0.018745,0.01142,-0.065219,0.10895,0.23591,0.96344
0.026557,0.018687,0.011708,-0.065554,0.10852,0.24185,0.96199
0.026294,0.018381,0.012117,-0.065732,0.10867,0.24752,0.96052
0.025868,0.017871,0.012703,-0.065031,0.10907,0.25249,0.95923
0.025291,0.017263,0.013371,-0.063641,0.10896,0.25689,0.95817
0.023589,0.016462,0.013876,-0.062365,0.1078,0.26211,0.95697
0.023164,0.016251,0.014245,-0.061355,0.10636,0.26626,0.95605
0.022872,0.016333,0.014478,-0.060688,0.10526,0.27043,0.95504
0.022674,0.016567,0.014639,-0.060165,0.10471,0.27487,0.95387
0.022458,0.01676,0.014814,-0.05984,0.10429,0.27965,0.95254
0.022385,0.016786,0.014896,-0.059846,0.10372,0.28482,0.95107
0.022133,0.016871,0.014943,-0.05983,0.103,0.28968,0.94968
0.021857,0.016888,0.014962,-0.059286,0.10194,0.29441,0.94837
0.021458,0.016739,0.01505,-0.05788,0.10054,0.29915,0.94713
0.020936,0.01648,0.015251,-0.055919,0.098736,0.30396,0.9459
0.020358,0.016069,0.015433,-0.054262,0.09655,0.30935,0.94448
0.019762,0.015613,0.015569,-0.05303,0.094194,0.31466,0.94303
0.019148,0.015137,0.015679,-0.052245,0.091818,0.32015,0.94146
0.018592,0.014653,0.015807,-0.051527,0.089542,0.32602,0.9397
0.018092,0.014272,0.016014,-0.050515,0.087293,0.33202,0.93786
0.017098,0.013315,0.016289,-0.049481,0.084798,0.34071,0.93503
0.016636,0.012991,0.016548,-0.047894,0.082248,0.34659,0.93317
0.016163,0.012709,0.016839,-0.046016,0.07964,0.35207,0.93144
0.015749,0.012341,0.017107,-0.043922,0.076726,0.35753,0.92971
0.01531,0.011884,0.017389,-0.041902,0.073989,0.36288,0.92795
0.01469,0.01084,0.017742,-0.040436,0.071982,0.3682,0.92607
0.014185,0.010202,0.018137,-0.039574,0.070661,0.37298,0.9243
0.013768,0.009592,0.018528,-0.039165,0.069575,0.37748,0.92257
0.013501,0.0092448,0.018803,-0.039038,0.068466,0.38169,0.92093
0.013456,0.0091284,0.018975,-0.039051,0.067477,0.38545,0.91943
0.01329,0.0091306,0.019071,-0.039144,0.066747,0.38919,0.9179
0.013526,0.0093532,0.019026,-0.038877,0.065868,0.39208,0.91674
0.013792,0.009597,0.018925,-0.038413,0.064929,0.39463,0.91574
0.014145,0.0098743,0.018769,-0.038189,0.063926,0.39691,0.91483
0.014493,0.010067,0.018614,-0.038057,0.063003,0.39925,0.91388
0.01499,0.010272,0.018488,-0.038155,0.062445,0.40186,0.91277
0.01539,0.01049,0.018396,-0.038343,0.062149,0.4039,0.91188
0.015855,0.010616,0.018349,-0.038957,0.062029,0.40589,0.91098
0.016192,0.010708,0.018383,-0.040074,0.062101,0.40764,0.91015
0.01651,0.010731,0.018359,-0.041668,0.062042,0.4094,0.90929
0.015604,0.0097462,0.018276,-0.043716,0.062031,0.41213,0.90796
0.015892,0.0097444,0.018207,-0.04605,0.062519,0.41402,0.90695
0.016227,0.0099272,0.01807,-0.048351,0.063292,0.41611,0.90582
0.016547,0.010112,0.017895,-0.050654,0.064318,0.41824,0.90464
0.016947,0.010378,0.017588,-0.053031,0.065101,0.42019,0.90354
0.017296,0.010646,0.017219,-0.055313,0.06521,0.42193,0.90259
0.017719,0.010975,0.016715,-0.057494,0.06448,0.42339,0.90182
0.018136,0.011261,0.016169,-0.059676,0.063234,0.42483,0.90109
0.018474,0.011508,0.015657,-0.061901,0.062031,0.42627,0.90034
0.01877,0.01174,0.015197,-0.064175,0.060861,0.4278,0.89954
0.018347,0.011252,0.01492,-0.066338,0.059603,0.43087,0.898
0.018593,0.011389,0.014735,-0.067925,0.058511,0.43251,0.89716
0.018767,0.011535,0.014751,-0.069208,0.057464,0.43412,0.89635
0.019016,0.011733,0.014901,-0.070354,0.056298,0.43561,0.89562
0.01917,0.011881,0.014993,-0.071189,0.054927,0.43697,0.89497
0.018346,0.011451,0.015172,-0.071602,0.053375,0.43845,0.89431
0.018617,0.011789,0.015327,-0.071505,0.051824,0.43943,0.89392
0.0189,0.012156,0.015581,-0.070918,0.050334,0.44021,0.89367
0.019188,0.012557,0.015923,-0.070032,0.048971,0.44104,0.89341
0.01953,0.012951,0.016329,-0.069223,0.04779,0.44175,0.89319
0.020017,0.013343,0.016746,-0.068712,0.046654,0.44241,0.89296
0.020437,0.013803,0.017164,-0.068183,0.045629,0.44281,0.89285
0.02084,0.01424,0.017593,-0.067473,0.044698,0.4431,0.89281
0.021231,0.014581,0.018161,-0.06667,0.043949,0.4433,0.89281
0.021608,0.014921,0.018732,-0.065906,0.043506,0.44347,0.8928
0.021316,0.014944,0.019544,-0.065412,0.04329,0.44447,0.89235
0.021309,0.015167,0.020268,-0.064845,0.043254,0.44439,0.89243
0.021525,0.015563,0.020851,-0.064143,0.043099,0.44422,0.89258
0.021733,0.015815,0.021336,-0.063392,0.043078,0.44398,0.89275
0.022176,0.016118,0.021712,-0.062767,0.043191,0.44369,0.89293
0.022139,0.015943,0.022025,-0.06236,0.043171,0.44343,0.89309
0.022393,0.016022,0.022281,-0.062088,0.043018,0.44322,0.89322
0.022531,0.016067,0.02247,-0.061994,0.042856,0.4431,0.8933
0.022545,0.015953,0.022754,-0.061951,0.04384,0.4432,0.8932
0.022447,0.015808,0.023178,-0.061737,0.045423,0.44337,0.89306
0.02225,0.015692,0.023498,-0.061419,0.047027,0.4433,0.89303
0.022121,0.015615,0.023734,-0.060977,0.047985,0.44323,0.89305
0.021914,0.015548,0.02376,-0.060745,0.048133,0.44301,0.89316
0.02175,0.015466,0.023722,-0.060821,0.048402,0.44289,0.8932
0.021561,0.015321,0.023588,-0.060772,0.04854,0.4428,0.89324
0.021334,0.015054,0.023435,-0.060649,0.04856,0.44356,0.89287
0.02107,0.014762,0.023293,-0.06048,0.048641,0.44363,0.89284
0.020876,0.0145,0.023139,-0.060565,0.048813,0.44363,0.89283
0.020647,0.014241,0.022987,-0.060687,0.049124,0.44353,0.89285
0.020486,0.014048,0.022823,-0.060494,0.04932,0.44326,0.89299
0.020127,0.013458,0.022628,-0.060134,0.049228,0.44433,0.89249
0.019976,0.013406,0.02245,-0.059575,0.049023,0.44372,0.89284
0.019881,0.013379,0.022183,-0.059361,0.04882,0.44308,0.89318
0.019806,0.013443,0.02188,-0.059192,0.048659,0.44247,0.89351
0.019805,0.013439,0.02159,-0.058983,0.048532,0.44194,0.89379
0.019208,0.012424,0.021392,-0.058808,0.048597,0.44319,0.89318
0.019139,0.012238,0.021321,-0.05852,0.049147,0.44282,0.89335
0.019116,0.012089,0.021274,-0.05783,0.049757,0.44226,0.89364
0.019182,0.011963,0.021235,-0.056693,0.050046,0.44144,0.8941
0.019085,0.011846,0.021213,-0.055239,0.050049,0.44043,0.89469
0.01913,0.011844,0.021172,-0.053926,0.049913,0.43953,0.89522
0.019038,0.011819,0.021105,-0.052889,0.049594,0.43824,0.89593
0.01909,0.011905,0.02092,-0.052281,0.049109,0.43687,0.89666
0.019166,0.012119,0.020708,-0.051934,0.048792,0.43554,0.89735
0.019233,0.012327,0.020544,-0.051546,0.048772,0.43428,0.89798
0.019098,0.011786,0.020544,-0.050797,0.049163,0.43475,0.89777
0.019098,0.011897,0.020538,-0.049573,0.049631,0.43333,0.8985
0.019089,0.01204,0.020485,-0.048131,0.049801,0.43186,0.89928
0.019055,0.012191,0.020326,-0.047026,0.049554,0.43022,0.90014
0.019049,0.012416,0.019951,-0.046295,0.048769,0.42829,0.90114
0.019111,0.012092,0.019398,-0.045617,0.047411,0.42649,0.9021
0.019088,0.012322,0.018788,-0.044831,0.045824,0.42433,0.90324
0.01906,0.012449,0.018264,-0.044002,0.044705,0.42224,0.90431
0.019019,0.012532,0.017849,-0.043268,0.04452,0.42033,0.90524
0.018908,0.012511,0.017611,-0.042451,0.045186,0.41858,0.90606
0.018859,0.012423,0.017374,-0.041278,0.045778,0.41667,0.90697
0.018861,0.012556,0.017052,-0.039785,0.045658,0.41447,0.90804
0.01891,0.012762,0.01666,-0.038102,0.045217,0.41199,0.90927
0.018987,0.01295,0.016303,-0.036447,0.044919,0.40932,0.91056
0.019013,0.013205,0.015913,-0.034823,0.044593,0.40646,0.91192
0.018519,0.013166,0.015428,-0.033483,0.04373,0.40329,0.91341
0.018556,0.013356,0.014956,-0.032505,0.04259,0.40034,0.9148
0.018623,0.013547,0.01454,-0.032004,0.042087,0.39747,0.91609
0.018657,0.013655,0.014428,-0.031374,0.042572,0.39469,0.91729
0.018637,0.013688,0.014623,-0.030178,0.044218,0.39195,0.91843
0.018611,0.013701,0.015044,-0.028601,0.046235,0.38941,0.91946
0.018729,0.013898,0.015463,-0.026966,0.048056,0.38605,0.92083
0.018918,0.014213,0.015844,-0.025165,0.049275,0.3821,0.92246
0.019208,0.01461,0.016114,-0.0232,0.049967,0.37768,0.9243
0.019453,0.014957,0.0163,-0.021523,0.050378,0.37298,0.92622
0.019723,0.015355,0.016286,-0.020339,0.050295,0.36793,0.92827
0.019976,0.015731,0.015957,-0.019798,0.04906,0.3627,0.9304
0.020299,0.016192,0.015468,-0.019417,0.047408,0.35724,0.93261
0.020514,0.016563,0.015284,-0.018485,0.047323,0.35212,0.93457
0.020598,0.016832,0.01555,-0.016655,0.049749,0.34741,0.93624
0.021755,0.017278,0.016284,-0.014273,0.053741,0.3442,0.93725
0.021763,0.017412,0.01708,-0.011394,0.057365,0.33949,0.93879
0.021857,0.017649,0.017691,-0.0085806,0.059805,0.33443,0.94048
0.021967,0.017935,0.017941,-0.0063609,0.060964,0.32915,0.94229
0.022038,0.018222,0.017768,-0.0051198,0.061162,0.32406,0.94404
0.022018,0.018868,0.017195,-0.0048842,0.060534,0.31846,0.94599
0.021874,0.019181,0.016502,-0.0050433,0.059422,0.31296,0.94789
0.021601,0.019404,0.015996,-0.0046049,0.059159,0.30761,0.94966
0.021146,0.019476,0.016036,-0.0030284,0.061465,0.30239,0.9512
0.020612,0.019377,0.016704,-0.0004076,0.065739,0.29729,0.95252
0.020123,0.019038,0.017708,0.0030445,0.070309,0.29277,0.95359
0.019905,0.019108,0.018644,0.0068791,0.073871,0.28717,0.955
0.019837,0.019331,0.019287,0.010692,0.076121,0.28114,0.95658
0.019805,0.019629,0.01961,0.014021,0.077627,0.27461,0.95831
0.021778,0.020804,0.017933,0.016813,0.078516,0.26827,0.95999
0.02165,0.020983,0.017653,0.019289,0.078318,0.26203,0.96168
0.021413,0.021183,0.01724,0.021618,0.07755,0.25591,0.96334
0.021084,0.021173,0.0171,0.02502,0.077908,0.25017,0.96474
0.020734,0.021151,0.01752,0.029265,0.079769,0.24435,0.96596
0.020453,0.021071,0.018293,0.034376,0.082638,0.23807,0.96712
0.020562,0.021178,0.019087,0.04001,0.084785,0.23012,0.96864
0.020743,0.021403,0.019772,0.04584,0.085566,0.22183,0.97024
0.02107,0.021411,0.019871,0.050806,0.085145,0.21347,0.97191
0.021259,0.021345,0.019457,0.054177,0.084291,0.20592,0.97343
0.021141,0.021236,0.018597,0.056161,0.083042,0.20002,0.97465
0.021814,0.021285,0.017405,0.05714,0.080479,0.19458,0.97591
0.021167,0.022181,0.016297,0.057977,0.077503,0.18881,0.97723
0.020724,0.022051,0.01585,0.060163,0.0772,0.18271,0.97828
0.020281,0.02195,0.016209,0.063704,0.079815,0.17577,0.97912
0.020076,0.02185,0.016964,0.067463,0.083055,0.1683,0.97991
0.020518,0.02185,0.017546,0.070198,0.084679,0.16055,0.98088
0.020727,0.021916,0.017555,0.071379,0.084797,0.15299,0.98199
0.020915,0.021912,0.017164,0.071708,0.084608,0.14633,0.983
0.020987,0.021916,0.016669,0.071718,0.08428,0.13986,0.98397
0.019915,0.021382,0.016212,0.071718,0.08428,0.13986,0.98397
0.019845,0.021267,0.015565,0.071274,0.083181,0.1341,0.9849
0.019553,0.021114,0.015058,0.070815,0.080871,0.12841,0.98588
0.019139,0.021063,0.01511,0.071348,0.079265,0.12297,0.98666
0.018886,0.021106,0.015857,0.073371,0.080289,0.11713,0.98714
0.018905,0.021211,0.017002,0.075956,0.083049,0.11084,0.98745
0.019354,0.021468,0.017913,0.078032,0.085193,0.10401,0.98784
-0.2333,-0.39223,0.059631,0.079129,0.085586,0.096185,0.98852
0.020644,0.023464,0.01823,0.079219,0.084973,0.087933,0.98933
0.021243,0.02374,0.017984,0.078598,0.084389,0.080873,0.99003
0.021554,0.023939,0.017605,0.077254,0.083467,0.0746,0.99071
0.021596,0.023987,0.017051,0.075612,0.081389,0.06821,0.99147
0.021747,0.024033,0.016709,0.074621,0.078481,0.061799,0.9922
0.021796,0.023979,0.017098,0.075149,0.076452,0.055515,0.99269
0.021987,0.024024,0.018116,0.077022,0.076295,0.048432,0.99293
0.022574,0.024294,0.019418,0.079322,0.077519,0.040146,0.99302
0.023537,0.024699,0.020421,0.081245,0.078498,0.030601,0.99313
0.024726,0.025099,0.020873,0.08187,0.078598,0.0206,0.99333
0.02552,0.025543,0.021097,0.081487,0.078638,0.012025,0.99349
0.025925,0.025863,0.021308,0.081042,0.079277,0.0053782,0.99354
0.026037,0.026062,0.021614,0.081116,0.079952,-0.00031077,0.99349
0.026101,0.026194,0.021999,0.081837,0.080033,-0.0064453,0.99341
0.026394,0.026143,0.022371,0.083142,0.079617,-0.013287,0.99326
0.026704,0.026436,0.023022,0.084471,0.079526,-0.020807,0.99303
0.027197,0.026855,0.023655,0.084881,0.079693,-0.029263,0.99277
0.027882,0.027453,0.023816,0.083786,0.079757,-0.039206,0.99251
0.028587,0.027896,0.023562,0.08141,0.079902,-0.049991,0.99221
0.02934,0.027618,0.02326,0.07875,0.08114,-0.060282,0.99176
0.029393,0.027809,0.02353,0.077583,0.084253,-0.067234,0.99114
0.029042,0.02804,0.02404,0.077876,0.086899,-0.072562,0.99051
0.028843,0.028283,0.024229,0.078531,0.087569,-0.0782,0.98997
0.028985,0.02857,0.024223,0.078924,0.087209,-0.083906,0.98951
0.028841,0.028742,0.024274,0.078887,0.086653,-0.090136,0.98901
0.028766,0.028941,0.024353,0.078068,0.086332,-0.096774,0.98848
0.028911,0.029101,0.024422,0.076469,0.085876,-0.1044,0.98787
0.029227,0.029187,0.024409,0.073991,0.08525,-0.11328,0.98713
0.029636,0.029348,0.024456,0.071027,0.084947,-0.12293,0.98622
0.029957,0.029558,0.024833,0.068665,0.086458,-0.13188,0.9851
0.030148,0.029699,0.02561,0.068205,0.089912,-0.13911,0.98383
0.030207,0.029915,0.026529,0.06909,0.093048,-0.14497,0.98263
0.030142,0.030223,0.02721,0.070101,0.094305,-0.15002,0.98167
0.031107,0.030763,0.027747,0.070964,0.093882,-0.15496,0.98089
0.031024,0.031061,0.028339,0.072241,0.092638,-0.16155,0.97985
0.030852,0.031247,0.029178,0.073709,0.091884,-0.16743,0.97882
0.030852,0.031439,0.030163,0.074908,0.091665,-0.17398,0.97761
0.031053,0.031688,0.031241,0.07555,0.092062,-0.18102,0.97624
0.031398,0.031923,0.032311,0.075428,0.092865,-0.18864,0.97473
0.031944,0.032268,0.033351,0.075074,0.094274,-0.19654,0.97306
0.032589,0.032563,0.034527,0.075036,0.096231,-0.20441,0.97125
0.033261,0.032869,0.035729,0.075665,0.09834,-0.21199,0.96936
0.033903,0.033173,0.036899,0.076619,0.099833,-0.21931,0.96751
0.034739,0.033536,0.03789,0.077489,0.10041,-0.22632,0.96576
0.035319,0.033818,0.03875,0.077989,0.10047,-0.23306,0.96411
0.035901,0.034036,0.039545,0.078049,0.10009,-0.2398,0.96249
0.036598,0.034222,0.0403,0.078035,0.10015,-0.24665,0.96075
0.037409,0.034381,0.041121,0.0782,0.10088,-0.25346,0.95889
0.038336,0.034507,0.041942,0.078666,0.10208,-0.26014,0.95693
0.039419,0.03418,0.042764,0.079682,0.10358,-0.2675,0.95466
0.040267,0.034241,0.043543,0.081202,0.10522,-0.27376,0.95257
0.041044,0.034259,0.044209,0.08309,0.10638,-0.27984,0.95051
0.041701,0.034283,0.044759,0.08452,0.10676,-0.28569,0.9486
0.042557,0.034464,0.045126,0.085371,0.10671,-0.29108,0.94689
0.042997,0.034798,0.045522,0.085777,0.10674,-0.29627,0.94524
0.043456,0.034902,0.04609,0.086095,0.10737,-0.30146,0.94349
0.043974,0.035087,0.046709,0.086393,0.10856,-0.30677,0.94162
0.044572,0.035107,0.047402,0.087029,0.11005,-0.31238,0.93954
0.045417,0.035141,0.048154,0.088311,0.11153,-0.31829,0.93726
0.046065,0.035631,0.048961,0.090188,0.11308,-0.32409,0.9349
0.046656,0.035509,0.049961,0.091892,0.11403,-0.3299,0.93259
0.047221,0.035439,0.050912,0.093316,0.11464,-0.33556,0.93035
0.047748,0.035358,0.05182,0.094498,0.11528,-0.34098,0.92818
0.04827,0.035327,0.052722,0.095238,0.11592,-0.34632,0.92604
0.048909,0.036902,0.053593,0.095932,0.11666,-0.352,0.92373
0.049606,0.036933,0.054766,0.096791,0.11764,-0.35754,0.92139
0.050588,0.036874,0.056069,0.098108,0.11969,-0.36359,0.91861
0.051784,0.036793,0.05737,0.09935,0.12263,-0.37015,0.91547
0.053137,0.036808,0.058555,0.10015,0.1258,-0.37687,0.9122
0.054487,0.036662,0.059693,0.10082,0.12892,-0.3837,0.90884
0.055752,0.036692,0.060781,0.10132,0.13156,-0.39004,0.9057
0.057008,0.036611,0.061613,0.10169,0.13355,-0.39577,0.90288
0.058289,0.036671,0.062199,0.10173,0.13472,-0.4012,0.9003
0.059663,0.03667,0.063067,0.10211,0.13623,-0.40665,0.89758
0.061107,0.036638,0.063858,0.10265,0.13795,-0.41297,0.89437
0.062591,0.036628,0.064527,0.1029,0.14023,-0.41866,0.89133
0.06426,0.03653,0.064904,0.10295,0.14263,-0.42447,0.88819
0.065956,0.036319,0.065208,0.10308,0.14485,-0.43016,0.88507
0.067594,0.036135,0.065282,0.10298,0.14622,-0.43543,0.88228
0.068922,0.036,0.065304,0.10267,0.14639,-0.43975,0.88014
0.070215,0.035726,0.06519,0.10233,0.14652,-0.44405,0.878
0.071385,0.035526,0.064972,0.1021,0.1466,-0.44828,0.87586
0.072617,0.035339,0.064544,0.10137,0.14797,-0.45258,0.8735
0.073753,0.035277,0.064151,0.10038,0.14955,-0.45643,0.87134
0.074786,0.035642,0.063761,0.099377,0.15028,-0.46022,0.86933
0.07546,0.035656,0.063223,0.098153,0.15037,-0.4625,0.86824
0.075947,0.035596,0.062523,0.097062,0.15004,-0.46445,0.86739
0.076271,0.035518,0.061645,0.095845,0.14979,-0.46607,0.86669
0.076684,0.035333,0.06075,0.094337,0.14993,-0.46776,0.86592
0.077169,0.035449,0.059747,0.093004,0.15045,-0.47056,0.86446
0.077473,0.035198,0.058702,0.091253,0.15102,-0.47235,0.86357
0.077816,0.034856,0.057558,0.089494,0.15167,-0.47408,0.86269
0.078119,0.034588,0.056395,0.087592,0.15194,-0.47575,0.86192
0.078227,0.034328,0.055049,0.085643,0.15205,-0.47697,0.86142
0.078517,0.035179,0.053772,0.083735,0.15171,-0.4794,0.86032
0.078491,0.034928,0.052451,0.081645,0.15203,-0.4805,0.85985
0.078536,0.034662,0.051148,0.0794,0.15269,-0.48178,0.85922
0.078604,0.034441,0.049882,0.077433,0.15369,-0.48314,0.85846
0.078458,0.034267,0.048706,0.075391,0.15447,-0.48425,0.85788
0.078461,0.034162,0.047615,0.073324,0.15509,-0.48514,0.85744
0.078426,0.034104,0.046564,0.071317,0.15562,-0.48582,0.85713
0.078387,0.034095,0.04562,0.06961,0.15602,-0.48646,0.85683
0.078242,0.034101,0.044801,0.068135,0.15616,-0.48687,0.8567
0.077709,0.034016,0.043847,0.066495,0.15601,-0.48698,0.85679
0.07758,0.034167,0.043022,0.064937,0.15593,-0.4871,0.85686
0.077535,0.034206,0.042243,0.063573,0.15595,-0.48732,0.85683
0.077575,0.034365,0.041597,0.062114,0.15587,-0.48753,0.85683
0.07768,0.034542,0.041047,0.061078,0.15571,-0.48762,0.85688
0.076943,0.034661,0.040561,0.059957,0.15547,-0.48773,0.85694
0.077077,0.035196,0.040147,0.058752,0.1554,-0.48782,0.85699
0.077477,0.035328,0.039548,0.05725,0.15528,-0.48803,0.85699
0.078065,0.035428,0.038963,0.056135,0.15533,-0.48856,0.85676
0.078677,0.035531,0.038526,0.055254,0.15567,-0.48919,0.85639
0.079233,0.0357,0.03818,0.054355,0.15602,-0.48965,0.85612
0.079773,0.035939,0.037761,0.053382,0.15633,-0.48986,0.85601
0.080236,0.036177,0.03735,0.052285,0.1563,-0.48978,0.85613
0.080676,0.036362,0.036958,0.051458,0.15618,-0.48977,0.8562
0.081065,0.036528,0.036649,0.050936,0.15592,-0.48981,0.85626
0.081345,0.03673,0.036483,0.050667,0.15584,-0.48973,0.85633
0.081603,0.036858,0.036402,0.050624,0.15571,-0.48975,0.85635
0.081836,0.037057,0.036317,0.050721,0.15567,-0.48947,0.85651
0.081988,0.037275,0.036257,0.050665,0.15559,-0.48899,0.85681
0.082147,0.037573,0.036242,0.050653,0.15572,-0.48848,0.85707
0.081825,0.037876,0.036264,0.050492,0.15547,-0.48785,0.85748
0.081786,0.037887,0.036207,0.050159,0.15518,-0.48688,0.85811
0.081788,0.038188,0.036179,0.049895,0.15502,-0.48609,0.8586
0.081795,0.038466,0.036234,0.050041,0.15498,-0.48547,0.85895
0.081821,0.038664,0.036355,0.05039,0.15502,-0.48509,0.85914
0.08136,0.038797,0.036522,0.051003,0.15515,-0.48473,0.85928
0.081327,0.038757,0.036731,0.051541,0.15515,-0.48411,0.8596
0.081293,0.038905,0.036765,0.051908,0.15523,-0.4835,0.8599
0.081196,0.039124,0.036738,0.051772,0.15528,-0.48268,0.86036
0.081048,0.039281,0.036649,0.051232,0.15529,-0.48174,0.86092
0.080576,0.039445,0.036668,0.050826,0.15534,-0.48085,0.86143
0.080369,0.039564,0.036679,0.050396,0.15497,-0.47976,0.86214
0.080164,0.039707,0.036701,0.050166,0.15438,-0.47856,0.86292
0.080005,0.03975,0.036721,0.050446,0.15383,-0.47762,0.86352
0.079878,0.039754,0.0368,0.051148,0.1534,-0.47696,0.86392
0.079698,0.039783,0.036933,0.051722,0.1531,-0.47631,0.8643
0.079629,0.040375,0.037133,0.052241,0.15284,-0.47554,0.86474
0.079542,0.040519,0.037303,0.052735,0.15242,-0.47456,0.86532
0.079309,0.04067,0.03738,0.05278,0.15153,-0.47311,0.86627
0.079069,0.040782,0.037384,0.052664,0.15043,-0.47143,0.86738
0.078157,0.040762,0.037275,0.052378,0.14959,-0.46973,0.86847
0.07798,0.040278,0.037073,0.051749,0.14913,-0.46844,0.86928
0.077775,0.04034,0.036897,0.050711,0.14889,-0.46695,0.87018
0.077637,0.040371,0.036802,0.04996,0.14864,-0.46571,0.87093
0.077507,0.040387,0.036798,0.049718,0.14826,-0.46475,0.87152
0.077104,0.040306,0.036818,0.049924,0.14796,-0.46391,0.87201
0.076978,0.040114,0.036756,0.050178,0.14762,-0.46312,0.87247
0.07683,0.039938,0.036624,0.050102,0.14724,-0.46207,0.8731
0.076596,0.039784,0.03642,0.049767,0.14665,-0.46069,0.87395
0.076292,0.03966,0.036136,0.049142,0.14589,-0.45907,0.87496
0.07558,0.039388,0.035616,0.04818,0.1451,-0.45715,0.87615
0.075115,0.038305,0.035116,0.04667,0.14426,-0.45459,0.8777
0.074793,0.038029,0.034565,0.045315,0.14368,-0.45264,0.87887
0.074623,0.037718,0.03408,0.044674,0.14348,-0.45119,0.87969
0.074499,0.037406,0.033723,0.044493,0.14361,-0.44994,0.88031
0.07446,0.036995,0.033508,0.044576,0.14348,-0.44873,0.88095
0.074322,0.036275,0.033342,0.044864,0.1431,-0.44706,0.88184
0.074254,0.035824,0.032932,0.044981,0.14246,-0.44543,0.88277
0.074061,0.035438,0.032539,0.044753,0.14178,-0.44343,0.88389
0.07378,0.03506,0.032185,0.044255,0.14127,-0.44133,0.88505
0.073433,0.034771,0.031882,0.043695,0.14081,-0.43908,0.88627
0.073113,0.033874,0.031722,0.043154,0.14043,-0.43695,0.88741
0.072867,0.033528,0.031644,0.043098,0.14034,-0.43489,0.88843
0.072634,0.033208,0.03169,0.043221,0.14035,-0.43282,0.88944
0.072405,0.032894,0.031778,0.04309,0.1403,-0.43045,0.8906
0.07197,0.032625,0.032011,0.042891,0.14013,-0.42786,0.89189
0.071863,0.031632,0.03225,0.042912,0.13953,-0.42574,0.89299
0.071799,0.031331,0.032581,0.043405,0.13888,-0.42355,0.89411
0.07177,0.030979,0.032831,0.044026,0.13802,-0.42137,0.89525
0.071671,0.030622,0.03304,0.044462,0.13716,-0.41907,0.89643
0.071655,0.030204,0.033139,0.044819,0.13646,-0.41684,0.89756
0.07165,0.029799,0.03304,0.044765,0.1359,-0.4144,0.89878
0.071636,0.029479,0.032744,0.043913,0.13535,-0.41181,0.90009
0.071706,0.029124,0.03248,0.042989,0.13513,-0.40933,0.9013
0.071855,0.028721,0.032201,0.042287,0.13483,-0.40728,0.90231
0.072108,0.028284,0.032078,0.042014,0.1344,-0.40562,0.90313
0.072241,0.028803,0.031849,0.041367,0.13372,-0.40371,0.90412
0.072478,0.028311,0.031365,0.039934,0.13295,-0.40178,0.90515
0.072805,0.027772,0.030722,0.038122,0.13249,-0.39993,0.90612
0.073157,0.027255,0.029941,0.03615,0.13202,-0.39821,0.90702
0.073908,0.026704,0.029008,0.034363,0.13147,-0.3966,0.90788
0.074457,0.025665,0.028098,0.032994,0.13088,-0.39523,0.90861
0.074794,0.025076,0.027103,0.03127,0.13019,-0.39299,0.90974
0.075009,0.02454,0.026066,0.028856,0.12977,-0.38997,0.91118
0.075102,0.023931,0.024911,0.025326,0.12964,-0.38662,0.91273
0.07519,0.023365,0.023849,0.02187,0.12999,-0.38352,0.91408
0.07538,0.022357,0.022959,0.018869,0.1305,-0.38056,0.91531
0.075336,0.02191,0.02213,0.015815,0.13067,-0.37713,0.91676
0.075133,0.021596,0.021322,0.012462,0.13078,-0.37294,0.91851
0.074768,0.021468,0.020411,0.0084539,0.13115,-0.36825,0.92039
0.075498,0.021509,0.019431,0.0044037,0.13173,-0.36354,0.92221
0.075672,0.019496,0.018569,0.0024264,0.13163,-0.36043,0.92345
0.075803,0.019158,0.018047,0.0033588,0.13041,-0.35787,0.92461
0.075618,0.018621,0.017564,0.004617,0.12737,-0.35446,0.92634
0.075383,0.017971,0.016954,0.0052358,0.12395,-0.35034,0.92837
0.075072,0.017275,0.016464,0.0053797,0.12185,-0.34612,0.93023
0.074638,0.016765,0.016049,0.0046049,0.12125,-0.34166,0.93196
0.074108,0.01639,0.015669,0.0024903,0.1218,-0.33631,0.93384
0.07334,0.016321,0.015074,-0.0015231,0.1231,-0.3293,0.93616
0.072616,0.016467,0.014381,-0.0066932,0.12453,-0.32154,0.93865
0.07177,0.016644,0.01382,-0.010369,0.12616,-0.31433,0.94084
0.071389,0.015498,0.013558,-0.011295,0.1271,-0.30777,0.94287
0.070714,0.015391,0.013426,-0.010303,0.12623,-0.30146,0.94503
0.069905,0.015181,0.01328,-0.0086594,0.12364,-0.29488,0.94746
0.069086,0.014761,0.013099,-0.0067674,0.12062,-0.2882,0.94992
0.067074,0.014207,0.013001,-0.0049655,0.11835,-0.28139,0.95225
0.066152,0.013971,0.012821,-0.0041774,0.11669,-0.27476,0.9544
0.06522,0.013838,0.012481,-0.0052108,0.11562,-0.2672,0.95667
0.064119,0.013924,0.012025,-0.0080766,0.11567,-0.25809,0.95914
0.063124,0.014331,0.011432,-0.01206,0.11673,-0.24806,0.96161
0.061923,0.014565,0.011058,-0.014525,0.11825,-0.24014,0.9634
0.061783,0.01506,0.01283,-0.014525,0.11825,-0.24014,0.9634
0.060069,0.016289,0.013667,-0.0096396,0.11827,-0.22776,0.96646
0.059691,0.01592,0.013897,-0.0065117,0.1149,-0.22155,0.96833
0.059299,0.015482,0.013965,-0.0042182,0.11132,-0.21522,0.97019
0.058889,0.015069,0.01397,-0.0027769,0.10936,-0.20887,0.97181
0.059725,0.014384,0.013698,-0.0027769,0.10936,-0.20887,0.97181
0.059321,0.013595,0.013778,-0.0032103,0.10888,-0.20138,0.97344
0.056692,0.013953,0.012612,-0.012375,0.11078,-0.18227,0.97691
0.055897,0.014248,0.011584,-0.020241,0.11335,-0.17011,0.97868
0.055797,0.014762,0.010849,-0.025437,0.1173,-0.16072,0.97967
0.057495,0.01501,0.010586,-0.025437,0.1173,-0.16072,0.97967
0.057106,0.015239,0.010239,-0.025315,0.12144,-0.15389,0.98027
0.055604,0.01505,0.01104,-0.019445,0.12016,-0.14011,0.98263
0.055354,0.014603,0.010931,-0.017764,0.11621,-0.13306,0.98411
0.055071,0.014232,0.0106,-0.017012,0.11363,-0.12611,0.98534
0.05455,0.014033,0.010183,-0.017619,0.11311,-0.11924,0.98624
0.053893,0.013913,0.0095054,-0.020427,0.11392,-0.11091,0.98707
0.053413,0.014146,0.0087342,-0.02498,0.11512,-0.10146,0.98784
0.05335,0.014627,0.0081472,-0.028695,0.11652,-0.0921,0.98849
0.053454,0.015165,0.0077583,-0.02981,0.11792,-0.084112,0.98901
0.054707,0.015368,0.0073774,-0.02981,0.11792,-0.084112,0.98901
0.054695,0.014298,0.0074589,-0.028811,0.11867,-0.077485,0.98949
0.054436,0.013784,0.0077402,-0.027364,0.11799,-0.070659,0.99012
0.054093,0.013386,0.0079934,-0.026306,0.11649,-0.063908,0.99078
0.053932,0.013246,0.0080603,-0.0259,0.11535,-0.057541,0.99132
0.053759,0.013559,0.008001,-0.026508,0.11499,-0.051367,0.99168
0.054061,0.013017,0.0076542,-0.028702,0.11504,-0.044835,0.99193
0.054069,0.0138,0.0070025,-0.032476,0.11505,-0.037101,0.99214
0.054047,0.014448,0.0062686,-0.035941,0.11508,-0.029383,0.99227
0.053698,0.014732,0.0060391,-0.036704,0.11559,-0.022751,0.99236
0.053539,0.014494,0.006408,-0.035232,0.11621,-0.016869,0.99246
0.053389,0.013515,0.0070561,-0.033031,0.11575,-0.011011,0.99267
0.053202,0.012903,0.0076727,-0.031188,0.11417,-0.0051037,0.99296
0.052913,0.012505,0.0081938,-0.029726,0.11254,0.00072457,0.9932
0.052092,0.01236,0.0085648,-0.028802,0.11159,0.0068375,0.99331
0.051888,0.012577,0.0089205,-0.028836,0.11134,0.013589,0.99327
0.051715,0.013098,0.0090787,-0.030231,0.11139,0.021099,0.99309
0.051451,0.013626,0.008887,-0.032693,0.11102,0.029407,0.99284
0.051026,0.013987,0.0086288,-0.034528,0.11057,0.037507,0.99256
0.050449,0.013878,0.0087715,-0.034944,0.11021,0.045259,0.99226
0.049709,0.013427,0.0094422,-0.034354,0.10953,0.052395,0.99201
0.049027,0.012923,0.010304,-0.033372,0.10808,0.058447,0.99186
0.048549,0.01255,0.011011,-0.032385,0.10591,0.063385,0.99183
0.048261,0.012476,0.01136,-0.031685,0.10336,0.068108,0.9918
0.048073,0.012677,0.011425,-0.031611,0.10096,0.073085,0.9917
0.047845,0.013092,0.011291,-0.032491,0.099013,0.078645,0.99144
0.047683,0.013489,0.010864,-0.034386,0.097347,0.084476,0.99106
0.047342,0.013617,0.010269,-0.037442,0.096084,0.090782,0.99052
0.047147,0.013481,0.009694,-0.040569,0.095562,0.095989,0.98995
0.046954,0.012979,0.0093143,-0.042251,0.095227,0.099985,0.98952
0.046798,0.01234,0.0090737,-0.042415,0.093736,0.10385,0.98926
0.046484,0.011703,0.0088079,-0.042047,0.090913,0.10849,0.98904
0.046364,0.011413,0.008437,-0.041148,0.087121,0.11187,0.98904
0.046184,0.01133,0.0079283,-0.040207,0.083452,0.11531,0.989
0.046229,0.011425,0.0072082,-0.039906,0.080945,0.11874,0.98882
0.046075,0.011426,0.006595,-0.039991,0.079337,0.12222,0.98852
0.045956,0.011123,0.0062273,-0.040256,0.078309,0.12532,0.9882
0.045728,0.010776,0.0059956,-0.040321,0.07704,0.12808,0.98794
0.045441,0.010344,0.0059474,-0.039967,0.07566,0.13047,0.98775
0.045276,0.010018,0.0059649,-0.038903,0.074619,0.13217,0.98765
0.045229,0.009842,0.0060866,-0.037128,0.074089,0.13318,0.98762
0.045249,0.0098841,0.0061361,-0.035066,0.073491,0.13385,0.98765
0.045358,0.0099148,0.006062,-0.033422,0.07256,0.1343,0.98771
0.045617,0.010031,0.0057429,-0.032681,0.071161,0.13466,0.98779
0.045991,0.010212,0.0052131,-0.032675,0.069721,0.13498,0.98785
0.046259,0.010343,0.0048163,-0.033008,0.068628,0.13526,0.98788
0.046441,0.010344,0.0045905,-0.033242,0.068058,0.13543,0.98789
0.046606,0.010318,0.0046869,-0.032974,0.067979,0.13532,0.98792
0.046762,0.010359,0.0048857,-0.032169,0.067996,0.135,0.98799
0.046895,0.010478,0.005064,-0.031101,0.06784,0.13466,0.98808
0.047144,0.010702,0.0052142,-0.029953,0.067597,0.13435,0.98817
0.047645,0.010922,0.0052045,-0.029066,0.067252,0.13355,0.98833
0.048028,0.011216,0.0050854,-0.028613,0.06675,0.13326,0.98842
0.048457,0.011418,0.004847,-0.0285,0.066166,0.13291,0.98851
0.049053,0.011499,0.0046205,-0.028649,0.065495,0.13256,0.98859
0.049326,0.011434,0.004493,-0.028808,0.064989,0.13235,0.98865
0.049725,0.010656,0.004519,-0.028627,0.064824,0.13223,0.98868
0.049945,0.010561,0.0045673,-0.028268,0.064917,0.13209,0.98871
0.050234,0.010545,0.0045061,-0.027788,0.064876,0.13205,0.98873
0.050524,0.010535,0.0044012,-0.02696,0.064747,0.13199,0.98877
0.050873,0.010509,0.0042856,-0.025778,0.064625,0.13183,0.98883
0.051317,0.0094529,0.0042254,-0.02456,0.064383,0.13227,0.98882
0.051653,0.0092534,0.0040368,-0.023791,0.064017,0.13185,0.98891
0.051985,0.0089793,0.003774,-0.023843,0.063612,0.13139,0.989
0.052754,0.0088346,0.0033873,-0.024543,0.063336,0.13092,0.98906
0.052955,0.0086133,0.0029766,-0.025461,0.063189,0.13049,0.98911
0.053056,0.0086465,0.0025846,-0.026253,0.063253,0.13012,0.98913
0.053101,0.0084805,0.0022766,-0.026661,0.063529,0.12983,0.98914
0.053122,0.008344,0.002018,-0.026765,0.063761,0.12953,0.98916
0.053024,0.0082095,0.0017791,-0.026616,0.063986,0.12934,0.98918
0.053012,0.0081378,0.0015064,-0.02639,0.064207,0.12924,0.98918
0.052964,0.0080861,0.0012844,-0.026375,0.064388,0.12908,0.98919
0.052852,0.0080217,0.001084,-0.026633,0.064563,0.12905,0.98918
0.052831,0.0079707,0.00087601,-0.027091,0.064704,0.12885,0.98918
0.05275,0.0079199,0.0007631,-0.027582,0.064637,0.1285,0.98922
0.052683,0.0079258,0.00063586,-0.028066,0.064575,0.12807,0.98926
0.052413,0.00831,0.00064512,-0.028485,0.064757,0.12791,0.98926
0.052293,0.0083329,0.00075019,-0.028681,0.065157,0.12769,0.98926
0.052201,0.0084143,0.00090637,-0.028747,0.065686,0.12749,0.98925
0.052167,0.0085556,0.0010097,-0.028685,0.06617,0.1273,0.98924
0.052193,0.0086973,0.001137,-0.028487,0.06653,0.12703,0.98926
0.051933,0.0097364,0.0012888,-0.028163,0.066756,0.12681,0.98928
0.05194,0.0099145,0.0014314,-0.027622,0.067028,0.12656,0.98931
0.05193,0.010088,0.0016106,-0.026983,0.067132,0.12619,0.98936
0.051997,0.010235,0.00185,-0.02626,0.067238,0.12582,0.98942
0.051986,0.010372,0.0021703,-0.025618,0.067346,0.12541,0.98949
0.052123,0.011133,0.0024335,-0.025011,0.067556,0.12387,0.98968
0.052185,0.011398,0.0026763,-0.024639,0.067832,0.12356,0.98971
0.052256,0.011612,0.0028994,-0.0244,0.068317,0.12335,0.98971
0.052341,0.01187,0.0030737,-0.024258,0.068968,0.12326,0.98968
0.05244,0.012008,0.0032925,-0.024026,0.069621,0.12314,0.98965
0.05249,0.012424,0.0034431,-0.023724,0.070163,0.12266,0.98968
0.052604,0.012502,0.0035573,-0.023349,0.070523,0.12237,0.9897
0.052764,0.012566,0.0035689,-0.023142,0.070545,0.12195,0.98976
0.052893,0.012634,0.0034957,-0.023067,0.070609,0.12157,0.9898
0.053086,0.012635,0.0033085,-0.023037,0.070626,0.12123,0.98984
0.053168,0.012639,0.0031807,-0.02314,0.07103,0.12094,0.98985
0.053231,0.01261,0.0030483,-0.023249,0.071516,0.12073,0.98983
0.053223,0.012551,0.0029441,-0.023324,0.071867,0.1206,0.98982
0.053203,0.012506,0.0028275,-0.023487,0.072303,0.12052,0.9898
0.053141,0.012456,0.0026373,-0.02374,0.072909,0.12048,0.98975
0.053059,0.012399,0.0024095,-0.023995,0.073512,0.12049,0.9897
0.05295,0.012334,0.0021523,-0.024167,0.073599,0.12048,0.98969
0.05292,0.012283,0.0018339,-0.024339,0.0736,0.12046,0.98969
0.052895,0.012229,0.0015401,-0.024515,0.0736,0.12048,0.98968
0.052845,0.012071,0.0012247,-0.024604,0.073511,0.12052,0.98968
0.05278,0.011883,0.00097964,-0.024605,0.073425,0.12052,0.98969
0.052654,0.011643,0.00082571,-0.02457,0.073292,0.1206,0.98969
0.052531,0.0114,0.00062393,-0.024706,0.073245,0.12067,0.98968
0.052318,0.011172,0.00050096,-0.024708,0.073414,0.12073,0.98966
0.052199,0.011071,0.00042782,-0.024583,0.073627,0.12078,0.98964
0.052234,0.010558,0.00029975,-0.02441,0.073798,0.12081,0.98963
0.052144,0.010534,0.00017674,-0.024325,0.073797,0.12081,0.98963
0.052075,0.010448,4.5669e-06,-0.024368,0.073582,0.1208,0.98965
0.052293,0.010398,-0.00026738,-0.024584,0.073369,0.12077,0.98966
0.052327,0.010289,-0.00035416,-0.024936,0.073281,0.12082,0.98965
0.05225,0.0096529,-0.00067527,-0.025332,0.073319,0.12092,0.98963
0.052231,0.0095267,-0.00068547,-0.025597,0.073488,0.121,0.9896
0.052082,0.0094003,-0.00082557,-0.025776,0.07357,0.12107,0.98958
0.052151,0.0094066,-0.00089309,-0.025819,0.073613,0.12107,0.98957
0.052177,0.0094206,-0.00086018,-0.025594,0.07349,0.12095,0.9896
0.052229,0.0094306,-0.0009193,-0.0254,0.073417,0.1207,0.98964
0.052289,0.0094664,-0.0010061,-0.02529,0.073346,0.12041,0.98969
0.052287,0.0094424,-0.001018,-0.025269,0.073102,0.12014,0.98974
0.052286,0.009405,-0.0011066,-0.025169,0.072766,0.11996,0.98979
0.052448,0.0093472,-0.0012269,-0.025203,0.072473,0.11981,0.98983
0.052416,0.0094024,-0.0012123,-0.025282,0.072306,0.11971,0.98985
0.05242,0.0093488,-0.0011904,-0.025283,0.072134,0.11971,0.98986
0.052407,0.0094062,-0.0010783,-0.025154,0.072005,0.11971,0.98987
0.052676,0.0094687,-0.0010596,-0.02494,0.071874,0.11973,0.98989
0.052728,0.0095352,-0.0011106,-0.024855,0.071702,0.11972,0.9899
0.052857,0.0095964,-0.0011774,-0.024805,0.071491,0.11963,0.98993
0.05294,0.0096468,-0.0012123,-0.024619,0.071327,0.11947,0.98997
0.053108,0.0096435,-0.0012874,-0.024383,0.071124,0.11923,0.99002
0.053246,0.0095939,-0.001302,-0.024141,0.070841,0.11888,0.99008
0.053532,0.009595,-0.0014096,-0.024106,0.070519,0.11844,0.99016
0.053734,0.0096497,-0.0015228,-0.024054,0.070296,0.11778,0.99026
0.053909,0.0096599,-0.0016598,-0.023982,0.070099,0.11744,0.99031
0.054087,0.0097112,-0.0018211,-0.02395,0.070033,0.11705,0.99036
0.054258,0.0097077,-0.0019751,-0.023976,0.069916,0.11682,0.9904
0.055823,0.0099414,-0.0020814,-0.024083,0.069801,0.11655,0.99044
0.055968,0.010248,-0.0022523,-0.024258,0.069785,0.11606,0.99049
0.056081,0.010252,-0.0023705,-0.024549,0.069751,0.1159,0.9905
0.056266,0.010294,-0.0025096,-0.024789,0.06985,0.11566,0.99052
0.056392,0.01029,-0.002616,-0.025067,0.069908,0.11539,0.99054
0.056565,0.010289,-0.0027508,-0.025383,0.069929,0.11501,0.99058
0.056741,0.010358,-0.002892,-0.025677,0.069963,0.11437,0.99064
0.056958,0.01043,-0.0030315,-0.025834,0.070044,0.11367,0.99071
0.057142,0.010474,-0.0031535,-0.025866,0.070078,0.11302,0.99078
0.057424,0.010558,-0.0033515,-0.025862,0.070065,0.11246,0.99085
0.057701,0.010657,-0.0035134,-0.02583,0.069999,0.11207,0.9909
0.058019,0.010102,-0.0036405,-0.025812,0.070011,0.11185,0.99092
0.058217,0.010119,-0.0038196,-0.025801,0.070104,0.11172,0.99093
0.058285,0.010097,-0.0038763,-0.025844,0.070147,0.11172,0.99092
0.05833,0.010041,-0.0039288,-0.026023,0.070144,0.11179,0.99091
0.057892,0.0099225,-0.0039013,-0.026198,0.070228,0.11183,0.9909
0.05793,0.0099693,-0.0038866,-0.026241,0.070271,0.11183,0.99089
0.057933,0.0099539,-0.0038129,-0.026019,0.070059,0.11175,0.99092
0.058005,0.010033,-0.0037733,-0.025573,0.06981,0.11156,0.99097
0.058044,0.010092,-0.0037015,-0.025071,0.069524,0.11125,0.99104
NaN,NaN,NaN,NaN,NaN,NaN,NaN
